suburb,tier,latitude,longitude,distance_to_cbd_km,bedrooms,bathrooms,size_sqm,plot_size_sqm,house_age,has_pool,has_borehole,has_solar,walled,price_usd
Hatfield,middle,-17.87439569826236,31.08729342822282,6.58,1,1,192,779,22,0,0,0,1,94682.25
Avondale,upper-mid,-17.794408548117055,31.02583202058465,4.55,7,6,204,992,45,0,1,1,1,384563.79
Mufakose,township,-17.91310162849604,30.962502322624925,12.63,2,1,98,330,23,0,0,0,1,34656.33
Belvedere,middle,-17.855660667093932,31.025612799350746,3.42,4,3,233,1277,26,0,1,0,1,201780.13
Glen Lorne,premium,-17.748814283258778,31.18185304054412,17.13,4,4,313,1440,30,1,1,1,0,629897.37
Budiriro,township,-17.9317399029692,30.94040041312312,15.75,2,1,42,248,23,0,0,0,1,27594.26
Hatfield,middle,-17.871330252725915,31.091697963116275,6.67,7,6,171,492,22,0,0,0,1,201575.26
Mabelreign,middle,-17.80889745287068,30.997527115589193,5.59,5,5,217,577,29,0,0,0,1,147741.18
Mt Pleasant,premium,-17.77828606828538,31.021173230938523,6.38,4,4,216,544,40,1,1,1,1,414105.28
Avondale,upper-mid,-17.786466351303638,31.026116244231968,5.34,6,6,331,1456,33,1,1,1,1,382673.13
Greendale,upper-mid,-17.78714780973918,31.1261441861895,9.88,2,2,152,503,0,0,0,1,1,338060.86
Glen View,township,-17.925921971759195,30.97209600304145,13.07,1,1,93,617,19,0,0,0,1,31019.1
Belvedere,middle,-17.8467928163604,31.01511807396117,3.62,4,4,170,774,19,0,0,0,1,195645.66
Mabelreign,middle,-17.809720165642354,31.004239258131502,4.92,1,1,149,525,17,0,0,1,1,93369.29
Avondale,upper-mid,-17.781878508036964,31.03152334749561,5.65,1,1,291,869,32,1,1,0,1,277020.92
Highlands,upper-mid,-17.78583057873188,31.06932236091103,5.64,4,4,262,989,17,1,1,1,1,513031.99
Marlborough,middle,-17.780799416248406,30.946461010684157,11.83,3,2,209,1098,25,0,0,1,1,223033.45
Glen Lorne,premium,-17.7449477842973,31.173164430579828,16.6,3,3,311,1404,17,1,1,1,1,581028.14
Mabelreign,middle,-17.80365895514326,30.99619693523495,5.99,5,4,180,547,25,0,1,0,1,177371.87
Avonlea,middle,-17.76929284944895,30.98547412471628,9.32,5,4,148,320,8,0,1,0,1,237325.65
Hatfield,middle,-17.872663809583038,31.08665477437913,6.4,3,3,176,864,19,0,0,0,1,146012.99
Greendale,upper-mid,-17.78771919638435,31.13706303950318,10.87,1,1,320,1634,17,0,1,0,1,271373.31
Budiriro,township,-17.940939802815098,30.93265167278965,17.05,5,4,67,295,10,0,0,0,1,41491.93
Glen View,township,-17.924584657812826,30.97196031058292,12.96,6,6,112,625,44,0,0,0,1,51148.72
Hatfield,middle,-17.87074244373923,31.094244332680177,6.83,2,2,148,915,17,0,0,0,1,140143.41
Ballantyne Park,premium,-17.753161861537496,31.087391645502198,9.75,2,1,430,1340,22,1,1,1,1,393032.63
Avondale,upper-mid,-17.790419906738737,31.022464416071827,5.1,3,3,129,788,12,1,1,1,1,387019.72
Borrowdale,premium,-17.74610342793093,31.101914355676858,11.2,3,3,270,1717,31,0,1,1,1,688125.41
Ballantyne Park,premium,-17.759590308757126,31.087309204296965,9.12,8,6,293,1446,36,1,1,0,1,586892.96
Belvedere,middle,-17.850105719818963,31.02536266682355,2.97,4,4,214,1496,9,0,1,0,1,227507.47
Hatfield,middle,-17.86776480859143,31.091938128857574,6.43,2,2,197,1074,30,0,1,0,1,127443.23
Budiriro,township,-17.9480729763432,30.939598008030472,17.14,2,2,74,238,13,0,0,0,1,35919.52
Vainona,upper-mid,-17.776527734004596,31.070319994354577,6.62,3,2,256,1115,23,0,1,1,1,417323.86
Greendale,upper-mid,-17.786999195500215,31.131535541812912,10.39,2,2,255,1036,16,0,1,0,1,315689.52
Avondale,upper-mid,-17.78848256432133,31.03763766032379,4.79,1,1,334,1042,39,0,1,1,1,240814.73
Ballantyne Park,premium,-17.757516980717437,31.082187242174307,9.07,5,5,465,1095,33,0,1,1,1,564356.06
Mt Pleasant,premium,-17.77485131902997,31.017324852728457,6.9,4,4,443,3119,5,1,1,0,1,586072.25
Avondale,upper-mid,-17.789604338084946,31.0350319523881,4.72,2,2,408,1117,8,0,1,1,1,349213.79
Highlands,upper-mid,-17.79002307018473,31.063350544887797,4.95,6,5,307,1510,41,0,0,0,1,497430.22
Belvedere,middle,-17.847503227543132,31.024496155359056,2.84,5,4,205,975,24,0,1,0,1,201908.27
Avondale,upper-mid,-17.78892325684469,31.024694039053323,5.15,1,1,202,1202,13,0,1,1,1,304687.13
Mabelreign,middle,-17.812815517364196,30.995070625125038,5.66,1,1,147,678,13,0,0,0,1,109982.43
Belvedere,middle,-17.853074183159166,31.017534878723087,3.8,3,3,79,265,22,0,0,0,1,170576.06
Vainona,upper-mid,-17.786164291986008,31.076900231680533,6.02,4,3,233,1024,27,1,0,0,1,393802.51
Mabelreign,middle,-17.80913215270554,30.99886161185407,5.46,7,6,178,698,21,0,0,1,1,215987.72
Mabelreign,middle,-17.803142741280062,31.004936615470136,5.25,1,1,195,681,26,0,1,0,1,107508.61
Greendale,upper-mid,-17.792316779938098,31.123283577739446,9.34,3,3,365,3187,5,0,0,0,1,373573.97
Vainona,upper-mid,-17.77751520976219,31.085623979825854,7.34,3,3,254,1424,25,1,0,1,1,369171.36
Belvedere,middle,-17.846867453858913,31.01906300389548,3.26,4,3,135,688,11,0,0,1,1,202165.45
Mt Pleasant,premium,-17.77848613224283,31.019560204745094,6.43,3,2,246,1150,11,0,0,0,1,413482.92
Highlands,upper-mid,-17.7904108557867,31.070157870611407,5.24,2,2,290,2552,34,0,0,0,1,349660.08
Borrowdale,premium,-17.732327342421485,31.090020462069404,11.96,4,4,496,417,24,0,1,1,1,790432.71
Mabelreign,middle,-17.80548167658309,30.99006062085199,6.47,7,6,111,414,16,0,0,0,1,178981.61
Belvedere,middle,-17.848855220229783,31.025010159966552,2.9,4,4,175,958,20,0,0,1,1,203289.61
Belvedere,middle,-17.849073812698887,31.02424835126224,2.98,4,4,156,1223,27,0,0,1,1,211718.78
Mabelreign,middle,-17.807364357662074,31.011005515693775,4.46,3,3,191,841,27,0,1,0,1,138616.9
Avondale,upper-mid,-17.789333059321464,31.026015211733593,5.05,3,2,316,200,14,0,0,0,1,291990.76
Avonlea,middle,-17.757280542044704,30.99075673466828,10.01,4,4,188,457,36,0,0,0,1,229158.23
Mt Pleasant,premium,-17.787126929996404,31.025672662243487,5.29,2,2,428,2866,0,1,1,1,1,563905.15
Mt Pleasant,premium,-17.775531576754176,31.0257424764929,6.5,1,1,281,1505,23,1,1,0,1,432744.92
Belvedere,middle,-17.851389724681948,31.02066259692914,3.43,4,3,158,1181,50,0,0,0,1,141594.03
Avondale,upper-mid,-17.791113270238846,31.022312785254368,5.04,1,1,183,772,41,1,1,0,1,231013.56
Avonlea,middle,-17.769887400359103,30.987787367672304,9.1,2,2,230,807,10,0,1,0,1,242369.56
Hatfield,middle,-17.87124362668829,31.08811382162952,6.39,1,1,136,649,42,0,0,0,1,81508.18
Belvedere,middle,-17.848909789508117,31.018654847578695,3.43,2,2,199,1096,0,0,1,0,1,176262.69
Marlborough,middle,-17.78443768412176,30.951043209532433,11.21,5,5,189,714,13,0,0,0,1,306167.24
Marlborough,middle,-17.776151341827415,30.957230520549714,11.11,3,2,205,1013,16,0,0,0,1,246458.82
Vainona,upper-mid,-17.77517783774208,31.074815030476703,6.96,7,6,291,1189,20,1,1,1,1,616408.64
Borrowdale,premium,-17.735367109324816,31.105660256836053,12.42,4,3,327,1609,17,1,1,1,1,768352.52
Avondale,upper-mid,-17.789897302185366,31.02891653372972,4.88,2,1,297,2230,16,0,0,0,1,314515.75
Highlands,upper-mid,-17.790958855114123,31.070263060379556,5.19,2,2,203,1233,18,0,1,0,1,363349.7
Greendale,upper-mid,-17.79117660973938,31.12878751603961,9.91,2,2,370,3354,18,1,0,1,1,377292.13
Mabelreign,middle,-17.810976491087008,30.999899527258123,5.27,2,2,108,351,0,0,1,0,1,113365.53
Highlands,upper-mid,-17.786626620432298,31.065557076876214,5.39,3,2,328,3218,25,0,1,1,1,377200.15
Glen Lorne,premium,-17.740033450948406,31.177953748466948,17.33,2,1,233,1722,18,1,1,0,1,456917.39
Vainona,upper-mid,-17.78020222814342,31.08652296042839,7.16,3,3,260,1145,37,0,1,1,1,370270.21
Vainona,upper-mid,-17.780645410817478,31.077592799885547,6.58,3,3,271,1153,2,0,1,1,1,439640.77
Belvedere,middle,-17.850213371848987,31.02432021813037,3.06,4,4,207,200,0,1,0,1,0,204302.1
Marlborough,middle,-17.77589627147368,30.94244388656752,12.47,6,5,227,1078,12,0,1,0,1,362559.85
Mabelreign,middle,-17.808440773117844,30.998491596119347,5.53,4,4,151,686,3,0,0,0,1,152108.4
Belvedere,middle,-17.846677505809843,31.019208504132752,3.24,5,5,147,646,7,1,1,0,1,241892.7
Greendale,upper-mid,-17.78800390959713,31.138214240844263,10.97,3,3,282,1682,4,0,1,1,1,494883.88
Mabelreign,middle,-17.81357708801661,31.010259063779696,4.16,3,3,114,431,29,0,0,0,1,105500.07
Ballantyne Park,premium,-17.76134015609094,31.077405773433593,8.47,5,5,401,2616,13,0,1,0,1,687342.84
Borrowdale,premium,-17.734779958044612,31.096394689426006,12.0,1,1,335,1567,37,1,1,0,1,534702.26
Glen Lorne,premium,-17.740993163119942,31.18472161176059,17.86,4,4,336,1535,17,1,1,1,1,674670.37
Hatfield,middle,-17.870081982248692,31.084706813660233,6.05,7,6,86,412,0,0,1,0,1,202078.14
Avondale,upper-mid,-17.79471988672645,31.02897820281732,4.38,4,4,374,3044,12,0,1,0,1,422517.44
Ballantyne Park,premium,-17.770667669912132,31.079666056605856,7.65,4,4,547,3823,24,1,0,1,1,574638.49
Marlborough,middle,-17.776617298526187,30.940293429397013,12.63,7,6,162,1055,17,0,0,0,1,304864.9
Ballantyne Park,premium,-17.75945320318669,31.087452208070502,9.14,3,2,285,1487,32,0,1,0,1,416870.17
Belvedere,middle,-17.84602446158609,31.02104332949482,3.04,6,6,214,977,29,0,0,0,0,206605.01
Avondale,upper-mid,-17.790504948029092,31.03005143363669,4.77,4,3,316,1532,13,0,1,1,1,415222.4
Greendale,upper-mid,-17.784978470156368,31.125734550013824,9.96,1,1,227,1752,16,0,1,0,1,322401.78
Vainona,upper-mid,-17.78464114858384,31.08006172728713,6.35,3,2,187,659,6,1,1,0,1,401846.6
Avonlea,middle,-17.778113877675327,30.99268408728299,8.08,4,4,319,1536,26,0,0,0,1,230163.03
Greendale,upper-mid,-17.785068785242924,31.12522058705986,9.91,2,2,264,980,6,0,1,0,1,339391.67
Glen Lorne,premium,-17.738717825597124,31.176412497888858,17.29,6,5,338,1142,2,1,1,1,1,788117.29
Mt Pleasant,premium,-17.77295639045549,31.029742132770505,6.65,6,6,354,1487,18,1,1,0,1,641908.78
Kambuzuma,township,-17.860993692831883,30.95108137555953,10.49,5,4,53,200,27,0,1,0,0,49182.93
Glen View,township,-17.927434268061067,30.970044659365552,13.34,3,3,98,369,28,0,1,0,0,43977.71
Belvedere,middle,-17.851034771916968,31.02017353033571,3.45,2,1,156,698,39,0,1,1,1,126487.16
Highlands,upper-mid,-17.789426795325408,31.061129516513578,4.93,2,2,304,1667,5,1,1,0,1,410481.91
Budiriro,township,-17.93831419703778,30.93964859038993,16.33,3,2,58,323,4,0,0,0,1,40935.1
Hatfield,middle,-17.875526316694117,31.089093900868473,6.8,5,5,217,943,16,0,0,0,1,208991.39
Hatfield,middle,-17.870381391353984,31.089820106519042,6.46,3,2,208,206,6,0,0,0,1,134448.97
Avondale,upper-mid,-17.789211586996515,31.02898615322168,4.95,2,1,360,1983,37,0,1,1,1,272919.97
Vainona,upper-mid,-17.773113692330814,31.088109620639774,7.89,4,3,259,1118,19,0,1,1,1,444019.63
Glen Lorne,premium,-17.739844670430756,31.184849488468277,17.94,4,3,335,2054,28,0,1,1,1,523138.84
Glen View,township,-17.930190868072682,30.959472303608955,14.27,5,4,77,356,19,0,0,0,0,49226.4
Avondale,upper-mid,-17.794378785548123,31.029784298279655,4.38,4,3,267,544,53,0,1,0,1,268471.1
Highlands,upper-mid,-17.79259091057231,31.071989922787814,5.14,5,4,217,861,24,0,0,0,1,441907.32
Vainona,upper-mid,-17.779161282763635,31.085496758711436,7.18,2,1,319,1774,33,1,1,0,1,301767.11
Avonlea,middle,-17.77093714280931,30.988408967639337,8.97,3,2,109,651,19,0,0,0,1,179895.25
Ballantyne Park,premium,-17.761033281429086,31.079369622318147,8.59,2,2,300,1529,19,1,1,0,1,434480.54
Mufakose,township,-17.90531973438312,30.954944981031428,12.61,3,3,81,254,14,0,1,0,0,52962.65
Hatfield,middle,-17.87779615427567,31.087766012969304,6.9,3,3,187,1051,20,1,1,1,1,157730.39
Hatfield,middle,-17.87209673162502,31.088823100035935,6.51,4,3,173,603,28,0,0,0,1,134284.47
Avondale,upper-mid,-17.799999722896327,31.024591501411585,4.07,1,1,256,1304,19,0,1,0,1,279322.38
Avonlea,middle,-17.768430004251993,30.986462383519978,9.32,3,2,174,1003,15,0,0,0,1,207750.6
Avonlea,middle,-17.769204917290043,30.99374001131368,8.76,2,2,211,1229,20,0,1,0,1,224162.2
Belvedere,middle,-17.851897658381464,31.01581483173388,3.87,2,2,130,732,32,0,0,0,1,130782.24
Glen Lorne,premium,-17.74787578812748,31.178676141145477,16.9,8,6,322,2002,15,0,1,0,1,679151.96
Avondale,upper-mid,-17.791595859101307,31.028658834002336,4.71,2,2,148,921,17,0,0,1,1,240719.86
Borrowdale,premium,-17.74115733995301,31.097671259957973,11.44,4,4,330,2120,14,1,1,0,1,705572.62
Marlborough,middle,-17.77926297911038,30.946089610631656,11.95,4,3,135,442,33,0,1,1,1,255351.75
Vainona,upper-mid,-17.780854349831532,31.089156501602886,7.28,5,4,147,937,12,0,1,0,1,482746.06
Mt Pleasant,premium,-17.777899711836554,31.02164951440797,6.4,5,4,332,1989,19,0,0,1,1,604852.93
Mt Pleasant,premium,-17.776464860154952,31.01806094657313,6.7,2,1,332,2348,41,0,1,1,1,363405.54
Avonlea,middle,-17.774671007670392,30.995411715272176,8.17,4,4,145,704,38,0,1,0,0,191581.18
Ballantyne Park,premium,-17.762491283346094,31.083722043668487,8.65,3,2,326,1803,24,0,1,1,1,424225.89
Glen View,township,-17.927553682539916,30.973355062136054,13.14,4,3,79,524,20,0,0,0,1,46815.99
Avonlea,middle,-17.769463982095328,30.986918214733674,9.2,8,6,174,607,31,1,0,1,1,311978.94
Greendale,upper-mid,-17.78446745944055,31.12948245675785,10.33,2,1,375,1430,27,0,1,0,1,350884.99
Avonlea,middle,-17.762450636214975,30.989912358758588,9.6,1,1,121,528,39,0,1,1,1,169964.77
Borrowdale,premium,-17.739694772756604,31.098554178007948,11.63,1,1,403,1660,2,1,0,1,1,585297.36
Kambuzuma,township,-17.86484926971317,30.96379878486509,9.38,1,1,70,298,17,0,0,0,1,32910.99
Avondale,upper-mid,-17.79412206200955,31.029818269381668,4.4,5,4,324,1109,15,1,0,0,0,417835.31
Mabelreign,middle,-17.81293247332513,31.002331125613257,4.94,4,4,142,871,28,0,0,0,1,133683.02
Glen Lorne,premium,-17.74633102679332,31.173478838672033,16.54,1,1,486,1392,32,1,1,1,1,440414.38
Avondale,upper-mid,-17.789179075633186,31.02299274426138,5.2,7,6,312,1614,13,0,1,1,1,497244.11
Marlborough,middle,-17.77446991743037,30.953833871461313,11.52,3,3,256,1990,15,0,1,0,1,302467.09
Kambuzuma,township,-17.860881898330344,30.962277902186685,9.36,1,1,122,664,33,0,0,0,1,33999.43
Avonlea,middle,-17.77746824072358,30.992802288874792,8.12,3,2,203,1614,5,0,1,0,0,227833.36
Avondale,upper-mid,-17.794852135223394,31.0273609542682,4.43,5,5,281,1288,2,0,0,1,1,437423.53
Highlands,upper-mid,-17.796420532805833,31.062101406514028,4.25,2,2,238,1127,15,0,1,0,1,339140.85
Vainona,upper-mid,-17.77962195402653,31.080620076593025,6.85,2,1,338,1385,35,1,1,0,1,369350.49
Marlborough,middle,-17.779686119687295,30.947971786837435,11.75,2,1,159,505,4,0,1,1,1,219245.91
Avondale,upper-mid,-17.78943561847135,31.032857246127584,4.8,3,3,307,1661,30,0,1,0,1,309644.3
Borrowdale,premium,-17.73575563896959,31.09655760544567,11.91,6,6,416,1922,31,0,1,1,1,840214.83
Mabelreign,middle,-17.811335539303972,30.995438409377233,5.68,2,1,195,1334,18,0,0,1,1,110690.06
Glen View,township,-17.936739451342035,30.97415915726048,13.94,3,2,77,423,24,0,0,0,1,39473.53
Mt Pleasant,premium,-17.780549787971573,31.022092246844924,6.11,2,2,391,2296,22,0,1,1,0,426393.52
Marlborough,middle,-17.785637477550235,30.95303646112493,10.96,5,5,187,473,13,0,1,0,1,290264.77
Mt Pleasant,premium,-17.769969100857974,31.01614637424251,7.44,3,2,309,3071,17,1,0,0,1,489087.73
Belvedere,middle,-17.851777778095173,31.02305677210129,3.28,5,5,234,1217,18,0,0,0,1,232748.77
Vainona,upper-mid,-17.77734755047574,31.08083576643792,7.07,1,1,171,1314,14,0,0,0,1,292463.55
Belvedere,middle,-17.849704812072925,31.019048885408385,3.45,4,4,195,845,9,0,0,0,1,187183.25
Hatfield,middle,-17.872795665349628,31.096277038552433,7.15,2,2,154,726,26,0,1,0,1,132123.82
Hatfield,middle,-17.872773216908804,31.090199158841116,6.67,1,1,166,549,8,0,0,0,1,108383.12
Mt Pleasant,premium,-17.777397042289373,31.019672267291085,6.54,1,1,411,1942,26,0,1,1,1,358265.04
Glen View,township,-17.932711078802914,30.97190467473424,13.7,2,1,116,869,33,0,0,0,0,33441.58
Highlands,upper-mid,-17.7952497554088,31.072134748053948,4.9,4,4,318,1350,40,0,1,1,1,462970.61
Borrowdale,premium,-17.735474571390984,31.0978987105115,12.01,4,4,409,2303,25,0,1,1,1,650080.94
Marlborough,middle,-17.78235954776279,30.96080970890594,10.43,1,1,168,653,34,0,1,1,1,193040.99
Greendale,upper-mid,-17.792424747790534,31.13525612986863,10.47,3,2,375,1396,17,0,0,0,1,365701.47
Mabelreign,middle,-17.812395305381827,30.99722414137825,5.46,1,1,174,858,11,0,0,0,1,110079.79
Mabelreign,middle,-17.81193292283186,30.999921105398137,5.22,7,6,125,593,28,0,1,0,1,218014.05
Vainona,upper-mid,-17.781460391904044,31.0898644792739,7.27,2,2,249,1744,5,0,0,0,1,304747.91
Kambuzuma,township,-17.85485293598417,30.9582545291833,9.56,3,3,101,599,22,0,0,0,0,44912.66
Vainona,upper-mid,-17.782254900603593,31.077968103926313,6.45,1,1,229,1569,14,0,1,1,1,340944.0
Marlborough,middle,-17.785520970573245,30.945619405841505,11.67,1,1,170,664,3,1,1,0,1,213961.51
Highlands,upper-mid,-17.785637705650505,31.069191871179875,5.66,1,1,305,1617,18,0,1,1,1,281077.78
Kambuzuma,township,-17.857710337669747,30.964537977846547,9.02,2,1,72,361,9,0,0,0,0,29054.81
Ballantyne Park,premium,-17.759036317150176,31.08404892380139,9.01,8,6,277,1189,22,0,1,0,1,589658.95
Borrowdale,premium,-17.735806942494435,31.096402822217417,11.9,3,3,481,3447,21,0,1,1,1,734925.79
Avondale,upper-mid,-17.79445441132646,31.029452595451964,4.38,2,1,330,1754,6,1,1,1,1,378573.13
Budiriro,township,-17.94230007878582,30.936782561454585,16.86,2,2,88,486,21,0,0,1,0,37192.61
Glen View,township,-17.929223583567804,30.971882022857436,13.39,3,2,75,304,13,0,0,0,0,40278.11
Hatfield,middle,-17.86864691110469,31.09232644937699,6.53,8,6,223,1044,13,0,0,0,1,218828.7
Glen View,township,-17.92907804142628,30.966367651977354,13.72,2,2,48,200,23,0,0,0,1,35701.25
Glen View,township,-17.92826242989366,30.962485294563763,13.9,3,2,40,222,14,0,1,0,0,40510.39
Marlborough,middle,-17.785992581537663,30.957761835033313,10.5,2,2,198,1124,8,0,1,0,1,264071.38
Vainona,upper-mid,-17.77880460782225,31.078872639826496,6.82,1,1,309,1763,21,0,1,0,1,351149.65
Hatfield,middle,-17.871911606159095,31.091956568002136,6.74,6,5,198,808,0,0,0,0,1,199573.41
Belvedere,middle,-17.85040894291185,31.01988787845865,3.42,2,2,240,1192,0,0,1,0,1,170703.67
Greendale,upper-mid,-17.782094445052675,31.125215084665808,10.08,2,2,334,1729,7,0,1,0,1,401565.77
Glen Lorne,premium,-17.745028399047637,31.177289073657953,16.96,4,4,427,2027,34,1,1,1,1,660717.43
Hatfield,middle,-17.87102006261064,31.0968662757082,7.07,3,2,213,979,0,0,0,0,1,150607.67
Highlands,upper-mid,-17.79192701858946,31.074800354819608,5.37,2,1,257,1977,15,0,1,0,1,395390.07
Kambuzuma,township,-17.868807874384558,30.966872356079953,9.28,3,2,86,200,13,0,0,0,1,40425.8
Highlands,upper-mid,-17.78639421319866,31.066893016141382,5.47,3,3,203,849,45,0,0,0,1,306726.96
Mt Pleasant,premium,-17.785130178518816,31.01897528866819,5.8,1,1,303,1331,18,1,1,1,1,422379.79
Mabelreign,middle,-17.808973807112583,30.996062978033503,5.73,2,2,191,820,31,0,1,1,1,115787.73
Ballantyne Park,premium,-17.760895928654985,31.067894110713052,8.16,2,1,332,1705,9,0,1,1,1,395782.32
Ballantyne Park,premium,-17.764628514594378,31.086531426932595,8.59,3,2,460,2226,0,0,0,0,1,508727.13
Avonlea,middle,-17.77433711840334,30.98853664353324,8.69,3,2,174,621,19,0,0,0,1,211386.37
Mufakose,township,-17.919874120498285,30.958865766366507,13.44,2,2,109,646,22,0,0,0,1,44607.76
Highlands,upper-mid,-17.789105103366694,31.067291728703005,5.22,2,2,134,696,19,1,1,0,1,384329.63
Vainona,upper-mid,-17.782161833904116,31.078791811914186,6.5,2,2,328,1594,19,1,1,0,1,372223.82
Hatfield,middle,-17.874463735434368,31.100751096072113,7.63,8,6,170,1002,27,0,0,1,1,225180.15
Budiriro,township,-17.940584491645662,30.9331159449953,16.99,3,2,59,371,25,0,0,0,0,26476.93
Marlborough,middle,-17.777404978808466,30.944818693559654,12.17,1,1,201,1424,21,0,0,0,1,177603.13
Mt Pleasant,premium,-17.77539112401339,31.017839802302447,6.82,5,5,546,4468,23,0,1,1,1,617196.58
Borrowdale,premium,-17.73632771346554,31.10497515389192,12.29,6,6,411,2298,22,0,1,0,1,748934.88
Highlands,upper-mid,-17.79409690108439,31.06819836206287,4.78,5,4,180,886,19,0,1,1,1,479439.16
Mt Pleasant,premium,-17.783250987844184,31.02379525282761,5.76,1,1,307,1927,6,0,0,1,1,420859.15
Belvedere,middle,-17.850016715173652,31.017601595116478,3.59,2,2,162,664,29,1,1,0,1,170854.05
Mt Pleasant,premium,-17.78208534332881,31.016285396160455,6.23,4,3,426,2497,0,1,1,1,1,643088.67
Marlborough,middle,-17.77092154972286,30.949899914849844,12.08,3,3,230,863,10,0,0,1,1,275128.56
Belvedere,middle,-17.852914457450158,31.025450830168452,3.2,5,5,146,611,18,0,1,0,1,237968.7
Avonlea,middle,-17.775711334531653,30.998220181576823,7.89,2,2,178,974,24,0,0,0,0,209910.9
Highlands,upper-mid,-17.794370143935087,31.077135247291196,5.31,2,1,199,940,25,1,1,0,1,379418.79
Mabelreign,middle,-17.812446383233514,31.003820480196758,4.82,5,5,202,686,19,0,0,1,0,201066.11
Hatfield,middle,-17.875637332981864,31.08707631961383,6.67,4,3,157,1265,34,0,1,1,1,142593.26
Hatfield,middle,-17.870745529703843,31.081573140675918,5.88,6,6,198,486,10,0,0,0,1,184435.82
Mt Pleasant,premium,-17.777542120530782,31.024724757625847,6.32,2,2,442,2352,22,0,1,1,1,473549.14
Mt Pleasant,premium,-17.773432279296586,31.017629576090265,7.03,1,1,371,2275,24,0,0,1,1,386075.06
Kambuzuma,township,-17.856471209440226,30.96107552117211,9.32,2,2,102,461,36,0,0,0,1,37662.94
Greendale,upper-mid,-17.787824371189632,31.131642921707616,10.35,5,4,218,1229,22,0,0,0,1,417288.56
Vainona,upper-mid,-17.77007937470206,31.076335653083856,7.54,3,2,195,1333,25,1,0,1,1,376112.23
Marlborough,middle,-17.77723487160431,30.950498361037734,11.65,2,2,121,489,41,0,0,0,1,158748.96
Belvedere,middle,-17.85690600170241,31.023562150592465,3.67,3,3,226,307,28,0,0,0,1,171269.11
Kambuzuma,township,-17.85898992035873,30.96461227866618,9.06,3,3,78,296,30,0,0,0,1,37422.88
Vainona,upper-mid,-17.777421062833966,31.08324674557112,7.2,3,3,191,1148,31,0,0,0,1,333798.19
Glen View,township,-17.927462481382015,30.971961285385355,13.22,2,1,86,335,17,0,0,0,1,35032.45
Borrowdale,premium,-17.733661599240783,31.09421922940229,12.01,2,2,423,3502,15,1,1,1,1,709375.9
Marlborough,middle,-17.78495118487785,30.946588781019333,11.61,2,2,172,809,25,0,1,0,1,186179.58
Avonlea,middle,-17.767356911174335,30.991000252645318,9.1,2,1,207,1564,21,0,0,0,1,162926.25
Mt Pleasant,premium,-17.778010850528,31.01590285511701,6.65,6,5,475,2124,7,0,1,0,1,694784.39
Mt Pleasant,premium,-17.777899743560067,31.013730852287736,6.77,3,2,304,1107,11,0,1,1,1,469239.97
Avondale,upper-mid,-17.790654309608087,31.02851927203905,4.81,2,1,232,1240,8,1,1,0,1,307705.09
Budiriro,township,-17.944547285690057,30.946544715782682,16.37,1,1,94,375,17,0,0,0,0,29892.18
Avonlea,middle,-17.77621631528408,30.991263482443888,8.34,4,3,177,919,27,0,1,0,1,254134.99
Kambuzuma,township,-17.86122828823541,30.955035438130516,10.1,5,5,82,497,7,0,0,0,0,64639.61
Mabelreign,middle,-17.811672298515923,31.000893059204476,5.14,1,1,207,763,16,0,0,1,1,116785.25
Avondale,upper-mid,-17.788741619991875,31.023015099421126,5.24,4,4,293,843,10,1,1,0,1,445989.92
Mabelreign,middle,-17.807885786065807,31.003484593312265,5.09,5,4,173,383,10,0,0,0,1,182317.25
Borrowdale,premium,-17.7348980840569,31.099577258208832,12.15,4,3,464,2253,0,0,1,1,1,688020.24
Mt Pleasant,premium,-17.779046579626886,31.01833100307344,6.43,3,2,435,1347,41,1,1,1,1,478730.73
Mabelreign,middle,-17.81205755607929,31.001188169335208,5.09,4,3,179,742,36,0,1,0,1,133740.79
Mabelreign,middle,-17.802306677283173,30.9902002395837,6.62,3,3,175,1257,38,0,0,1,1,122319.75
Highlands,upper-mid,-17.79463641237347,31.07241755848105,4.98,4,4,234,934,21,0,1,1,1,384896.01
Marlborough,middle,-17.775964825843033,30.94956158538771,11.81,4,3,215,1297,17,0,1,1,0,273157.63
Avonlea,middle,-17.76522858914019,30.989728922706682,9.37,2,1,203,1029,22,0,0,1,0,195189.43
Mufakose,township,-17.914437036223617,30.964884913653393,12.57,2,2,88,309,28,0,0,0,1,45862.37
Avonlea,middle,-17.76573737244208,30.987452378973636,9.48,4,4,133,765,13,0,0,0,1,257812.56
Greendale,upper-mid,-17.793153431883493,31.12415867815341,9.38,4,3,261,1524,0,1,0,0,1,430080.01
Greendale,upper-mid,-17.789616468162897,31.13097126076577,10.2,1,1,334,1712,11,0,1,1,1,361652.35
Avondale,upper-mid,-17.791652125300057,31.028778333043633,4.7,2,2,324,2596,22,0,1,1,1,308766.89
Belvedere,middle,-17.85587776681888,31.01981338310475,3.84,1,1,165,534,31,0,0,0,1,118527.59
Mufakose,township,-17.912155894033116,30.955410380974538,13.09,2,2,89,386,49,0,0,0,1,33535.77
Avondale,upper-mid,-17.789224636822357,31.030501671449187,4.89,7,6,222,1218,14,1,0,1,1,460612.29
Highlands,upper-mid,-17.79122196355064,31.074712775707553,5.43,3,3,348,1199,32,1,0,0,1,363346.59
Highlands,upper-mid,-17.789503339071466,31.0701570339379,5.33,5,4,197,773,20,0,0,1,1,405721.95
Hatfield,middle,-17.874772544142843,31.089432650228048,6.77,5,4,235,1386,17,0,1,0,1,186846.81
Mabelreign,middle,-17.81113740726642,31.002008741399024,5.06,8,6,217,904,18,0,0,0,1,220649.35
Mt Pleasant,premium,-17.78075083224557,31.02408114540837,6.01,2,2,260,1599,36,1,1,0,1,365428.33
Glen Lorne,premium,-17.744098685314043,31.1810834141433,17.35,6,6,419,2252,26,0,1,1,1,723454.54
Avonlea,middle,-17.774942694323258,30.984020607594292,8.97,1,1,186,614,28,0,1,0,1,173505.63
Mt Pleasant,premium,-17.79042315435011,31.018797505207587,5.3,4,4,406,1780,18,1,1,1,1,511683.11
Mabelreign,middle,-17.809115081831997,31.0007643535556,5.28,3,2,211,1497,13,0,1,0,1,141980.16
Vainona,upper-mid,-17.781792483230625,31.084057076908397,6.86,3,2,301,2031,20,0,1,1,1,411037.33
Mt Pleasant,premium,-17.78191050121342,31.017332915210417,6.19,1,1,238,985,11,0,1,1,1,380706.31
Glen View,township,-17.935994198109487,30.981447503076726,13.47,4,3,98,442,27,0,0,0,0,42855.86
Ballantyne Park,premium,-17.76347292469606,31.08395215107342,8.57,2,2,494,2057,1,1,0,1,1,516058.72
Vainona,upper-mid,-17.780119844193596,31.06904882090366,6.2,3,2,141,704,34,0,0,0,1,307136.88
Ballantyne Park,premium,-17.76274099557354,31.087033371044804,8.8,7,6,384,2170,0,1,1,0,1,683960.92
Mt Pleasant,premium,-17.77824637918647,31.020791517685453,6.4,7,6,116,523,21,1,1,1,1,585012.42
Borrowdale,premium,-17.73693150067193,31.104080209526277,12.19,6,6,342,1529,42,0,0,1,1,704567.98
Glen Lorne,premium,-17.750013288916087,31.179138247638733,16.82,5,5,225,1377,0,1,1,1,1,790446.0
Ballantyne Park,premium,-17.764628484216612,31.07174905054017,7.9,2,1,372,1629,7,0,0,0,1,390812.41
Glen Lorne,premium,-17.75470923297918,31.181954265106093,16.8,4,4,492,3370,31,1,1,1,1,649054.61
Avonlea,middle,-17.774583099343598,31.0002370328193,7.86,1,1,178,1263,13,0,0,0,1,178006.53
Belvedere,middle,-17.854133292651756,31.021308730473585,3.59,3,2,119,511,38,0,0,0,1,152336.0
Greendale,upper-mid,-17.792312238959497,31.129108539890055,9.89,4,4,306,961,18,0,0,1,1,429272.03
Vainona,upper-mid,-17.773500055807293,31.08094775422957,7.44,7,6,324,650,26,0,1,1,1,560105.95
Marlborough,middle,-17.778751734303686,30.944157500432603,12.15,2,1,211,1054,30,1,1,0,1,223199.31
Mufakose,township,-17.91656336321299,30.966756735443763,12.61,3,3,120,388,41,0,0,0,1,46719.51
Mabelreign,middle,-17.806183105378267,30.99324724975627,6.13,2,1,218,1256,32,1,1,0,1,119218.14
Borrowdale,premium,-17.746207944612504,31.109427784517823,11.64,1,1,450,2023,6,0,1,0,0,505772.28
Ballantyne Park,premium,-17.753417109545527,31.08029612947142,9.4,2,2,378,749,0,1,1,1,1,393563.18
Highlands,upper-mid,-17.79398708300722,31.064514674805658,4.61,1,1,307,283,20,0,1,1,1,327461.84
Highlands,upper-mid,-17.78958690255116,31.064409235859465,5.04,5,4,266,872,38,0,1,1,0,415020.27
Avonlea,middle,-17.771618667478663,30.99035810514255,8.78,3,3,151,625,7,0,0,0,1,230571.21
Avondale,upper-mid,-17.7803706971141,31.037139898845542,5.69,4,4,336,2065,26,0,0,1,1,350081.54
Glen Lorne,premium,-17.74158387175506,31.197179638079923,18.93,4,4,397,1547,43,0,1,0,1,583223.99
Greendale,upper-mid,-17.788286014084026,31.13525456350394,10.67,5,4,216,1377,25,0,0,0,1,376677.3
Marlborough,middle,-17.781970274007847,30.946585793627673,11.76,1,1,146,670,24,0,1,0,1,157372.04
Mt Pleasant,premium,-17.77926521266096,31.02538086827642,6.12,3,2,199,831,19,0,1,1,1,391700.19
Mabelreign,middle,-17.808318071949056,31.002576700770362,5.15,3,3,118,621,31,0,1,0,1,123600.13
Glen Lorne,premium,-17.748286185757976,31.181988772380375,17.17,3,2,182,733,19,0,1,1,1,456085.52
Glen View,township,-17.92745217854765,30.964893732082587,13.67,3,3,85,375,0,0,0,0,1,46110.45
Mt Pleasant,premium,-17.779676087682603,31.021238925294234,6.24,5,5,368,1740,12,1,0,1,0,578972.65
Mabelreign,middle,-17.803356147783756,31.002345179433732,5.46,6,5,140,621,19,0,0,0,1,162016.22
Glen View,township,-17.92580371832649,30.97785098860295,12.71,4,4,72,263,0,0,0,0,0,47387.2
Budiriro,township,-17.933440243972537,30.95082571297383,15.14,3,3,66,355,8,0,0,0,1,40028.82
Mabelreign,middle,-17.806545817969074,31.006010136419853,4.94,4,4,116,944,19,0,0,1,0,131669.55
Hatfield,middle,-17.873269246809834,31.084250126836523,6.27,4,3,161,909,28,0,0,1,1,126033.66
Belvedere,middle,-17.846892694245405,31.01988413277882,3.19,2,1,158,734,34,0,0,0,1,110759.9
Hatfield,middle,-17.870253123715667,31.094038538013507,6.78,5,4,107,419,19,0,0,0,1,149160.25
Mt Pleasant,premium,-17.778269375389684,31.018413314426162,6.5,2,1,459,2170,4,1,1,0,1,502910.78
Marlborough,middle,-17.780175370524102,30.944826170297247,12.02,3,3,214,1069,24,0,1,0,0,229670.94
Marlborough,middle,-17.783772180778964,30.951926538353565,11.17,1,1,177,717,18,0,1,0,1,171738.82
Mufakose,township,-17.91096279937641,30.96367013272086,12.37,4,4,94,395,13,0,0,0,1,48434.83
Avondale,upper-mid,-17.789372967348477,31.027253892407202,5.0,2,1,206,1077,20,1,1,1,1,290592.46
Greendale,upper-mid,-17.790849352820835,31.126697065674115,9.73,1,1,229,1091,12,1,1,0,1,294309.09
Belvedere,middle,-17.851747086427117,31.018399612747807,3.64,3,2,123,686,12,0,0,1,1,161152.26
Highlands,upper-mid,-17.784884201321457,31.073707949999214,5.96,2,2,247,1138,17,1,1,0,1,399195.32
Mt Pleasant,premium,-17.77890656902401,31.020543494500075,6.34,3,2,440,2674,16,0,0,1,1,492720.91
Avondale,upper-mid,-17.779725649923638,31.02518815502588,6.08,5,4,212,1054,1,0,1,1,1,383760.14
Avondale,upper-mid,-17.79607355187947,31.04019982080036,3.92,1,1,194,912,28,1,1,0,1,252942.78
Highlands,upper-mid,-17.794673287659432,31.08009055278378,5.49,4,3,210,1047,5,1,0,1,1,447877.24
Greendale,upper-mid,-17.786028644485214,31.13107438086805,10.39,6,5,253,721,10,0,0,0,1,506419.15
Greendale,upper-mid,-17.78476207863813,31.13335678487474,10.67,1,1,232,1368,24,0,1,1,1,335919.7
Vainona,upper-mid,-17.780744615229818,31.07296925512092,6.32,1,1,211,532,22,1,1,1,1,301648.51
Greendale,upper-mid,-17.779703905498906,31.13388966582055,11.0,5,4,242,987,5,0,0,1,1,387749.7
Belvedere,middle,-17.847226551961377,31.018756428353747,3.31,4,4,263,1737,19,0,0,0,1,222773.23
Vainona,upper-mid,-17.778753500977302,31.074713330782615,6.61,3,3,365,1664,15,0,1,0,1,406016.09
Kambuzuma,township,-17.85620425002273,30.959605129094914,9.46,1,1,78,413,1,0,0,0,1,43430.58
Glen View,township,-17.930468306644325,30.973217926897163,13.42,2,1,142,796,13,0,1,0,0,39711.08
Avondale,upper-mid,-17.787603644215338,31.03571537794253,4.92,4,3,435,1871,0,1,1,0,1,378472.02
Vainona,upper-mid,-17.78103239549192,31.069544585784314,6.13,1,1,181,1077,17,0,1,1,1,340328.73
Marlborough,middle,-17.78147234843715,30.956675404176504,10.85,1,1,133,449,26,0,0,0,1,161970.97
Mabelreign,middle,-17.81265059820024,30.996468968462548,5.53,6,6,201,996,30,0,0,0,1,182323.81
Belvedere,middle,-17.845548199081232,31.024921513277388,2.67,4,4,250,1186,43,0,1,0,1,174528.27
Mabelreign,middle,-17.80915395994627,31.00027256593155,5.32,2,2,201,975,42,0,0,0,1,104704.38
Marlborough,middle,-17.780012777131564,30.946088212659912,11.91,1,1,156,519,15,1,1,0,1,213870.89
Avonlea,middle,-17.77452205598602,30.98356157665112,9.04,2,1,222,652,22,0,1,1,1,193791.91
Vainona,upper-mid,-17.776606032603695,31.078313564960787,7.0,1,1,340,1679,16,0,1,0,1,353031.04
Hatfield,middle,-17.867387096301588,31.095497082204847,6.7,5,4,129,316,36,0,0,0,1,136870.35
Highlands,upper-mid,-17.796827880019137,31.0716147764645,4.73,3,2,127,577,48,1,0,0,1,283059.15
Belvedere,middle,-17.843124620482225,31.01734592022299,3.22,3,2,243,1431,11,0,0,1,1,184425.13
Mufakose,township,-17.907407819834077,30.9641969835855,12.05,1,1,50,243,36,0,0,0,1,25461.21
Mt Pleasant,premium,-17.780634049562266,31.026152789879657,5.95,3,2,246,2091,2,1,1,1,1,593811.18
Avonlea,middle,-17.765494252527983,30.983994099384866,9.74,3,3,189,411,25,0,1,0,1,197205.01
Glen Lorne,premium,-17.73820252840982,31.175984674278606,17.29,2,2,516,4145,33,1,1,1,1,597906.69
Hatfield,middle,-17.877533313604907,31.09565238921394,7.45,2,2,233,999,6,0,1,0,1,147532.91
Glen Lorne,premium,-17.743910793077795,31.17675246254882,16.98,3,2,529,2772,28,1,0,1,1,601401.7
Kambuzuma,township,-17.859919932391264,30.96290932467227,9.26,1,1,61,304,0,0,0,0,1,38826.65
Mt Pleasant,premium,-17.7865826408949,31.01663803077653,5.78,4,3,224,550,7,1,1,0,1,500082.14
Kambuzuma,township,-17.84774108784842,30.953271022012476,9.89,1,1,87,249,30,0,0,0,1,28125.01
Mabelreign,middle,-17.811527746860335,31.00036912941703,5.2,3,3,205,952,35,0,0,1,0,120169.39
Avonlea,middle,-17.772256153637517,30.992817661053486,8.56,2,1,202,905,22,0,0,0,1,189801.37
Mabelreign,middle,-17.809530536995613,30.99011406978025,6.28,6,6,237,1331,0,0,1,0,1,198177.05
Mabelreign,middle,-17.810886559603404,31.002366699454164,5.04,1,1,109,451,11,0,1,1,1,119875.36
Kambuzuma,township,-17.852154192704944,30.959368778102828,9.36,3,3,89,648,18,0,1,1,1,48649.43
Highlands,upper-mid,-17.791549938928632,31.06651147714681,4.94,4,3,276,1563,42,0,1,1,1,422134.45
Avonlea,middle,-17.766966583065823,30.98822801027903,9.32,5,5,237,1185,19,0,1,0,1,271452.73
Glen Lorne,premium,-17.75029704737073,31.174888783329287,16.42,3,3,385,1869,18,1,1,1,1,682804.65
Avonlea,middle,-17.767454398258288,31.002307382070118,8.39,1,1,144,339,27,0,0,0,1,144983.48
Ballantyne Park,premium,-17.76135992840359,31.085185674693374,8.84,2,1,473,3134,10,1,1,1,1,442258.73
Avonlea,middle,-17.765109234069715,30.98515171193316,9.69,8,6,180,1157,39,0,0,0,1,301415.91
Avonlea,middle,-17.766403506064,30.98263864692083,9.76,1,1,167,1042,37,0,1,0,1,152437.71
Avondale,upper-mid,-17.788398422399816,31.033726034888158,4.89,5,5,207,815,13,1,0,0,1,361539.95
Marlborough,middle,-17.777935695694644,30.951603009781774,11.51,4,4,206,1200,8,0,1,0,1,338178.25
Hatfield,middle,-17.871425492226265,31.081837404789987,5.95,1,1,227,508,17,0,0,1,1,110884.33
Mabelreign,middle,-17.814990153842388,30.995952027085224,5.49,5,4,197,1086,10,0,0,0,1,168690.09
Marlborough,middle,-17.778564593854476,30.94124442069257,12.44,6,5,129,200,13,1,0,1,1,292153.01
Avonlea,middle,-17.77511015206943,30.989341282371438,8.56,1,1,189,802,32,0,0,0,1,138192.36
Kambuzuma,township,-17.860843762906217,30.95140231954567,10.45,4,4,96,205,18,0,0,0,1,47961.29
Mt Pleasant,premium,-17.771002749206918,31.02207989627947,7.1,2,1,269,1197,3,1,1,1,0,465986.98
Mt Pleasant,premium,-17.780331558145434,31.02397312906157,6.06,4,4,256,571,29,0,1,0,1,445165.64
Glen Lorne,premium,-17.73452730630568,31.18091094850442,17.95,5,4,400,1576,23,0,0,0,1,590291.4
Belvedere,middle,-17.856965428273753,31.02413797636782,3.63,2,2,136,583,19,0,1,0,1,151777.96
Avondale,upper-mid,-17.791875597887536,31.032093957433634,4.56,3,3,165,701,14,1,1,0,1,312994.54
Hatfield,middle,-17.859216992868806,31.08793634270276,5.52,5,4,200,770,13,1,0,1,1,214285.64
Belvedere,middle,-17.850566968376754,31.01918331698899,3.49,3,2,124,315,20,1,0,0,1,162925.43
Vainona,upper-mid,-17.783770677408587,31.079746384329553,6.41,2,2,238,1345,36,0,1,1,1,295080.59
Glen View,township,-17.92921876765982,30.976035364438,13.14,3,2,101,618,34,0,0,0,1,40106.45
Hatfield,middle,-17.87289800076778,31.088214836753234,6.53,4,3,263,1713,3,0,0,0,1,173487.05
Vainona,upper-mid,-17.77787734029789,31.082208701072904,7.1,3,3,220,1308,16,0,1,0,1,373021.72
Greendale,upper-mid,-17.785821961826915,31.128290140513197,10.15,2,2,203,835,25,1,1,0,1,349529.14
Vainona,upper-mid,-17.781046154045505,31.08087602928202,6.73,3,2,297,1313,35,0,1,1,1,334798.39
Ballantyne Park,premium,-17.761718929339793,31.072940037114247,8.25,2,1,403,1917,9,0,1,1,1,436434.8
Ballantyne Park,premium,-17.761393196476597,31.084157790112418,8.78,5,4,464,3074,26,1,1,1,1,550528.15
Kambuzuma,township,-17.858359060622313,30.95958741132092,9.54,3,2,59,369,8,0,0,0,0,36549.87
Avondale,upper-mid,-17.79688545018539,31.027317684279407,4.23,5,4,218,1016,0,0,0,0,1,428749.11
Greendale,upper-mid,-17.789825910113255,31.129384268553505,10.04,5,4,363,1806,8,1,1,0,1,577033.68
Hatfield,middle,-17.86240842307043,31.087743815358746,5.72,2,1,149,378,30,0,0,0,1,99245.43
Marlborough,middle,-17.778162165936134,30.951892506626425,11.48,3,2,183,1133,15,0,0,1,1,224390.39
Kambuzuma,township,-17.859465132769014,30.96364713166966,9.17,4,3,116,556,27,0,1,0,1,44468.45
Hatfield,middle,-17.87306378376011,31.09057043707287,6.72,2,2,207,1405,0,0,0,0,1,142978.68
Avondale,upper-mid,-17.787519931143624,31.038576285513315,4.88,2,2,147,451,29,0,0,1,1,235907.42
Greendale,upper-mid,-17.79326487690648,31.131351397836177,10.06,4,3,244,1131,13,0,0,1,1,417294.0
Budiriro,township,-17.938838304434817,30.93950450704066,16.38,2,1,84,457,14,0,0,0,0,35212.08
Hatfield,middle,-17.86889379657023,31.091518659154197,6.48,4,3,174,664,25,0,1,0,1,145964.45
Kambuzuma,township,-17.861299372781488,30.959133165723074,9.69,1,1,137,308,12,0,0,0,0,37995.52
Mt Pleasant,premium,-17.774924668019597,31.02408187970975,6.62,2,1,310,1779,20,1,1,1,1,482168.36
Mabelreign,middle,-17.808517856520066,30.994668332140606,5.89,3,2,200,1201,33,0,0,0,1,131053.97
Belvedere,middle,-17.85356121726355,31.019203995321863,3.71,5,4,161,639,28,0,0,0,1,168637.06
Mt Pleasant,premium,-17.77781890733805,31.021377864494813,6.42,3,3,431,1944,1,1,1,0,1,456911.97
Avonlea,middle,-17.772237566638573,30.989143226770608,8.81,1,1,258,837,15,0,0,0,1,189891.56
Belvedere,middle,-17.850627005157936,31.020565361809183,3.38,1,1,206,1268,35,0,0,1,1,127285.37
Borrowdale,premium,-17.747073967462235,31.102473465667728,11.14,1,1,475,2785,18,0,1,1,1,588242.57
Avondale,upper-mid,-17.791453900015846,31.029506824780324,4.69,4,3,316,2041,36,1,1,1,1,326083.77
Mabelreign,middle,-17.80381192037178,31.001452177578418,5.51,4,4,153,736,5,0,0,0,1,139247.99
Vainona,upper-mid,-17.780928312301434,31.09563086471396,7.73,3,2,261,1014,22,0,0,1,1,387444.21
Avondale,upper-mid,-17.788724627839436,31.02687244129132,5.08,1,1,264,656,16,0,0,0,1,244109.37
Avondale,upper-mid,-17.78879114614568,31.031201944112524,4.92,2,1,176,1132,10,0,1,0,1,260804.4
Vainona,upper-mid,-17.785108015794208,31.08352496893003,6.53,4,3,243,498,15,0,1,1,1,433590.53
Glen View,township,-17.935822515969615,30.967689662271404,14.24,3,3,62,253,19,0,0,0,0,48017.0
Mabelreign,middle,-17.812549075650033,30.995203995499118,5.66,2,2,134,869,26,0,1,0,1,118780.41
Mt Pleasant,premium,-17.777654146110546,31.020795328415133,6.46,3,2,407,2314,24,1,1,1,1,495769.25
Budiriro,township,-17.944494928262525,30.934351399828426,17.22,4,4,42,200,4,0,0,0,0,48572.27
Mufakose,township,-17.911347523693582,30.960181009853315,12.66,2,1,65,200,0,0,0,0,0,45847.91
Vainona,upper-mid,-17.77564414789046,31.075225357737214,6.94,2,2,264,1539,14,0,0,1,1,370756.89
Mabelreign,middle,-17.807246355784443,31.007477505806918,4.77,8,6,178,933,0,0,1,0,1,232667.6
Mt Pleasant,premium,-17.786865894056245,31.0203604740042,5.56,4,4,365,2844,13,0,1,1,1,558661.42
Budiriro,township,-17.94143682676661,30.936211016467986,16.83,3,3,93,498,7,0,0,0,1,44231.03
Belvedere,middle,-17.842012130666877,31.019947676028448,2.92,4,3,211,1219,6,0,0,0,1,193106.92
Belvedere,middle,-17.846839955605553,31.022114903691783,3.0,2,1,148,638,11,0,0,0,1,161460.75
Glen Lorne,premium,-17.740834363969093,31.19198558357266,18.51,2,2,353,1627,22,0,1,1,1,467184.89
Glen View,township,-17.925242701405786,30.98025153789489,12.52,1,1,65,395,0,0,0,0,1,32707.1
Borrowdale,premium,-17.74143791875806,31.097433156155923,11.4,2,2,502,2835,8,0,1,1,1,643156.29
Highlands,upper-mid,-17.784443202776536,31.068094277564693,5.73,2,2,253,1318,12,1,0,0,1,405865.3
Mt Pleasant,premium,-17.783201458244367,31.020000445154817,5.94,1,1,423,1591,0,0,1,1,1,496821.44
Hatfield,middle,-17.87483641829449,31.089365887521733,6.77,3,2,234,858,8,0,0,1,0,150953.97
Highlands,upper-mid,-17.789341130920118,31.07199937842367,5.44,3,3,307,1174,25,1,1,0,1,429810.39
Glen View,township,-17.935659328630493,30.97498435785113,13.8,2,2,90,441,17,0,0,0,1,39675.25
Belvedere,middle,-17.84980101899685,31.02049490611301,3.33,2,2,183,200,30,0,1,0,1,135940.87
Borrowdale,premium,-17.749422381417542,31.105150827542428,11.08,4,4,495,3706,27,0,1,1,1,695007.34
Borrowdale,premium,-17.732647405940934,31.109371731849404,12.89,3,2,359,1946,26,1,1,1,1,661543.08
Glen Lorne,premium,-17.744663065177097,31.176839423535302,16.94,3,3,384,2306,9,0,1,1,1,576969.15
Avonlea,middle,-17.763781722192274,30.989177520679632,9.53,1,1,181,857,20,0,1,0,0,190811.35
Mabelreign,middle,-17.812142435661034,31.007053517015944,4.53,3,2,246,889,37,0,0,0,1,105915.75
Highlands,upper-mid,-17.788751305524592,31.074789046277495,5.66,2,2,275,1151,23,1,1,0,1,413389.22
Mabelreign,middle,-17.80290125863365,31.000653071987898,5.64,4,4,214,603,9,0,0,1,0,172783.44
Glen Lorne,premium,-17.74361785350002,31.17804088354876,17.11,1,1,332,2428,49,0,1,1,1,396323.77
Mabelreign,middle,-17.811694893869458,30.993851023380167,5.82,1,1,192,1372,34,1,1,0,1,95070.89
Kambuzuma,township,-17.862157360450166,30.9611518400957,9.53,1,1,95,640,18,0,0,0,1,35962.5
Hatfield,middle,-17.870484701885506,31.09393431119921,6.79,2,2,236,1491,11,0,0,0,1,143995.05
Belvedere,middle,-17.85359871964039,31.0221695207653,3.49,1,1,166,649,17,0,1,0,1,135175.55
Mabelreign,middle,-17.81527367310522,30.998261390524117,5.25,4,3,254,744,25,0,0,0,1,142108.88
Borrowdale,premium,-17.74562274947927,31.09768108687589,11.01,8,6,278,1837,58,0,1,0,1,640104.75
Highlands,upper-mid,-17.788970896339634,31.070279851267895,5.39,4,3,240,1593,20,0,0,1,1,390135.31
Mt Pleasant,premium,-17.778680063631292,31.01851441213151,6.46,5,4,335,1627,17,0,1,1,1,532225.99
Marlborough,middle,-17.781610592632614,30.950485552052115,11.41,4,3,161,701,29,1,1,1,1,305788.76
Hatfield,middle,-17.87120608640351,31.084771542495552,6.14,2,1,110,839,34,0,0,1,1,109525.94
Avonlea,middle,-17.7708204240208,30.99232892461859,8.71,1,1,111,414,0,0,0,0,1,167659.77
Mabelreign,middle,-17.81728812740108,31.000723735235837,4.93,1,1,166,487,26,0,1,0,1,100814.92
Ballantyne Park,premium,-17.763233073773733,31.07805636741226,8.31,2,1,463,2684,0,0,1,0,1,477450.68
Hatfield,middle,-17.869096970627663,31.095788375801405,6.84,2,1,173,1079,14,0,0,0,1,122649.67
Ballantyne Park,premium,-17.75422520278821,31.088469140638107,9.7,3,3,431,2369,8,0,1,1,1,576019.72
Vainona,upper-mid,-17.786517131211657,31.08950848473461,6.83,3,2,157,502,3,0,0,1,1,286911.19
Hatfield,middle,-17.874978331730727,31.092324356529232,7.0,3,3,163,678,12,0,0,0,1,128115.56
Budiriro,township,-17.94128924737701,30.951875590731376,15.73,2,1,49,200,15,0,0,0,0,27158.06
Avonlea,middle,-17.766440051869733,30.990196565061513,9.23,1,1,170,431,17,1,1,1,1,201754.56
Glen Lorne,premium,-17.74351743641092,31.181603073635923,17.43,2,1,278,1247,8,0,1,1,1,465411.15
Avonlea,middle,-17.774869907411446,30.980147833980983,9.28,3,3,152,879,6,0,0,0,0,209653.39
Borrowdale,premium,-17.74525569880095,31.105413729126447,11.48,3,3,327,554,26,0,1,1,1,637367.61
Mufakose,township,-17.91321844582533,30.964878382569513,12.47,4,4,80,416,25,0,0,0,1,57154.51
Hatfield,middle,-17.870458089546357,31.088369324451474,6.35,3,2,200,977,24,0,0,0,1,111886.52
Ballantyne Park,premium,-17.76335012829776,31.080600633829555,8.41,2,2,502,2927,23,0,1,0,1,468725.24
Glen Lorne,premium,-17.752358381970346,31.181674880451144,16.91,2,2,322,2165,29,0,1,0,1,508411.52
Ballantyne Park,premium,-17.765023783421743,31.084412305750327,8.44,3,2,423,1654,10,1,1,1,1,559949.43
Budiriro,township,-17.93768202364826,30.93540354879145,16.59,2,2,62,417,23,0,0,0,0,29587.49
Avondale,upper-mid,-17.791850725153537,31.03846455022564,4.41,2,1,242,1149,23,1,0,0,1,268409.0
Mabelreign,middle,-17.813166947226637,31.002231253820298,4.94,3,3,118,393,22,0,0,1,1,127972.43
Belvedere,middle,-17.843634376753112,31.019897891100918,3.01,2,2,183,1047,19,0,1,0,1,165875.59
Avonlea,middle,-17.764762294792217,30.987377728935854,9.56,3,3,188,912,19,0,0,1,1,249044.56
Mt Pleasant,premium,-17.774970884395465,31.021883114923398,6.69,6,5,316,1631,6,1,1,0,1,704498.18
Kambuzuma,township,-17.855133538164804,30.96278458076382,9.11,1,1,97,563,28,0,0,0,0,28109.96
Vainona,upper-mid,-17.785267274466513,31.085738595200525,6.67,3,3,230,1156,5,0,1,0,1,410482.52
Avonlea,middle,-17.766964815074008,30.989790703979672,9.21,3,3,200,703,20,0,1,0,1,261756.81
Belvedere,middle,-17.846828116460088,31.023195611788267,2.9,7,6,101,384,31,0,1,1,1,232900.12
Belvedere,middle,-17.849596567600383,31.019922980314746,3.36,1,1,129,515,7,0,0,0,1,157753.57
Kambuzuma,township,-17.863923051590714,30.962133189088977,9.5,2,1,92,610,14,0,0,0,1,34276.13
Ballantyne Park,premium,-17.75502764556961,31.08533216793932,9.47,4,4,266,1210,22,1,0,0,0,477626.06
Marlborough,middle,-17.779414431323744,30.952121755546088,11.38,5,4,267,1004,15,0,0,0,1,269100.02
Greendale,upper-mid,-17.788947509093678,31.1302130461188,10.16,6,6,273,1438,14,0,1,1,1,504853.14
Avondale,upper-mid,-17.786741485945534,31.039053558314592,4.96,3,3,351,1683,31,1,1,0,1,281755.31
Mt Pleasant,premium,-17.78232659737613,31.017184511467605,6.16,4,3,385,3010,10,0,1,1,1,537113.95
Mt Pleasant,premium,-17.7735169413249,31.0145006944309,7.16,1,1,421,2436,12,1,1,0,1,530998.69
Vainona,upper-mid,-17.779715217525045,31.082495004486482,6.95,4,4,224,900,8,0,1,1,1,397857.52
Vainona,upper-mid,-17.773947125114205,31.07702770812601,7.19,1,1,244,1003,49,1,0,0,1,262633.28
Avondale,upper-mid,-17.78683039547044,31.030719936796558,5.14,4,4,282,639,21,0,1,1,1,366665.19
Avonlea,middle,-17.77478575845579,30.98910836221602,8.61,2,1,229,1478,12,0,0,0,1,201302.8
Belvedere,middle,-17.850881993630527,31.02527559365799,3.04,4,4,152,628,35,0,0,0,1,173842.41
Greendale,upper-mid,-17.796905532940883,31.13731321171388,10.48,2,2,293,1084,14,0,0,1,1,333199.48
Greendale,upper-mid,-17.788260061591473,31.129901805187522,10.17,4,3,189,759,20,0,1,1,1,389151.09
Highlands,upper-mid,-17.790270522157105,31.065065390526247,5.0,2,1,359,1170,2,0,1,0,1,380829.31
Avonlea,middle,-17.76866157083308,30.99420708191067,8.77,2,2,201,342,0,0,1,0,1,243225.72
Vainona,upper-mid,-17.77570385164805,31.0759019342007,6.96,3,3,354,2272,11,0,1,0,1,405527.46
Borrowdale,premium,-17.739965800026525,31.104929946650294,11.95,3,2,370,1917,27,1,1,1,1,611221.13
Avondale,upper-mid,-17.788152968780306,31.02811755108681,5.09,4,4,367,2945,20,1,1,0,1,443626.53
Avondale,upper-mid,-17.785657906924854,31.03113059802573,5.25,5,5,205,1047,13,0,1,1,1,398125.48
Highlands,upper-mid,-17.780695231454743,31.071594154421856,6.26,1,1,253,1483,17,0,1,1,1,330204.21
Avonlea,middle,-17.769025616031822,30.99048498088569,8.99,7,6,161,784,16,0,0,1,1,301248.62
Avonlea,middle,-17.77227179258799,30.987308792202306,8.94,5,5,135,320,42,0,1,0,1,238857.05
Belvedere,middle,-17.85259310949631,31.022938377689815,3.35,6,6,143,829,12,0,0,0,1,240787.2
Belvedere,middle,-17.847401124674377,31.023169764666047,2.94,1,1,180,942,24,1,0,0,1,135875.63
Belvedere,middle,-17.846984876725063,31.011067360208074,4.01,2,1,99,631,16,0,1,0,1,143880.18
Vainona,upper-mid,-17.78450382042274,31.083948238373946,6.61,2,2,232,1013,8,0,0,1,1,313158.4
Mabelreign,middle,-17.809270808870647,30.996211097163425,5.7,6,6,114,735,18,0,1,0,1,185187.87
Marlborough,middle,-17.7800776031428,30.953717508012147,11.2,3,3,228,1296,5,0,0,0,1,272151.07
Avondale,upper-mid,-17.798334228618423,31.037946493472692,3.71,2,2,246,1689,23,0,1,0,1,290853.75
Avonlea,middle,-17.766042812018267,30.99075237961004,9.23,4,3,122,629,20,0,0,0,1,232033.26
Greendale,upper-mid,-17.794593879897498,31.135943443258046,10.44,4,3,256,920,0,1,1,0,1,496398.36
Marlborough,middle,-17.77924830962434,30.945542922662124,12.0,2,1,253,1125,14,0,1,1,1,200316.25
Hatfield,middle,-17.86916172100991,31.090363129267345,6.41,4,4,155,666,19,0,0,0,1,162949.38
Mufakose,township,-17.914747545898642,30.960049851926307,12.94,4,3,121,982,10,0,0,0,0,57328.21
Glen View,township,-17.92913459870808,30.972022637374227,13.37,3,2,101,463,17,0,0,0,1,40141.05
Marlborough,middle,-17.779567952781864,30.95292097472088,11.3,3,2,170,337,3,0,0,0,1,225346.53
Marlborough,middle,-17.782227397167294,30.946311371192717,11.77,2,2,174,743,6,0,0,0,1,209385.4
Mabelreign,middle,-17.814414238123902,30.99689840283739,5.42,3,2,180,963,19,0,1,0,1,120624.42
Vainona,upper-mid,-17.77470286723172,31.084600447571656,7.53,1,1,134,373,27,0,1,0,1,274306.01
Mabelreign,middle,-17.808311445643927,30.995875847116213,5.78,4,3,216,1806,19,0,1,0,1,172377.5
Marlborough,middle,-17.780967085983196,30.949143292335073,11.57,2,2,142,511,10,0,1,0,1,200164.72
Mt Pleasant,premium,-17.77965693422421,31.02533741608132,6.08,4,3,371,1515,10,0,1,1,1,513748.42
Glen Lorne,premium,-17.746970359829156,31.18404772757775,17.44,1,1,373,1916,19,0,1,1,1,495360.34
Mabelreign,middle,-17.812501383171085,30.996171681516113,5.56,2,1,209,771,19,0,0,1,1,122817.38
Glen Lorne,premium,-17.74490223743333,31.180120288515315,17.21,1,1,345,1281,32,1,1,1,1,476908.93
Vainona,upper-mid,-17.783520751796544,31.081057662697077,6.51,6,6,221,799,24,0,1,0,1,449734.33
Vainona,upper-mid,-17.776836937973744,31.085993360985317,7.42,1,1,259,1341,20,0,0,0,1,318139.51
Ballantyne Park,premium,-17.759465987111174,31.088470994872903,9.19,5,5,249,1313,10,0,1,1,1,599242.58
Vainona,upper-mid,-17.781451348802534,31.087130390611062,7.09,3,3,260,1552,30,0,0,0,1,363677.93
Hatfield,middle,-17.875408656228206,31.091236514445484,6.95,5,5,171,754,30,0,1,0,1,155546.89
Borrowdale,premium,-17.741088755597723,31.093637985710412,11.25,2,2,387,1666,15,1,1,0,1,617901.1
Mabelreign,middle,-17.807743804539026,30.993565782022763,6.03,3,3,165,554,12,0,1,0,1,152893.34
Mufakose,township,-17.910926317115752,30.958977035126818,12.72,2,2,75,393,24,0,0,0,1,38146.66
Greendale,upper-mid,-17.7910947689671,31.121151017449392,9.2,2,2,201,552,34,0,1,0,1,277315.58
Ballantyne Park,premium,-17.76009079811975,31.081022762140428,8.76,5,5,297,1403,37,1,1,0,1,504790.46
Avonlea,middle,-17.772659659312158,30.99090025235701,8.65,2,2,187,637,9,0,1,0,1,248811.68
Mt Pleasant,premium,-17.777685766964865,31.016609927707396,6.65,1,1,381,1582,25,0,0,1,1,340973.17
Greendale,upper-mid,-17.78936836835392,31.131129713470443,10.23,3,2,177,653,8,1,1,0,1,362481.98
Kambuzuma,township,-17.86316604120383,30.961479456405947,9.54,3,2,150,873,14,0,0,0,1,45147.03
Budiriro,township,-17.943819538445233,30.93927231703819,16.81,1,1,108,457,29,0,1,0,1,27043.61
Hatfield,middle,-17.8742838009545,31.089652515226067,6.75,5,5,275,1097,19,0,1,0,1,200502.58
Vainona,upper-mid,-17.78023816522532,31.076860372234965,6.58,2,2,228,637,26,0,0,0,1,287684.15
Belvedere,middle,-17.84783206329998,31.019094372753738,3.32,4,3,212,552,17,0,0,0,1,189597.25
Belvedere,middle,-17.84314530304333,31.02046486271411,2.93,1,1,228,1286,26,0,1,0,1,107257.19
Greendale,upper-mid,-17.783286919394026,31.128512042848897,10.31,3,2,206,682,44,1,0,0,1,282692.22
Belvedere,middle,-17.8495813385378,31.02213241202115,3.18,4,4,150,654,2,0,0,0,1,211887.61
Borrowdale,premium,-17.73897255182837,31.093992348538517,11.47,3,2,337,1892,33,1,1,0,1,547076.34
Highlands,upper-mid,-17.781503689655285,31.073841497443293,6.29,4,3,347,1568,17,0,1,0,1,398183.07
Marlborough,middle,-17.777777046793602,30.953994655435295,11.31,3,3,164,863,11,0,1,0,0,241040.82
Ballantyne Park,premium,-17.75350907667746,31.076520897261684,9.24,2,1,377,1684,0,1,1,1,1,506890.13
Ballantyne Park,premium,-17.762920107551174,31.08300044777631,8.57,3,3,528,1937,0,0,1,1,1,538990.93
Mabelreign,middle,-17.812543178178455,30.998373330324657,5.35,3,2,195,996,16,0,0,0,1,120165.68
Budiriro,township,-17.943795951352776,30.93874372518353,16.84,4,4,123,645,7,0,1,0,0,51467.81
Marlborough,middle,-17.778143001705313,30.947690603664316,11.86,2,2,154,1006,17,1,0,0,1,239787.36
Mabelreign,middle,-17.81633889207285,31.003679816018614,4.67,6,6,171,1092,16,0,0,0,1,181176.52
Budiriro,township,-17.939025389099946,30.93585869802203,16.66,1,1,126,1020,11,0,0,0,1,33333.98
Mt Pleasant,premium,-17.783438623251218,31.015507705702113,6.14,1,1,462,3001,40,1,1,1,1,410852.12
Avondale,upper-mid,-17.790070287042127,31.02708976658944,4.93,4,4,241,667,11,0,0,0,1,377412.3
Greendale,upper-mid,-17.793624204001066,31.12834173866701,9.75,2,1,201,968,28,0,1,0,1,312035.57
Glen Lorne,premium,-17.74955910902721,31.183604115483426,17.24,2,2,364,1953,13,1,1,1,1,472482.99
Hatfield,middle,-17.865347923676648,31.088980646791818,6.02,3,3,270,1945,33,0,1,1,1,136569.56
Avondale,upper-mid,-17.795658797180838,31.037370038650614,4.01,1,1,255,1335,10,1,0,1,1,272652.98
Avondale,upper-mid,-17.79583492250121,31.022271002020005,4.59,2,1,456,3291,4,1,1,1,1,370129.35
Ballantyne Park,premium,-17.757003507312255,31.07714514302406,8.9,4,4,367,2056,1,1,1,1,1,620547.44
Ballantyne Park,premium,-17.767346935075288,31.078647094499317,7.92,1,1,508,2960,28,1,1,1,1,410256.45
Glen View,township,-17.930894152966218,30.964121974958445,14.02,3,3,101,531,29,0,0,0,1,42298.92
Borrowdale,premium,-17.737969466301973,31.10201814586399,11.98,2,1,471,2864,7,0,1,1,1,746598.18
Highlands,upper-mid,-17.788387381595378,31.06975120989182,5.41,3,3,162,811,8,0,1,1,1,406174.2
Vainona,upper-mid,-17.773805158013356,31.075107132295674,7.11,3,2,263,1497,37,0,0,1,1,323822.03
Marlborough,middle,-17.782200887005747,30.949514848788223,11.47,6,5,198,869,21,0,0,1,1,279135.94
Avonlea,middle,-17.770988272119315,30.993496023457755,8.62,3,2,153,904,12,0,0,0,1,206096.88
Marlborough,middle,-17.789327248748148,30.941845811034437,11.86,1,1,233,1380,19,0,1,0,1,208053.7
Glen Lorne,premium,-17.741499050457833,31.1722322136911,16.75,1,1,365,1678,0,1,1,1,1,518186.44
Highlands,upper-mid,-17.79167588926567,31.066157926992556,4.91,2,2,294,1117,18,0,1,1,1,334368.08
Mabelreign,middle,-17.809115603812927,30.996221442704094,5.71,4,4,218,1268,0,0,1,0,0,159644.8
Belvedere,middle,-17.85433701567035,31.02100077877544,3.63,1,1,164,1200,20,0,1,1,1,141865.7
Belvedere,middle,-17.84869236149754,31.027574116407806,2.7,2,1,186,1249,17,1,0,0,1,151426.48
Belvedere,middle,-17.846458489788404,31.02507904721093,2.72,1,1,210,1092,22,0,0,0,1,128062.96
Hatfield,middle,-17.869840956162896,31.086346318076835,6.15,3,3,183,933,5,0,1,1,1,180887.26
Glen Lorne,premium,-17.746662295551115,31.183267097555596,17.39,8,6,444,2402,10,1,1,1,1,916546.92
Greendale,upper-mid,-17.796654111896135,31.130263229106344,9.8,3,2,188,856,24,0,1,0,1,302916.66
Marlborough,middle,-17.780965589841866,30.95935319628423,10.64,1,1,177,581,23,0,1,1,1,172308.53
Vainona,upper-mid,-17.781171625542864,31.086999978929533,7.1,2,2,270,2269,42,0,1,1,1,301276.99
Mabelreign,middle,-17.806746509242107,30.99195074408334,6.23,1,1,206,1192,24,0,1,0,1,103782.39
Avondale,upper-mid,-17.790160295498186,31.03087509202675,4.78,5,5,121,565,9,0,1,0,1,410170.52
Hatfield,middle,-17.86592384269888,31.07951810281545,5.33,2,1,141,434,16,0,1,0,1,119679.32
Mabelreign,middle,-17.814235763764298,30.999914720880547,5.12,4,3,182,1077,21,0,0,0,1,137879.57
Marlborough,middle,-17.78374181258386,30.95538576705216,10.85,1,1,130,1090,17,0,0,1,1,193728.93
Glen View,township,-17.92559695266537,30.967562639425992,13.33,1,1,91,625,22,0,0,0,1,32654.42
Avonlea,middle,-17.763709056200824,30.99504977778408,9.16,3,3,193,744,24,0,1,0,1,210927.27
Mabelreign,middle,-17.804689118427277,30.999954370032636,5.59,4,4,156,805,19,0,1,0,1,160683.12
Vainona,upper-mid,-17.78384511368922,31.072257759071377,5.99,2,1,200,884,34,0,1,0,1,264133.98
Marlborough,middle,-17.776556854120603,30.951035567150573,11.65,4,3,251,1647,28,0,1,1,0,280965.39
Marlborough,middle,-17.785114240932465,30.94902112267188,11.37,3,2,189,1054,23,0,0,0,1,190775.41
Mt Pleasant,premium,-17.782920665143465,31.02006714207716,5.96,2,1,312,2095,30,0,1,0,1,342312.45
Greendale,upper-mid,-17.78700349364277,31.12554562929907,9.83,4,3,344,1993,6,0,1,0,1,452596.78
Glen View,township,-17.9324756765901,30.970919961788873,13.74,4,3,147,993,2,0,0,0,0,53931.4
Avonlea,middle,-17.766132964671534,30.99184787570196,9.15,3,3,217,404,42,0,1,0,1,189678.66
Ballantyne Park,premium,-17.748166661322568,31.076302980399827,9.79,3,3,549,3361,29,1,1,0,1,521215.44
Vainona,upper-mid,-17.787504203484154,31.080846176579954,6.15,2,1,253,772,22,1,1,0,1,312185.06
Ballantyne Park,premium,-17.761342400519954,31.07473514375442,8.36,4,3,366,2414,27,0,0,1,1,408004.86
Borrowdale,premium,-17.745035453850534,31.100006481032658,11.19,2,1,467,2317,11,1,0,1,1,615116.46
Kambuzuma,township,-17.864834966819043,30.96092854018774,9.66,1,1,84,699,7,0,0,0,0,29644.03
Avondale,upper-mid,-17.79336893365121,31.037375280236155,4.26,2,1,319,1853,32,0,1,1,1,281827.8
Vainona,upper-mid,-17.78287944011996,31.085824976369647,6.88,4,4,295,1210,15,1,1,0,1,383212.84
Avonlea,middle,-17.77397215481258,30.981142088205257,9.27,1,1,105,592,16,0,0,0,1,171640.17
Borrowdale,premium,-17.736139631951495,31.09873890070871,11.98,7,6,193,745,30,1,1,1,1,891772.19
Vainona,upper-mid,-17.777469087588223,31.068903890893278,6.47,2,2,289,1192,23,0,1,1,1,362317.03
Belvedere,middle,-17.849908406158104,31.025739837770942,2.93,4,4,280,1784,33,0,1,0,0,204015.23
Avonlea,middle,-17.769634799109365,30.984889865681758,9.33,1,1,246,1632,19,0,1,0,1,171487.59
Budiriro,township,-17.939490177980645,30.937795165541285,16.56,3,3,84,465,12,0,1,1,0,49092.86
Avonlea,middle,-17.76622235077409,30.98549407174695,9.57,7,6,235,1290,15,0,0,1,1,338754.78
Avondale,upper-mid,-17.78934542861049,31.029309446566185,4.92,6,6,369,1450,4,0,1,0,1,519097.08
Hatfield,middle,-17.870656895215742,31.096497464733602,7.01,3,2,178,1316,26,0,0,0,1,158943.27
Glen View,township,-17.932069671826078,30.975012553610224,13.46,1,1,107,422,32,0,0,0,1,30606.65
Hatfield,middle,-17.870255640090566,31.091804459315295,6.6,4,3,161,662,44,0,1,0,0,126992.42
Kambuzuma,township,-17.86229333540387,30.961025400397723,9.55,2,2,98,478,21,0,0,0,1,34177.31
Mabelreign,middle,-17.811868103580316,30.99945811578023,5.27,3,2,154,851,6,0,1,0,0,138446.78
Mufakose,township,-17.91235506331191,30.965674552161886,12.34,5,4,72,271,25,0,0,0,1,57811.34
Mt Pleasant,premium,-17.77610185356216,31.019540603636536,6.67,5,5,343,2196,15,0,1,0,1,557909.8
Hatfield,middle,-17.865181027666402,31.086958806254902,5.85,5,4,200,1058,11,0,1,0,1,214059.55
Avondale,upper-mid,-17.787342488428212,31.035242282777823,4.96,2,2,192,761,14,0,1,0,1,243233.27
Marlborough,middle,-17.77861408226546,30.956900463474398,11.0,3,3,171,719,18,0,0,1,1,238473.49
Belvedere,middle,-17.8459231366721,31.021994813250533,2.95,4,3,162,342,23,0,0,0,0,168139.6
Budiriro,township,-17.94066205491588,30.945998686928213,16.08,3,3,106,260,31,0,0,0,1,35463.16
Budiriro,township,-17.94672738387563,30.939453147461997,17.04,3,3,131,318,2,0,0,0,1,52903.7
Vainona,upper-mid,-17.782937022627106,31.081711997989753,6.61,6,5,329,2146,28,0,0,0,1,459897.48
Hatfield,middle,-17.870089207600337,31.084870357814303,6.06,3,3,263,1375,0,0,0,0,1,156767.38
Hatfield,middle,-17.86575079199546,31.098700718854207,6.87,2,1,152,913,34,0,0,1,1,121272.5
Greendale,upper-mid,-17.788839462006308,31.129517862350436,10.1,4,4,349,2398,22,0,1,0,1,424155.22
Mt Pleasant,premium,-17.774007277479296,31.023894720958864,6.72,4,4,408,2342,33,1,1,1,1,515461.0
Borrowdale,premium,-17.732471278825308,31.10126403032648,12.47,3,2,288,1324,23,0,0,1,1,567074.12
Hatfield,middle,-17.867079132952156,31.092755871907972,6.45,5,5,250,1623,28,0,0,0,1,189251.57
Marlborough,middle,-17.781946962786666,30.948555156485416,11.58,2,1,205,963,23,0,0,0,1,178485.65
Budiriro,township,-17.934050797309077,30.928089339139998,16.86,3,2,114,423,41,0,0,0,1,28104.78
Avondale,upper-mid,-17.791146036221512,31.027319450073374,4.81,5,4,359,1894,13,0,1,0,1,415866.54
Budiriro,township,-17.93850992801252,30.93862705203467,16.42,1,1,98,505,32,0,0,0,0,25299.55
Greendale,upper-mid,-17.78643466973495,31.1303262356399,10.3,3,2,185,1152,22,0,1,1,1,382269.19
Mabelreign,middle,-17.8091808695588,31.003154004667124,5.05,3,2,243,1725,24,0,1,0,1,149030.21
Glen Lorne,premium,-17.742488138342427,31.17657246603859,17.06,1,1,474,1468,10,1,1,0,1,442142.26
Marlborough,middle,-17.78534380920351,30.950830845598794,11.19,3,3,178,757,31,0,1,0,1,204873.75
Mabelreign,middle,-17.80374936685429,31.004010429371093,5.29,8,6,155,574,29,0,0,1,1,203460.66
Glen View,township,-17.924445814793373,30.97725643352235,12.62,1,1,87,485,4,0,0,0,0,35078.03
Mabelreign,middle,-17.809402567089204,30.999521905416415,5.38,6,6,233,1868,17,0,0,0,1,196749.95
Borrowdale,premium,-17.74122492146189,31.09481268509077,11.29,7,6,308,1216,18,0,1,1,1,738529.92
Greendale,upper-mid,-17.780529483283264,31.123730957418772,10.05,3,3,244,840,15,0,1,1,1,391918.82
Borrowdale,premium,-17.740450265785373,31.10049075427278,11.66,1,1,343,2265,23,0,1,0,1,527242.67
Mt Pleasant,premium,-17.77992404092662,31.015149716807628,6.5,8,6,391,2093,11,1,1,1,1,781869.79
Belvedere,middle,-17.85139747642208,31.012524279762115,4.12,2,2,133,773,11,0,1,0,1,157024.15
Hatfield,middle,-17.868612859453652,31.08871686232273,6.24,2,1,148,298,7,0,1,0,1,138479.0
Hatfield,middle,-17.870429132358698,31.09369139378048,6.77,2,2,182,922,23,0,1,0,1,133702.42
Mufakose,township,-17.912336292556347,30.96174728444565,12.63,2,2,68,306,0,0,0,0,1,50255.45
Hatfield,middle,-17.86617341044062,31.090082898426036,6.17,2,1,166,863,0,0,0,1,1,121013.84
Mabelreign,middle,-17.804772841001498,30.99720440340695,5.84,3,2,113,377,0,0,1,0,1,158218.08
Glen Lorne,premium,-17.742633879817888,31.18573406515818,17.85,3,2,307,1558,4,1,1,1,1,574011.23
Highlands,upper-mid,-17.79268052296531,31.072718630773945,5.17,5,5,298,1263,8,0,1,0,1,533408.97
Avonlea,middle,-17.78001379043654,30.989211146181177,8.19,5,4,185,830,0,0,0,0,1,303292.49
Mufakose,township,-17.909914773768758,30.958925041149055,12.65,4,3,110,627,14,0,1,0,1,53076.47
Borrowdale,premium,-17.73796408546179,31.096748485508414,11.71,2,2,363,1550,7,0,1,1,1,656967.72
Marlborough,middle,-17.78250230546154,30.94638872342092,11.75,3,3,169,760,29,0,0,1,1,207245.75
Belvedere,middle,-17.852710839029385,31.018557026691568,3.7,1,1,148,412,17,0,1,0,0,136578.37
Borrowdale,premium,-17.74613584804907,31.098836682534728,11.02,4,3,330,1588,36,0,1,1,1,658979.36
Greendale,upper-mid,-17.791745956365215,31.12820125390906,9.83,4,4,205,1267,12,0,0,0,1,390366.25
Glen View,township,-17.928182180046004,30.96483068158663,13.74,7,6,99,532,14,0,0,0,1,64136.46
Belvedere,middle,-17.8489116330273,31.02546329377819,2.87,3,2,154,478,2,0,0,0,1,179250.17
Highlands,upper-mid,-17.79572535579293,31.066025640045186,4.51,5,4,373,2233,5,0,0,0,1,565039.4
Mabelreign,middle,-17.809445314866995,30.99601467424075,5.71,3,2,156,391,0,0,1,1,1,169834.36
Greendale,upper-mid,-17.789959162853748,31.128952553360186,9.99,1,1,178,983,39,1,1,0,1,245941.72
Mabelreign,middle,-17.807171263906902,31.004331364559732,5.06,2,1,157,977,18,0,0,0,1,109918.42
Vainona,upper-mid,-17.77757568816517,31.069766734611015,6.49,4,4,220,1194,18,0,0,1,1,420689.82
Avonlea,middle,-17.767058212745578,30.988432765052693,9.3,1,1,155,757,33,0,0,0,1,157769.64
Greendale,upper-mid,-17.7928963182475,31.132351339836156,10.17,1,1,223,963,26,0,0,1,1,270771.98
Vainona,upper-mid,-17.7832962766784,31.082308917298512,6.61,3,2,402,2384,11,0,1,0,1,392907.03
Mufakose,township,-17.91556114023977,30.95930347448922,13.06,6,5,82,336,22,0,0,0,0,60314.63
Ballantyne Park,premium,-17.760600628149966,31.082376614364392,8.77,3,2,422,2132,21,1,1,1,1,474695.42
Glen Lorne,premium,-17.748864730264952,31.18528664521493,17.44,2,1,421,2219,11,0,1,1,1,541823.62
Greendale,upper-mid,-17.786754025032106,31.129357803905492,10.2,7,6,351,1342,0,0,1,0,1,648639.13
Hatfield,middle,-17.864354376774084,31.08940279614228,5.99,1,1,186,749,11,1,1,0,1,118500.99
Mabelreign,middle,-17.80949152897054,30.996195524227534,5.69,1,1,191,491,15,0,0,0,1,116215.42
Budiriro,township,-17.94083519282569,30.941727515247454,16.39,2,2,117,743,33,0,0,0,1,34561.14
Vainona,upper-mid,-17.783717900088252,31.08408801703011,6.69,2,2,295,1233,0,0,0,0,1,323254.11
Greendale,upper-mid,-17.780338215352756,31.12538309062919,10.21,3,3,177,956,15,1,1,1,1,376053.19
Mt Pleasant,premium,-17.782442712550182,31.016370695740722,6.19,4,3,453,2788,21,1,1,1,1,610755.73
Avonlea,middle,-17.767642480201335,30.994469741609027,8.85,4,3,251,1756,43,0,1,1,1,232319.25
Budiriro,township,-17.93808212478324,30.932948309069594,16.8,1,1,107,568,24,0,0,0,1,28017.93
Belvedere,middle,-17.84251638881821,31.018461556172806,3.09,4,4,107,416,27,0,0,0,1,177909.18
Avonlea,middle,-17.76830992985481,30.9836765385015,9.53,1,1,227,1741,14,0,0,1,0,196360.75
Greendale,upper-mid,-17.793456351895912,31.127496539880752,9.68,6,5,223,1052,39,0,1,1,1,453284.56
Glen View,township,-17.92591212524487,30.96969654899534,13.22,4,4,107,428,6,0,0,0,1,60091.5
Marlborough,middle,-17.78439840115152,30.9490028499334,11.41,8,6,152,692,25,0,1,1,1,317495.08
Mt Pleasant,premium,-17.77672723637971,31.02330339105769,6.46,3,2,488,3731,16,1,1,1,1,524990.98
Greendale,upper-mid,-17.790696299861498,31.126152325100797,9.69,1,1,247,1190,0,0,0,0,1,288258.45
Glen Lorne,premium,-17.737247807611656,31.1802592244433,17.71,4,3,203,1114,19,1,0,1,1,499030.59
Highlands,upper-mid,-17.794255579599092,31.075433169077332,5.2,2,1,276,1578,17,0,0,0,1,356495.71
Borrowdale,premium,-17.732471681071136,31.108909797906655,12.88,2,1,288,1990,26,0,1,1,1,543882.23
Avondale,upper-mid,-17.789165006528744,31.02538908042645,5.09,3,2,238,1245,0,1,0,0,1,363273.51
Belvedere,middle,-17.847767633789108,31.021053428567345,3.15,2,2,218,1371,36,0,0,1,1,175535.92
Greendale,upper-mid,-17.783389287135126,31.13839304622194,11.22,3,2,208,1723,6,1,1,0,1,470498.88
Avondale,upper-mid,-17.79409209612597,31.03774589622354,4.18,1,1,142,754,13,0,0,1,1,256820.61
Kambuzuma,township,-17.858818598413514,30.965832701006473,8.93,2,1,56,243,31,0,0,0,1,30264.66
Hatfield,middle,-17.87222747410099,31.084651016000965,6.22,2,2,162,1077,0,0,0,0,0,149374.82
Marlborough,middle,-17.771152481438893,30.946181394144038,12.4,4,4,251,1854,12,0,1,0,1,304589.91
Vainona,upper-mid,-17.785805248963285,31.084030399456402,6.51,2,1,291,1280,23,1,1,0,1,360349.55
Glen View,township,-17.932141435213083,30.97204555099565,13.64,1,1,118,791,2,0,0,0,1,38026.99
Highlands,upper-mid,-17.792467644392474,31.06734134601856,4.89,1,1,259,797,5,0,1,0,1,331243.45
Vainona,upper-mid,-17.781580242454048,31.075393510919348,6.37,4,3,200,999,12,1,1,0,1,451370.89
Glen View,township,-17.929091120251606,30.973521415101995,13.27,2,1,89,475,18,0,0,0,1,35130.89
Marlborough,middle,-17.77694039777893,30.95414037996274,11.34,3,3,260,1064,8,0,0,0,1,270407.63
Hatfield,middle,-17.87373156158567,31.089729225678887,6.71,2,2,162,1009,22,0,1,0,1,125606.72
Avonlea,middle,-17.770928644938703,30.98265485021381,9.39,1,1,245,1339,20,0,1,0,1,175854.56
Belvedere,middle,-17.851870761706294,31.028742769385648,2.89,3,2,117,456,23,0,1,0,1,174974.8
Vainona,upper-mid,-17.773199163645298,31.078820225750796,7.36,1,1,283,1918,0,1,0,1,1,427065.24
Highlands,upper-mid,-17.78348249930879,31.065920349293705,5.73,4,4,249,965,7,1,1,0,1,439651.15
Vainona,upper-mid,-17.78371778967061,31.0744217299942,6.11,3,2,223,915,29,0,1,0,1,313915.05
Ballantyne Park,premium,-17.764904184391543,31.079662444795073,8.21,5,4,515,1916,0,1,1,1,1,652594.69
Mufakose,township,-17.913129067688097,30.961707621980803,12.69,1,1,55,348,33,0,0,0,1,29269.03
Vainona,upper-mid,-17.780454972948434,31.085225212716306,7.05,4,3,254,1496,12,0,0,1,1,429472.75
Avonlea,middle,-17.76888975820178,30.992037985277108,8.9,2,1,201,581,39,0,1,0,1,172247.45
Mabelreign,middle,-17.804238419785598,31.00104871216679,5.52,3,3,118,571,6,0,0,0,1,115971.31
Mabelreign,middle,-17.81246829941591,31.005986573671436,4.62,2,2,126,762,30,1,0,0,1,122335.72
Avondale,upper-mid,-17.792275048565603,31.03096697742181,4.56,2,2,270,1296,14,0,1,0,1,297202.46
Avondale,upper-mid,-17.79364572625145,31.0304827737315,4.43,5,4,201,1390,18,0,1,0,1,369474.76
Budiriro,township,-17.940080005949387,30.947630604043876,15.91,2,2,55,226,30,0,0,0,1,31116.15
Belvedere,middle,-17.84632332726677,31.01974808997258,3.17,5,4,148,473,26,0,1,0,1,172157.64
Mabelreign,middle,-17.81005772102288,31.004290136220746,4.9,4,4,211,1438,24,0,1,0,1,136388.81
Glen View,township,-17.927403752477765,30.976989851207918,12.91,4,3,62,247,32,0,0,0,0,46029.83
Mabelreign,middle,-17.81063125927887,30.99624078763345,5.64,3,3,135,451,18,0,0,0,1,132137.71
Ballantyne Park,premium,-17.75753819500817,31.08302718509565,9.11,3,3,284,1801,32,1,0,1,1,406574.13
Avonlea,middle,-17.77400547103337,30.981295425581216,9.25,6,6,210,1673,0,0,1,1,1,364768.53
Mt Pleasant,premium,-17.789024275497145,31.016824967354065,5.54,3,2,479,3561,20,0,0,1,1,516628.82
Belvedere,middle,-17.847494239655756,31.01637731282991,3.54,1,1,132,931,12,0,0,0,1,135948.04
Kambuzuma,township,-17.860864193153766,30.956880388546086,9.9,2,1,89,367,13,0,0,0,1,33725.15
Marlborough,middle,-17.783276305311453,30.95158476996953,11.22,2,2,141,759,16,1,1,0,1,226698.92
Avondale,upper-mid,-17.794608777787502,31.035769030651245,4.16,4,3,342,1829,30,0,1,0,1,340295.62
Borrowdale,premium,-17.739008801768588,31.100426912798522,11.79,4,4,370,1870,13,0,1,1,1,726469.02
Kambuzuma,township,-17.858326252288364,30.96705559847582,8.79,3,3,80,259,33,0,0,0,0,36146.72
Mt Pleasant,premium,-17.782362649410096,31.018357157520622,6.1,5,4,332,1415,18,1,1,1,1,563391.69
Borrowdale,premium,-17.748858785021138,31.10586118567432,11.18,1,1,344,2065,26,0,1,1,1,495687.95
Highlands,upper-mid,-17.79271910552158,31.077127320866246,5.45,4,4,284,1114,0,0,0,0,1,468130.26
Glen Lorne,premium,-17.739571215742995,31.18575951719632,18.04,1,1,454,1450,34,0,1,1,1,400603.6
Avondale,upper-mid,-17.797977700567,31.028244371310876,4.08,1,1,100,337,20,0,0,1,1,191677.61
Marlborough,middle,-17.76960388742084,30.952518118600135,11.94,5,4,173,788,6,0,0,0,1,268297.96
Vainona,upper-mid,-17.777470329111477,31.07666058425106,6.83,1,1,297,1310,28,1,1,1,1,314872.94
Glen Lorne,premium,-17.74761233745316,31.18512448753471,17.5,2,1,370,1759,34,0,1,0,1,446416.52
Mt Pleasant,premium,-17.775982174724515,31.025095191400084,6.47,3,3,442,2628,0,1,1,1,0,631875.57
Greendale,upper-mid,-17.78751713707712,31.126073019820296,9.85,4,3,186,984,8,0,1,0,1,386926.7
Glen Lorne,premium,-17.7402968558997,31.189865472680694,18.36,1,1,270,1050,10,1,1,1,1,451975.79
Belvedere,middle,-17.848616832314967,31.027954253605508,2.66,5,5,194,883,7,0,1,0,1,213319.94
Highlands,upper-mid,-17.784081295081844,31.06504659823912,5.63,5,4,176,945,25,0,1,0,1,446709.61
Vainona,upper-mid,-17.787717414885506,31.073958892360082,5.71,5,4,215,1019,0,0,0,1,1,431281.52
Greendale,upper-mid,-17.789408322640362,31.13734496908116,10.81,4,3,387,2382,13,0,1,0,1,459816.25
Avondale,upper-mid,-17.789125715002903,31.03190407257181,4.86,3,2,238,1437,30,0,1,1,1,286824.04
Borrowdale,premium,-17.7413271394224,31.102557112838632,11.69,1,1,296,2009,9,0,1,0,1,493616.3
Mt Pleasant,premium,-17.782156537433,31.019975671408893,6.04,4,4,451,3249,35,0,1,1,1,499328.95
Mufakose,township,-17.91519746671696,30.964031612130146,12.69,3,3,72,200,34,0,1,0,1,43837.54
Borrowdale,premium,-17.737428733699332,31.105444169722244,12.22,3,2,385,2248,3,1,1,1,1,667198.41
Marlborough,middle,-17.784276797374147,30.946873252917197,11.62,4,4,129,762,42,0,0,0,1,208649.21
Marlborough,middle,-17.774292391713043,30.94839119320055,12.02,5,4,148,653,20,1,1,0,1,298176.95
Vainona,upper-mid,-17.77796351845547,31.0793504141001,6.93,1,1,238,1472,9,0,0,1,1,351326.17
Avondale,upper-mid,-17.79418230216934,31.03662598054327,4.19,1,1,231,1887,44,1,0,0,1,229550.49
Mabelreign,middle,-17.81526235720396,31.003274142265788,4.75,2,1,136,407,30,0,0,1,0,94351.42
Mabelreign,middle,-17.816673966732292,30.993082505434653,5.72,4,3,159,1275,30,0,1,0,1,137357.07
Highlands,upper-mid,-17.794364121352693,31.065632095098355,4.62,4,4,170,1082,17,0,0,1,1,433435.56
Vainona,upper-mid,-17.776858834189035,31.082859451230885,7.23,3,2,383,2128,35,1,1,0,1,368171.94
Highlands,upper-mid,-17.79316291965793,31.071891859190497,5.08,3,2,240,756,0,0,1,1,1,497932.06
Avondale,upper-mid,-17.78950151965343,31.026459542248293,5.01,4,4,240,1232,27,0,0,1,1,323449.87
Belvedere,middle,-17.845223424429843,31.011309342778077,3.9,3,3,149,1020,35,0,0,0,1,140975.32
Highlands,upper-mid,-17.791316854877504,31.06738615400961,5.01,4,3,182,459,16,0,1,0,1,398049.45
Vainona,upper-mid,-17.78293097738942,31.077346630382944,6.35,4,4,223,1018,26,1,1,1,0,471104.03
Kambuzuma,township,-17.86499672637853,30.962194258947978,9.54,1,1,70,468,34,0,0,0,0,27136.27
Borrowdale,premium,-17.74061000810486,31.098747879707812,11.55,2,1,210,1171,9,1,1,0,1,560147.88
Avondale,upper-mid,-17.784429357406097,31.032581837201278,5.34,7,6,326,2172,11,0,1,1,1,443615.0
Hatfield,middle,-17.867904352125002,31.086006665479466,5.97,4,3,152,336,9,0,1,0,1,144174.93
Ballantyne Park,premium,-17.761939109587683,31.075520095735445,8.33,1,1,245,1260,0,1,1,1,1,432613.87
Borrowdale,premium,-17.73928993162237,31.097356171212983,11.61,4,3,366,2139,30,0,0,1,1,560139.18
Mt Pleasant,premium,-17.774245066999885,31.023851587285773,6.7,4,4,521,4298,21,1,0,1,1,625055.21
Glen View,township,-17.927344794820034,30.969379345650427,13.37,2,2,116,689,23,0,0,0,0,40652.84
Borrowdale,premium,-17.73951849661132,31.09378536988296,11.41,2,2,315,2057,27,0,1,0,1,551230.99
Ballantyne Park,premium,-17.76174504698859,31.079982424375714,8.55,1,1,377,1291,25,0,1,1,1,327504.0
Borrowdale,premium,-17.74074789081408,31.096157206829492,11.4,3,2,360,1883,18,1,0,1,1,686919.55
Mt Pleasant,premium,-17.774849308658297,31.023455789040554,6.65,8,6,359,1760,18,0,1,1,1,603100.5
Avonlea,middle,-17.75982093290899,30.989814946897557,9.84,2,1,131,523,19,0,0,0,1,189602.92
Highlands,upper-mid,-17.784752511130282,31.0686399412956,5.72,3,3,259,331,15,0,1,0,1,405385.87
Avonlea,middle,-17.76756008221451,30.987928144240342,9.29,5,4,177,306,7,0,0,0,1,264264.88
Avonlea,middle,-17.770023963424855,30.99166361054116,8.82,5,5,157,993,16,0,1,0,1,233240.72
Mabelreign,middle,-17.80522510600409,30.995895654943514,5.94,6,6,233,395,15,0,1,0,1,196936.34
Borrowdale,premium,-17.741678461922675,31.10146851392788,11.59,2,1,307,810,30,0,1,0,1,470467.3
Mabelreign,middle,-17.81222783244069,30.99255485126736,5.93,4,3,229,889,32,0,1,0,1,137982.41
Avonlea,middle,-17.769922982185292,30.985483926742457,9.26,4,3,219,910,13,0,0,1,1,249372.51
Ballantyne Park,premium,-17.758619041681193,31.08806747262724,9.25,4,4,359,1664,0,0,1,0,1,541843.77
Hatfield,middle,-17.867942202162236,31.088675519730483,6.18,5,4,200,761,0,0,0,0,1,205637.15
Mufakose,township,-17.912745944565945,30.964091628575446,12.49,4,3,79,475,35,0,0,0,1,51728.05
Highlands,upper-mid,-17.79170680756681,31.073567313804876,5.31,4,3,262,1727,47,0,1,0,1,390317.32
Glen View,township,-17.93873126138221,30.971974681064147,14.26,2,2,86,365,34,0,0,0,0,31947.93
Avondale,upper-mid,-17.785019980184806,31.035248758996385,5.22,1,1,171,818,10,0,1,1,1,276101.72
Avonlea,middle,-17.77106647128588,30.993015000983064,8.64,3,3,173,750,24,0,0,0,1,224857.33
Budiriro,township,-17.935150358275745,30.948197812826155,15.46,1,1,54,200,25,0,0,1,1,30216.59
Greendale,upper-mid,-17.790744554022613,31.123998392432604,9.49,2,2,297,1295,22,1,0,0,1,363199.99
Mabelreign,middle,-17.81246393114071,31.0033396783359,4.87,2,2,102,491,0,0,1,0,1,133869.81
Vainona,upper-mid,-17.7794936967909,31.072052608545317,6.4,3,2,225,1261,27,1,0,1,1,402178.95
Mabelreign,middle,-17.809986782263664,30.98976262253643,6.3,1,1,218,944,39,0,1,1,1,111867.87
Avonlea,middle,-17.770293338996,30.98968213996322,8.94,4,3,122,526,37,0,1,0,1,206116.68
Highlands,upper-mid,-17.791431385476763,31.068616154494453,5.06,4,3,265,1691,6,0,1,0,1,417740.18
Greendale,upper-mid,-17.786103863724442,31.14135096638821,11.36,3,3,223,1231,17,0,1,1,1,356708.53
Vainona,upper-mid,-17.775407389396285,31.086256539979107,7.57,3,2,246,1326,6,0,0,1,1,373737.64
Glen Lorne,premium,-17.75156799250575,31.18040963627565,16.84,3,2,347,1722,25,1,1,0,1,480726.84
Borrowdale,premium,-17.741495659731417,31.103685787791786,11.73,3,2,405,1735,29,1,1,1,1,528762.82
Greendale,upper-mid,-17.791706310119345,31.12477171272351,9.51,3,2,343,1925,23,0,1,1,1,380719.28
Borrowdale,premium,-17.731893429759285,31.106168042829175,12.78,4,4,383,1978,31,0,1,1,1,684695.92
Ballantyne Park,premium,-17.764362187231388,31.07859387383914,8.22,5,4,499,1526,2,0,1,0,1,529331.39
Hatfield,middle,-17.871082292500596,31.095582586431252,6.97,3,2,142,568,22,1,0,0,0,156615.27
Hatfield,middle,-17.870097533409176,31.09118187660178,6.54,6,5,204,1125,28,0,0,1,1,184746.73
Hatfield,middle,-17.871872924446926,31.09182065448437,6.72,1,1,209,545,0,0,0,0,1,123618.36
Vainona,upper-mid,-17.784159625738702,31.07100127834117,5.89,3,2,330,1998,9,0,1,0,1,399312.19
Mufakose,township,-17.913462998887155,30.955414255610844,13.19,4,3,74,616,16,0,0,0,0,51661.84
Avonlea,middle,-17.773286840504657,30.991429894895646,8.56,3,2,192,908,33,0,0,0,1,178176.27
Mt Pleasant,premium,-17.775431153801833,31.019371867652747,6.75,3,3,324,1340,10,1,1,0,1,506292.58
Mt Pleasant,premium,-17.77846575223633,31.019157746475585,6.45,1,1,203,949,7,1,1,0,1,437769.94
Belvedere,middle,-17.856410825303524,31.019084089201964,3.94,6,5,127,491,25,0,1,0,1,262192.81
Ballantyne Park,premium,-17.75961476367357,31.07855470780879,8.7,3,2,375,1360,31,1,1,1,1,446778.09
Marlborough,middle,-17.786470773939953,30.946899713049397,11.51,1,1,227,1192,2,0,1,1,1,259000.12
Budiriro,township,-17.945036394027074,30.93514151167572,17.2,3,2,131,768,22,0,1,0,0,36236.84
Borrowdale,premium,-17.734933030033847,31.110848606789176,12.76,1,1,534,3190,14,1,1,1,1,605427.0
Borrowdale,premium,-17.740960595564708,31.102968217081216,11.74,7,6,496,1517,8,0,1,0,0,911700.73
Budiriro,township,-17.939932546002847,30.94200061916163,16.29,3,2,98,762,21,0,0,0,1,37264.0
Avonlea,middle,-17.770818077044268,30.990457048865807,8.84,2,2,168,895,26,0,0,0,1,193286.97
Mt Pleasant,premium,-17.778322959053874,31.014863323218908,6.67,2,2,292,2198,11,0,1,0,1,442569.41
Glen View,township,-17.93438062431965,30.969860264931004,13.98,1,1,64,381,23,0,0,0,0,27247.07
Mufakose,township,-17.910842275853092,30.957005049769585,12.87,3,2,74,342,0,0,0,0,1,52832.48
Marlborough,middle,-17.781804339615316,30.95767765574297,10.74,3,2,200,925,10,0,0,0,0,218959.81
Avonlea,middle,-17.76895759878778,30.98008145678998,9.74,1,1,123,521,11,0,1,0,1,182475.74
Vainona,upper-mid,-17.7783244217181,31.083408631134482,7.13,4,3,218,574,40,0,1,0,1,330017.23
Glen Lorne,premium,-17.743629720593184,31.18805596967718,17.99,2,2,382,1372,15,0,1,1,1,501578.83
Avonlea,middle,-17.772571572594636,30.973713161786666,9.96,4,4,164,598,25,0,1,0,1,195714.69
Vainona,upper-mid,-17.771643793666886,31.087948649223566,8.01,5,4,274,789,0,0,1,1,1,537559.91
Belvedere,middle,-17.854096482270357,31.018590191984774,3.8,1,1,168,964,23,0,0,0,1,109776.16
Mabelreign,middle,-17.808043968180122,31.00338389888969,5.09,1,1,245,1491,15,0,0,1,0,117598.25
Borrowdale,premium,-17.73536260916002,31.104963961627274,12.39,1,1,276,200,27,1,0,0,1,479012.83
Avonlea,middle,-17.76448375862706,30.99733108787011,8.95,8,6,178,545,6,0,0,1,1,333381.05
Highlands,upper-mid,-17.795087058628432,31.079146011489325,5.39,5,5,307,1524,0,1,1,0,1,543181.71
Mufakose,township,-17.906039382643556,30.96176749644223,12.13,2,1,119,609,13,0,0,0,1,44503.08
Highlands,upper-mid,-17.79044020507777,31.06252007514614,4.88,3,3,279,1506,24,0,0,0,1,380292.94
Avonlea,middle,-17.764641436079316,30.98362533922353,9.83,3,3,231,1716,18,0,1,0,1,264376.17
Marlborough,middle,-17.780239994485655,30.942356310030195,12.25,2,1,235,1099,26,0,1,1,1,214279.63
Greendale,upper-mid,-17.785332795788836,31.1346433454968,10.76,5,5,298,1346,10,0,1,1,1,451552.68
Belvedere,middle,-17.85663736640054,31.027476473345946,3.4,1,1,112,826,25,1,0,0,1,143834.01
Hatfield,middle,-17.86937736279272,31.087000028066498,6.16,1,1,238,467,10,0,0,1,1,114738.53
Avonlea,middle,-17.766523226653742,30.980088268930903,9.93,2,2,192,972,19,0,0,0,1,188310.07
Hatfield,middle,-17.871207214199902,31.091241079201104,6.63,7,6,172,1146,25,0,0,0,1,195702.65
Budiriro,township,-17.931709828541198,30.939013407251448,15.85,1,1,58,200,17,0,0,0,1,29506.88
Avondale,upper-mid,-17.79231005949603,31.03711294230199,4.38,5,5,160,872,43,0,1,1,1,316433.26
Marlborough,middle,-17.779417030403845,30.950040685070537,11.57,4,4,194,1071,25,0,0,0,1,277528.26
Borrowdale,premium,-17.742817135747096,31.10227939008978,11.53,1,1,336,1907,16,0,1,1,1,489463.91
Mabelreign,middle,-17.807026562847767,31.00276582573798,5.21,5,4,207,1610,23,0,0,0,0,161772.57
Marlborough,middle,-17.77234744051146,30.953343918803046,11.69,1,1,166,631,8,0,1,0,1,186774.06
Greendale,upper-mid,-17.78917764084034,31.12361764474215,9.53,4,3,380,960,32,1,1,1,1,389781.71
Glen Lorne,premium,-17.743118513142694,31.183701371537456,17.64,1,1,369,2400,24,0,1,1,1,443274.49
Mufakose,township,-17.907888073194037,30.965044254201352,12.03,3,2,107,650,19,0,1,0,0,44736.66
Greendale,upper-mid,-17.793027163211878,31.11806797659316,8.81,2,1,301,2005,10,0,1,0,1,344723.65
Belvedere,middle,-17.857744873653726,31.02148277430649,3.88,3,2,179,799,43,0,0,1,1,142560.49
Ballantyne Park,premium,-17.749984295980592,31.07856286152553,9.68,4,3,392,1472,0,1,0,1,1,518962.44
Kambuzuma,township,-17.856241137252788,30.957493266629996,9.68,3,3,96,508,33,0,0,0,1,43448.6
Ballantyne Park,premium,-17.759451004093272,31.07814730056208,8.7,2,2,228,1436,12,0,1,1,1,395163.27
Highlands,upper-mid,-17.785495150454608,31.074429050697876,5.94,6,5,330,1741,38,0,1,0,1,472745.69
Mufakose,township,-17.910923035793502,30.953417154141793,13.15,2,1,97,374,12,0,0,0,1,50420.05
Glen View,township,-17.930622244724397,30.97302473811118,13.44,1,1,106,520,22,0,1,0,0,38170.09
Highlands,upper-mid,-17.781356567928004,31.070851751299625,6.16,4,3,303,2006,17,1,1,1,0,490261.78
Avondale,upper-mid,-17.78908397039582,31.026664937411518,5.05,1,1,91,601,24,1,0,0,1,205842.56
Hatfield,middle,-17.865339955250928,31.092956037475684,6.35,3,3,207,950,2,0,0,0,1,148265.96
Mufakose,township,-17.91126877196946,30.95588888479386,12.98,3,3,88,239,23,0,0,0,0,47255.56
Greendale,upper-mid,-17.782606146937795,31.138521902399834,11.27,7,6,279,1289,16,0,0,0,1,497146.83
Marlborough,middle,-17.78041249090259,30.949000299310057,11.62,3,3,209,1088,16,0,1,0,1,276885.55
Hatfield,middle,-17.870835903189334,31.090949935400136,6.58,1,1,231,1727,0,0,1,0,1,136803.54
Hatfield,middle,-17.872335600293958,31.09537480591946,7.04,5,4,189,880,30,0,1,0,1,174875.09
Mabelreign,middle,-17.80887466251687,31.002175843356575,5.16,7,6,176,829,34,0,1,1,1,176945.68
Avonlea,middle,-17.763101986070044,30.993800203217596,9.29,6,5,145,497,3,1,1,0,1,333513.39
Mt Pleasant,premium,-17.779453150285025,31.013517602307648,6.63,3,3,136,507,25,1,0,0,1,429780.23
Glen View,township,-17.93079145481496,30.966407611849196,13.87,6,5,112,643,36,0,0,0,1,52566.08
Mufakose,township,-17.90484903286844,30.95925514513021,12.24,4,4,48,209,14,0,0,0,0,56770.71
Mabelreign,middle,-17.81153633281441,31.007541803841423,4.52,2,2,210,1085,12,0,1,0,0,109402.98
Mt Pleasant,premium,-17.774300617516744,31.018960526290943,6.88,2,1,321,1281,18,0,1,1,1,434363.99
Highlands,upper-mid,-17.790882819436124,31.073086047668227,5.36,3,3,278,1618,26,0,1,0,1,445123.46
Hatfield,middle,-17.866901599538675,31.080746295262795,5.5,2,1,218,1685,39,0,1,0,1,92784.59
Borrowdale,premium,-17.743801341527345,31.09996939676359,11.31,2,1,327,997,20,1,1,1,1,643326.17
Budiriro,township,-17.935547845478023,30.93822001109744,16.21,3,3,83,440,25,0,0,0,1,33321.01
Greendale,upper-mid,-17.78911681960181,31.136937145820863,10.79,3,3,281,602,22,0,0,0,1,365472.5
Hatfield,middle,-17.8706002942478,31.089027763743303,6.41,2,2,166,999,17,0,1,0,1,127963.71
Mufakose,township,-17.909835837537244,30.959493468163288,12.6,3,3,64,279,15,0,0,0,0,50907.31
Greendale,upper-mid,-17.791697667770787,31.12826990658153,9.84,4,4,236,1620,22,0,0,0,1,386650.98
Vainona,upper-mid,-17.7868138675304,31.083191551790716,6.36,3,2,285,1438,12,0,0,0,1,363481.97
Avonlea,middle,-17.767849331312043,30.98993183717035,9.13,2,1,170,676,6,0,0,0,1,196113.47
Avonlea,middle,-17.770458524565797,31.002065393683846,8.12,3,3,156,1163,13,0,0,1,0,250653.13
Greendale,upper-mid,-17.79152871486554,31.124702874489767,9.51,7,6,282,2152,26,0,0,0,1,469887.15
Avonlea,middle,-17.769035998814342,30.99454108715417,8.72,6,6,233,1658,25,1,0,0,1,298904.46
Kambuzuma,township,-17.8577026016299,30.960500455364144,9.42,3,3,109,512,43,0,0,0,0,37633.44
Avondale,upper-mid,-17.783937881566885,31.036538163537575,5.31,1,1,277,2331,13,0,1,0,1,285006.75
Highlands,upper-mid,-17.790773833451844,31.0634151455176,4.88,5,4,335,1471,33,0,1,0,1,469850.85
Greendale,upper-mid,-17.789831365769693,31.119211285571446,9.09,4,4,246,1598,28,0,1,0,1,397985.02
Greendale,upper-mid,-17.796578664131957,31.128109395634336,9.59,1,1,142,850,31,0,0,1,1,268378.18
Mt Pleasant,premium,-17.775627051270583,31.02331142703237,6.57,4,3,343,1203,0,1,1,1,1,600982.54
Ballantyne Park,premium,-17.759070404150346,31.090958539735755,9.36,2,2,417,1681,24,0,1,0,1,397524.74
Belvedere,middle,-17.848256990225664,31.01997825200328,3.27,4,3,116,532,20,0,1,0,1,203422.63
Vainona,upper-mid,-17.77452548939279,31.087814747583703,7.74,2,1,185,1104,20,0,1,0,1,308323.9
Kambuzuma,township,-17.850944638922922,30.959778291907334,9.29,3,3,92,535,18,0,0,0,1,46249.97
Highlands,upper-mid,-17.78699926053914,31.067026148932143,5.42,2,1,218,1049,25,0,0,0,1,266392.24
Mt Pleasant,premium,-17.77914113841178,31.021342607392302,6.29,6,5,420,3360,29,1,1,1,1,590347.03
Hatfield,middle,-17.873199196272253,31.086860987824647,6.45,3,3,161,801,0,0,0,0,1,156928.59
Mufakose,township,-17.908052278235626,30.960709139592282,12.37,4,4,83,605,6,0,0,0,1,55717.35
Vainona,upper-mid,-17.775246631180767,31.073976486027085,6.92,1,1,323,1929,6,1,0,0,1,342677.44
Highlands,upper-mid,-17.790761726134523,31.06837223421418,5.11,3,3,146,743,41,1,1,0,1,292148.14
Ballantyne Park,premium,-17.7575892080005,31.081241584197777,9.02,2,2,169,815,41,0,1,0,1,273976.94
Marlborough,middle,-17.77858550467444,30.954398823640638,11.22,4,3,149,377,26,0,1,0,1,215388.74
Avondale,upper-mid,-17.792089334696907,31.027043486141594,4.73,5,5,126,526,33,1,1,1,1,334770.86
Highlands,upper-mid,-17.793461407251467,31.07160774680513,5.04,3,3,273,1986,21,0,1,1,1,408270.13
Borrowdale,premium,-17.73358838042863,31.092142813931133,11.93,7,6,255,1368,27,1,1,0,1,803647.65
Avondale,upper-mid,-17.784476853182266,31.027997414508267,5.48,2,2,141,628,26,1,1,1,1,287354.49
Kambuzuma,township,-17.864027206531375,30.954675366596287,10.24,3,2,92,472,25,0,0,0,1,38879.86
Belvedere,middle,-17.84381978384796,31.010163250565178,3.95,4,3,177,1211,5,0,1,0,1,215425.75
Marlborough,middle,-17.7728875610425,30.952168622927832,11.76,2,2,152,914,0,0,1,1,1,262332.55
Mt Pleasant,premium,-17.782567631195644,31.018799849503903,6.06,1,1,355,2650,35,0,1,1,1,366468.24
Highlands,upper-mid,-17.79174925958311,31.065650881774154,4.88,2,2,207,750,7,0,1,1,1,436511.7
Vainona,upper-mid,-17.78613341908751,31.090115322136388,6.91,5,5,278,1801,0,1,1,1,1,638946.04
Hatfield,middle,-17.858019478545216,31.09952746509549,6.51,2,1,286,1569,20,0,1,0,1,141359.85
Mufakose,township,-17.912771219337298,30.957053632512643,13.01,2,2,86,381,22,0,0,0,1,44418.84
Glen View,township,-17.926036598292615,30.96323912957311,13.66,1,1,55,230,2,0,0,0,1,34107.55
Budiriro,township,-17.936987335753674,30.94325378449338,15.96,7,6,63,307,17,0,0,0,1,59047.06
Budiriro,township,-17.942968861520903,30.939283330489722,16.74,4,4,128,371,35,0,0,0,1,41094.19
Kambuzuma,township,-17.864312297875525,30.955853415529216,10.14,2,1,123,545,29,0,0,0,1,33626.16
Glen Lorne,premium,-17.74428202655837,31.18320819143764,17.52,5,4,505,2371,22,1,1,1,1,751905.67
Mt Pleasant,premium,-17.779689693571537,31.02572669715267,6.06,6,5,211,1028,29,1,1,1,1,599755.55
Vainona,upper-mid,-17.780181203172752,31.08180994839766,6.86,2,1,322,1953,26,1,0,0,1,372569.88
Marlborough,middle,-17.772598332527767,30.95284035331635,11.72,2,2,206,955,28,0,0,0,1,205602.77
Glen Lorne,premium,-17.737565653534336,31.17986686624022,17.66,4,4,494,1790,39,0,1,1,1,592985.3
Mabelreign,middle,-17.801428851575192,30.99749993239875,6.01,2,1,218,1261,26,0,1,1,1,139580.51
Avonlea,middle,-17.769453912869526,30.994468004250745,8.69,1,1,145,809,9,0,1,1,1,203504.77
Marlborough,middle,-17.784296747787852,30.952739367847325,11.06,2,2,140,851,50,0,1,0,0,136949.6
Ballantyne Park,premium,-17.76240439257185,31.083797316005544,8.66,2,2,329,1530,23,0,1,1,1,361853.93
Highlands,upper-mid,-17.79098442674462,31.077408940377207,5.62,2,1,239,705,28,0,0,1,1,309413.08
Ballantyne Park,premium,-17.76375064603739,31.084204222004132,8.55,2,2,297,1312,23,1,1,0,1,417265.97
Mabelreign,middle,-17.80711969373568,30.996132671035905,5.81,2,1,143,707,1,0,0,0,1,117633.61
Avonlea,middle,-17.774123059711208,30.990046609017835,8.59,5,5,192,704,21,0,0,1,1,293645.54
Hatfield,middle,-17.87273823239164,31.09063289638588,6.7,1,1,188,1041,3,0,0,1,1,127399.24
Vainona,upper-mid,-17.784496414404877,31.083789542210162,6.6,4,3,291,1520,23,0,1,1,1,422532.82
Greendale,upper-mid,-17.79098799496217,31.139232605724473,10.92,4,3,297,1400,30,0,1,0,1,354062.94
Greendale,upper-mid,-17.78275858447353,31.123831616705047,9.92,3,3,280,838,24,1,0,1,1,348756.03
Hatfield,middle,-17.86655698140834,31.090387774066233,6.22,5,4,186,1215,5,0,1,0,1,166101.97
Hatfield,middle,-17.871049544144665,31.09433260860421,6.86,2,2,191,924,27,0,1,0,1,139276.14
Highlands,upper-mid,-17.781863397359768,31.064531672590334,5.84,3,2,310,2156,15,0,1,1,0,440898.85
Kambuzuma,township,-17.857788895405516,30.954707289029834,10.01,1,1,102,713,30,0,0,0,0,29748.03
Mt Pleasant,premium,-17.786989185332033,31.02221708859393,5.46,2,1,271,838,24,1,1,1,1,405539.77
Glen View,township,-17.933040638057264,30.96575331418924,14.11,1,1,87,418,10,0,0,0,0,35179.9
Mt Pleasant,premium,-17.779662437968646,31.02929088808469,5.95,4,3,403,3169,19,1,1,0,1,487956.27
Highlands,upper-mid,-17.79448834445559,31.068828222558682,4.78,3,3,195,908,27,0,0,0,1,333096.85
Mabelreign,middle,-17.804053746984053,30.998697252396042,5.74,5,5,225,1364,16,0,0,0,1,168960.89
Ballantyne Park,premium,-17.75784976447118,31.08437347025016,9.14,1,1,401,2262,30,1,1,1,1,373312.31
Greendale,upper-mid,-17.78151410179444,31.129602588810652,10.51,4,3,180,1116,10,1,1,0,1,405013.64
Avondale,upper-mid,-17.784333129431236,31.03197603924508,5.37,4,4,309,1215,10,0,1,1,1,356760.42
Highlands,upper-mid,-17.798940705193708,31.065735666768216,4.19,2,1,275,1272,24,0,0,1,1,358428.51
Hatfield,middle,-17.86711494669995,31.09256564829296,6.44,7,6,101,502,20,0,0,0,1,182520.02
Mabelreign,middle,-17.80935527341546,31.003257549198302,5.03,5,4,127,809,22,1,0,0,1,168907.15
Mufakose,township,-17.907631069871293,30.95617442771828,12.69,5,4,94,361,15,0,1,0,1,61256.44
Vainona,upper-mid,-17.781737789949744,31.08301077719045,6.8,1,1,276,839,19,1,0,0,1,299257.89
Marlborough,middle,-17.779276095219867,30.947403045648283,11.83,6,6,201,320,0,0,0,0,1,321842.44
Highlands,upper-mid,-17.794760718691,31.07082475293039,4.87,4,4,221,1327,46,1,1,1,1,368603.88
Highlands,upper-mid,-17.793013899500334,31.069338375774198,4.95,1,1,190,922,34,0,1,0,1,240225.39
Ballantyne Park,premium,-17.75902883275562,31.080127578665266,8.82,3,3,461,1902,9,1,1,1,1,575541.98
Kambuzuma,township,-17.860664482303317,30.964777225429923,9.11,3,2,81,404,8,0,0,0,1,47549.21
Mufakose,township,-17.90701844938766,30.9607447139569,12.29,4,4,94,483,19,0,0,0,1,51788.72
Hatfield,middle,-17.87572783711195,31.094653717890328,7.24,3,2,242,1774,37,0,0,1,1,126436.3
Marlborough,middle,-17.77409945157263,30.94147720531324,12.66,1,1,205,1123,0,0,0,1,1,225669.18
Marlborough,middle,-17.785168959213767,30.952401240970417,11.05,2,2,79,643,12,0,1,0,1,223350.78
Marlborough,middle,-17.775195457539056,30.948727130883817,11.93,1,1,179,592,17,0,0,0,1,172568.13
Marlborough,middle,-17.773297713592335,30.952102102947094,11.74,1,1,268,1812,26,0,1,0,1,210132.3
Avondale,upper-mid,-17.793901880266805,31.034997358340043,4.26,5,4,292,1984,15,0,1,0,1,401329.89
Mt Pleasant,premium,-17.775416201994428,31.02195630077617,6.64,4,3,290,1708,36,0,1,1,1,519489.6
Mt Pleasant,premium,-17.775854632450528,31.023759757853522,6.53,7,6,155,784,36,1,0,1,1,478208.96
Kambuzuma,township,-17.851911043126393,30.970758794875902,8.2,3,3,100,624,25,0,0,0,0,37670.21
Avondale,upper-mid,-17.79223756370202,31.031358715706755,4.55,2,1,287,812,34,0,1,1,1,212530.99
Kambuzuma,township,-17.86428502407678,30.957023712065457,10.02,3,2,124,597,10,0,0,0,0,42179.91
Ballantyne Park,premium,-17.757937870859852,31.08584394674154,9.2,3,2,165,846,20,1,1,1,1,391157.96
Marlborough,middle,-17.780734999815483,30.953477586737346,11.19,3,2,226,1079,11,1,1,0,1,232941.78
Highlands,upper-mid,-17.781775187440896,31.066936822934462,5.95,1,1,316,1528,16,0,1,0,1,340183.37
Highlands,upper-mid,-17.792702782244078,31.06254856705044,4.65,2,2,381,1589,46,1,1,1,1,368411.51
Borrowdale,premium,-17.741065016597982,31.100940653335943,11.62,6,6,357,1081,20,0,1,1,1,801404.83
Mt Pleasant,premium,-17.777705319868097,31.02418872452023,6.32,3,3,353,1464,34,0,0,1,1,384151.82
Glen View,township,-17.9211275719693,30.976873699825347,12.35,2,1,97,360,23,0,0,0,0,34977.62
Vainona,upper-mid,-17.7816896375443,31.072189944423354,6.19,2,1,254,1146,41,1,1,0,0,279760.82
Avonlea,middle,-17.773470846027614,30.99115716665352,8.57,4,3,144,850,55,0,1,0,1,160590.15
Avondale,upper-mid,-17.79308931641849,31.029440762027477,4.53,5,4,213,878,25,0,0,1,1,356440.16
Greendale,upper-mid,-17.78746109924328,31.13258326541407,10.46,4,3,282,1446,27,0,0,1,1,367651.35
Marlborough,middle,-17.77835198712162,30.94689443402898,11.92,4,4,229,592,21,0,1,0,1,227506.24
Ballantyne Park,premium,-17.76267136822847,31.0721863499643,8.12,3,3,434,2430,20,1,1,0,1,530874.05
Budiriro,township,-17.938723532349414,30.941655562112253,16.22,2,1,95,427,17,0,0,0,1,33815.23
Mabelreign,middle,-17.81013218677183,31.00463919285644,4.86,1,1,119,451,9,0,0,0,0,91675.67
Hatfield,middle,-17.866907364290988,31.096631098811287,6.77,1,1,94,250,29,0,0,0,1,92726.71
Avondale,upper-mid,-17.79287693325819,31.03500514263011,4.37,3,2,314,2382,26,0,1,0,1,345138.51
Ballantyne Park,premium,-17.75805164434665,31.076933134083156,8.79,3,2,347,1600,39,1,1,0,1,414515.45
Glen View,township,-17.934738719200766,30.974062081258207,13.76,3,2,138,428,23,0,0,0,0,36103.2
Vainona,upper-mid,-17.77996467493933,31.080667083347716,6.82,3,3,284,1232,34,0,0,1,1,343318.57
Glen Lorne,premium,-17.74543009152348,31.17456958438028,16.7,4,4,281,2047,10,0,1,0,1,628267.79
Greendale,upper-mid,-17.79002564701151,31.124958822537568,9.61,2,2,240,744,32,1,1,1,1,307977.51
Mabelreign,middle,-17.80845607322365,30.996500273324582,5.71,2,1,155,751,11,0,0,0,1,123642.46
Avonlea,middle,-17.772581255211772,30.977090801300935,9.69,1,1,210,1059,14,0,1,0,1,193071.25
Hatfield,middle,-17.87444772776595,31.09459263099849,7.13,5,5,146,665,31,0,0,0,0,170617.41
Mabelreign,middle,-17.805789755650974,31.001940049449153,5.35,2,1,125,905,14,0,0,0,1,110839.33
Highlands,upper-mid,-17.787619479348404,31.077212702545456,5.91,3,3,326,1697,18,0,0,0,1,428641.16
Glen View,township,-17.92057724064503,30.974313066095043,12.46,5,5,75,401,0,0,0,0,1,60878.28
Avondale,upper-mid,-17.78862764729899,31.027657014430172,5.06,3,3,349,1775,10,0,1,0,1,332951.64
Belvedere,middle,-17.847054521884942,31.02385010995448,2.86,1,1,162,527,23,0,1,0,1,144904.52
Borrowdale,premium,-17.73621299159197,31.10134616445046,12.11,3,3,413,2126,32,1,1,1,1,626190.65
Budiriro,township,-17.934377233508776,30.939905467315633,15.99,1,1,94,501,37,0,0,0,1,26158.27
Vainona,upper-mid,-17.77727881569568,31.073198754895465,6.68,1,1,222,378,0,0,1,1,1,347132.51
Glen Lorne,premium,-17.737563469766158,31.182378677498434,17.88,2,1,466,1990,21,0,1,1,1,461559.38
Avondale,upper-mid,-17.78860464494572,31.0322154240566,4.9,4,3,264,1009,13,1,1,1,1,365601.51
Mt Pleasant,premium,-17.775609670180984,31.02323058227473,6.58,4,4,362,2081,19,0,1,1,1,589729.25
Ballantyne Park,premium,-17.75429906637081,31.082237279501445,9.4,2,2,331,506,11,0,1,1,1,430863.32
Avonlea,middle,-17.77459452804412,30.992812759309537,8.36,4,3,147,583,23,0,0,0,1,231418.96
Greendale,upper-mid,-17.78851525627753,31.128285661466492,10.0,3,3,157,835,16,0,1,0,1,384392.27
Glen View,township,-17.93091119709465,30.972296799228772,13.51,3,3,144,936,0,0,0,0,0,53666.07
Vainona,upper-mid,-17.783321542096175,31.083043671796972,6.66,3,2,320,1410,44,0,1,0,1,295519.14
Hatfield,middle,-17.870431196541414,31.093858602389908,6.78,6,5,242,1218,18,0,0,0,1,190042.56
Avondale,upper-mid,-17.78021274488638,31.03392802419721,5.77,3,2,344,2408,19,0,0,0,1,259169.88
Belvedere,middle,-17.85486817480012,31.018223273361674,3.88,3,3,247,1194,15,0,0,1,1,186279.64
Avonlea,middle,-17.768651058085904,30.99709317656032,8.59,3,2,222,704,26,0,0,0,1,169830.63
Avondale,upper-mid,-17.787688595106687,31.031833817315054,5.01,3,2,301,1185,0,0,1,1,1,343421.75
Kambuzuma,township,-17.8634773178506,30.94661113658918,11.02,1,1,80,611,13,0,1,0,0,40641.76
Greendale,upper-mid,-17.78706773250219,31.128703097193256,10.12,5,5,370,1092,35,1,0,1,1,449471.92
Ballantyne Park,premium,-17.757375487002772,31.075823585343695,8.81,1,1,430,1824,9,0,1,1,1,446168.17
Belvedere,middle,-17.851626404928975,31.012984933302192,4.09,1,1,67,425,29,0,0,1,0,119572.22
Mabelreign,middle,-17.808743483511467,30.997781408972354,5.58,5,5,177,1002,29,0,0,0,1,146107.91
Borrowdale,premium,-17.739071829581025,31.096105963796106,11.57,5,5,342,1783,11,0,1,0,1,685471.47
Avondale,upper-mid,-17.791162844046017,31.031107404571724,4.67,3,3,141,621,22,0,0,1,1,311207.68
Glen View,township,-17.93026538644343,30.969406356546582,13.63,5,5,40,200,46,0,0,0,0,42812.52
Hatfield,middle,-17.866807637214396,31.089830102141978,6.19,4,4,179,910,36,0,0,1,1,168373.09
Budiriro,township,-17.937616490257405,30.932187584646524,16.82,4,4,96,535,30,0,0,0,0,43779.65
Marlborough,middle,-17.77666092152509,30.950189905065347,11.72,4,3,160,1131,0,0,0,0,1,228480.37
Belvedere,middle,-17.857064524663542,31.01864769129803,4.02,5,4,202,1172,23,0,1,0,1,198337.11
Vainona,upper-mid,-17.780293164178165,31.077595833850697,6.61,1,1,311,1081,27,0,1,0,1,306683.16
Kambuzuma,township,-17.857542417509976,30.963394567288145,9.13,1,1,75,352,1,0,0,0,1,46745.77
Greendale,upper-mid,-17.79367904972062,31.13222471071033,10.12,6,5,343,2263,1,0,1,0,1,454791.36
Hatfield,middle,-17.859450529835723,31.090655442735937,5.78,2,1,134,900,6,0,1,0,1,129684.22
Greendale,upper-mid,-17.785708705250677,31.120120515574374,9.41,5,4,276,2399,41,0,1,1,1,416272.75
Avonlea,middle,-17.76907332010988,30.991577860989246,8.91,5,4,230,1314,33,0,0,0,1,244276.02
Hatfield,middle,-17.86720535801739,31.093307246193227,6.51,5,4,123,870,27,0,0,0,1,145319.77
Marlborough,middle,-17.776798574117752,30.948752409747353,11.84,6,6,161,1112,18,0,0,0,0,272635.74
Glen View,township,-17.924063189112985,30.966325724647835,13.28,6,5,97,455,14,0,0,0,0,51189.79
Avondale,upper-mid,-17.784497286593137,31.036475778849137,5.25,3,2,405,2639,36,0,1,1,1,303528.13
Belvedere,middle,-17.847318328188912,31.026841996710253,2.64,1,1,234,1294,40,0,0,0,0,102492.57
Greendale,upper-mid,-17.794956091125233,31.128511852899685,9.71,3,2,306,1734,19,1,0,1,1,384616.43
Greendale,upper-mid,-17.793620712193338,31.127561879155216,9.68,1,1,211,827,9,0,1,0,1,315310.2
Avondale,upper-mid,-17.788201651901467,31.033701686361475,4.91,1,1,290,1471,19,0,1,0,1,245034.76
Mt Pleasant,premium,-17.775013235812406,31.007196290217482,7.4,2,2,533,1594,16,1,1,1,1,511840.32
Glen Lorne,premium,-17.74930340595466,31.183245425515466,17.23,2,1,337,2676,17,0,1,0,1,506534.01
Belvedere,middle,-17.848322053658148,31.02421705426926,2.92,2,1,167,413,20,0,0,1,1,142875.82
Belvedere,middle,-17.853681625233083,31.01885452267267,3.74,4,4,267,1752,43,0,1,1,1,203605.73
Belvedere,middle,-17.85403166129902,31.02250998543958,3.5,3,2,137,721,3,0,1,1,1,198844.89
Borrowdale,premium,-17.74010953019564,31.09605950176999,11.46,5,4,493,1948,21,0,0,1,1,761375.29
Vainona,upper-mid,-17.780250149768715,31.08092581469867,6.81,4,3,226,1274,26,1,1,0,1,396582.11
Highlands,upper-mid,-17.797628555310713,31.07279386921081,4.74,3,3,315,1104,9,0,0,1,1,449264.47
Hatfield,middle,-17.866953999111306,31.087226386376976,6.0,7,6,255,1232,26,0,0,0,1,201958.88
Mufakose,township,-17.916082669629727,30.961315116607828,12.96,4,4,89,486,17,0,0,0,0,63444.72
Highlands,upper-mid,-17.793477380238723,31.06441177308693,4.65,8,6,283,1568,43,0,0,1,1,627798.57
Belvedere,middle,-17.855291422455572,31.01793384841803,3.94,6,5,164,1039,19,0,0,0,1,206941.7
Mt Pleasant,premium,-17.77743475169219,31.02265521399754,6.41,5,5,465,1168,18,1,0,1,1,595430.47
Vainona,upper-mid,-17.769275711490483,31.08229780419185,7.92,2,1,308,1049,21,1,0,1,0,361179.89
Mt Pleasant,premium,-17.777837950424505,31.01569405073293,6.68,4,3,340,2450,23,1,0,1,1,570517.48
Vainona,upper-mid,-17.77552093860699,31.084098831835934,7.43,1,1,257,1758,41,1,0,0,1,254457.69
Belvedere,middle,-17.85402013492746,31.02659517233083,3.22,3,3,110,287,23,0,1,0,1,146066.36
Glen View,township,-17.9358593672498,30.972300313053243,13.97,1,1,131,456,22,0,0,0,1,34867.56
Highlands,upper-mid,-17.787609675898274,31.072962767182737,5.66,1,1,200,1301,18,1,1,1,1,340215.93
Marlborough,middle,-17.777845514152904,30.94449284975239,12.17,4,3,212,795,10,0,0,0,1,267586.37
Belvedere,middle,-17.850034882700854,31.02172949573137,3.25,2,1,259,856,32,0,0,0,1,120668.55
Kambuzuma,township,-17.86684220998474,30.969653166888346,8.92,3,3,100,502,27,0,1,0,0,46839.06
Avonlea,middle,-17.766255311732753,30.98796652809396,9.4,2,1,203,778,17,0,0,0,1,178976.5
Highlands,upper-mid,-17.788680137705875,31.061205140218778,5.01,1,1,348,1827,0,0,0,0,1,357565.41
Avonlea,middle,-17.766039092031754,30.999058285932676,8.71,2,2,210,837,26,0,0,0,1,187633.74
Vainona,upper-mid,-17.774519139225916,31.078756101045258,7.23,5,4,357,1749,15,0,1,1,1,439450.54
Budiriro,township,-17.940392539108856,30.933264038441102,16.96,4,3,86,513,30,0,0,0,1,33369.72
Greendale,upper-mid,-17.788239574031547,31.123527389091045,9.58,7,6,281,757,22,0,0,1,1,459426.52
Belvedere,middle,-17.84816111719183,31.018350511287487,3.41,4,4,207,1166,38,0,0,0,1,191560.23
Borrowdale,premium,-17.741616301056006,31.105059246206316,11.8,1,1,479,3676,2,0,1,1,1,682649.92
Greendale,upper-mid,-17.795816693097624,31.12909012864855,9.72,3,3,389,2525,25,0,1,0,1,466461.95
Mufakose,township,-17.9027026288596,30.965164058668385,11.62,1,1,69,543,31,0,0,0,1,31760.68
Avonlea,middle,-17.774101850300173,30.994343340078533,8.29,4,4,139,755,24,0,0,0,1,226358.42
Avondale,upper-mid,-17.790323324022474,31.026275255307485,4.94,2,2,372,1143,0,1,0,0,0,326185.19
Kambuzuma,township,-17.865619026161195,30.963690220528562,9.43,2,2,67,279,4,0,0,0,0,40922.84
Mufakose,township,-17.909498744634046,30.948838759348245,13.41,3,2,111,440,29,0,0,0,1,41738.87
Vainona,upper-mid,-17.77704968586867,31.076849516462875,6.88,2,2,227,1168,0,0,1,1,1,433910.55
Marlborough,middle,-17.7779195616175,30.947230194648828,11.92,4,4,177,792,23,0,1,0,1,236522.72
Marlborough,middle,-17.775466193084736,30.95467890031784,11.38,3,3,171,758,39,0,0,0,0,196806.5
Avonlea,middle,-17.766214398730202,30.987770389187816,9.41,3,3,183,834,32,0,1,1,1,247408.72
Vainona,upper-mid,-17.77647535795935,31.07358895218528,6.78,2,1,259,1411,10,0,1,1,1,309739.46
Highlands,upper-mid,-17.788057691880205,31.069683775932994,5.44,4,3,206,450,16,0,1,1,1,426019.28
Glen View,township,-17.931302675827112,30.965551680947176,13.97,2,2,69,200,23,0,0,0,1,44103.56
Glen View,township,-17.925919191834176,30.970839411424127,13.15,6,6,120,823,2,0,0,0,1,69362.47
Mabelreign,middle,-17.81125276676816,31.005619925730688,4.71,3,3,240,1175,41,0,0,0,1,117278.18
Budiriro,township,-17.937821601805116,30.93820301826492,16.4,2,2,124,621,33,0,0,0,0,30894.27
Hatfield,middle,-17.864484918643406,31.091978544216342,6.21,2,1,256,1787,19,0,1,0,1,145236.56
Hatfield,middle,-17.86942195563434,31.091723372101807,6.54,5,4,178,356,6,0,0,0,1,177696.43
Hatfield,middle,-17.86959177195561,31.0932378604992,6.67,4,3,117,200,32,0,0,0,1,134359.46
Avondale,upper-mid,-17.798240648616126,31.025074170057962,4.21,3,3,230,891,28,0,1,0,1,307530.04
Avondale,upper-mid,-17.789621207411802,31.02844068730168,4.92,1,1,183,982,26,0,1,0,1,193428.39
Highlands,upper-mid,-17.7819820732525,31.067755573097422,5.96,5,4,204,675,17,0,1,0,1,390867.12
Belvedere,middle,-17.852801713525164,31.014578175295505,4.03,3,3,192,441,16,0,1,0,1,176657.6
Vainona,upper-mid,-17.78006507865308,31.079306263262488,6.73,3,3,275,1201,5,1,0,0,1,462380.87
Highlands,upper-mid,-17.787256493332986,31.07528993340365,5.83,3,2,231,974,9,0,1,0,1,347624.12
Avonlea,middle,-17.767483790126622,30.986458906206266,9.4,5,4,170,812,12,0,1,0,1,227436.8
Greendale,upper-mid,-17.78976676785014,31.12860304586215,9.97,5,4,221,1407,26,0,1,1,1,429090.61
Highlands,upper-mid,-17.789296899003038,31.073106585142483,5.51,2,2,308,576,0,0,1,1,1,471279.86
Mabelreign,middle,-17.811145416799537,31.004152404548126,4.86,4,3,211,1226,19,0,1,0,1,149420.58
Mufakose,township,-17.906717480611167,30.954882433739122,12.72,1,1,94,462,21,0,0,0,0,37835.82
Ballantyne Park,premium,-17.7641273953769,31.07626158547082,8.14,4,4,195,1358,19,0,1,1,1,429060.89
Borrowdale,premium,-17.741647431664124,31.091316243362453,11.08,2,2,323,1337,0,0,1,0,1,560609.4
Vainona,upper-mid,-17.780961252477464,31.078364572329775,6.59,1,1,310,1886,23,1,1,1,1,314322.9
Mabelreign,middle,-17.812550695298203,30.989320877914942,6.24,3,3,186,1110,29,0,1,0,0,140747.81
Mabelreign,middle,-17.81081608821641,31.001420524044484,5.13,3,2,236,1132,28,0,0,1,1,147034.92
Mt Pleasant,premium,-17.78432216653423,31.03121101044298,5.39,3,2,325,1251,7,0,1,1,1,460875.92
Hatfield,middle,-17.870881824873127,31.08559900859163,6.18,3,2,226,904,14,0,0,0,1,125138.77
Mt Pleasant,premium,-17.78030339297922,31.023248059850697,6.09,3,2,372,2391,23,0,1,0,1,482771.27
Greendale,upper-mid,-17.791708127092967,31.125209141259287,9.55,2,2,204,1218,46,0,0,1,1,247206.75
Budiriro,township,-17.937824639216664,30.945299034392264,15.89,4,4,97,358,23,0,0,0,0,42219.97
Ballantyne Park,premium,-17.7631213225768,31.07603485925334,8.23,4,4,408,1603,14,1,0,1,1,630385.7
Ballantyne Park,premium,-17.75621084682201,31.08402940381065,9.29,3,3,412,1860,27,0,1,1,1,369701.46
Avondale,upper-mid,-17.794106050157673,31.031304432586584,4.35,3,3,291,1670,17,0,0,1,1,355024.38
Avonlea,middle,-17.761861296411446,30.990268712808035,9.63,4,3,202,728,29,0,1,0,1,221148.02
Kambuzuma,township,-17.860007196508185,30.951156535973897,10.44,2,1,103,703,15,0,0,0,1,40294.46
Budiriro,township,-17.93904304751893,30.937843810413078,16.52,6,6,90,420,23,0,0,0,0,46104.49
Glen Lorne,premium,-17.740755423501103,31.172457338663058,16.82,3,3,199,667,19,1,1,1,1,513944.31
Mt Pleasant,premium,-17.781317932908212,31.02589643489368,5.88,3,3,553,2505,46,0,1,0,1,487026.98
Mabelreign,middle,-17.807476397210607,31.00618439928407,4.87,2,2,266,1462,3,0,0,0,1,140891.36
Vainona,upper-mid,-17.781505767301553,31.075928219878225,6.4,2,2,130,785,36,0,1,0,1,258265.53
Mufakose,township,-17.9097829615468,30.96367608465662,12.28,2,1,113,699,11,0,0,0,0,47810.71
Belvedere,middle,-17.84534336129637,31.020995592500828,3.0,3,2,169,943,20,0,0,0,1,161771.19
Mt Pleasant,premium,-17.780786553110207,31.01623898636153,6.36,8,6,403,2128,7,0,1,0,0,605393.92
Mabelreign,middle,-17.81034671356934,30.990553616125766,6.2,2,2,192,775,0,0,1,1,1,137936.09
Ballantyne Park,premium,-17.753778466438398,31.083537228997848,9.51,3,3,328,1871,13,1,1,1,1,513092.65
Avondale,upper-mid,-17.78795503811828,31.03856777394115,4.83,6,6,313,2382,21,0,0,1,1,431864.49
Marlborough,middle,-17.78326338301438,30.957672670470465,10.66,1,1,131,1006,28,0,0,1,1,158406.22
Marlborough,middle,-17.781261119513353,30.953064040904128,11.19,5,4,172,545,35,0,1,0,1,277400.87
Belvedere,middle,-17.846443650272498,31.009967616554537,4.09,3,3,212,1248,17,0,0,0,1,175269.59
Belvedere,middle,-17.85373930485466,31.01205246378114,4.31,3,2,208,1179,20,0,0,0,1,178523.27
Budiriro,township,-17.943252411011468,30.940702876413976,16.66,2,2,95,439,37,0,0,0,1,27988.99
Budiriro,township,-17.941244406278713,30.95207820963207,15.72,1,1,82,501,25,0,0,0,0,25712.86
Marlborough,middle,-17.787468452779887,30.952189805105014,10.95,3,3,198,1218,29,0,1,1,1,254547.79
Glen Lorne,premium,-17.74074799791902,31.16626408646742,16.3,3,3,505,2775,16,1,1,0,1,579060.39
Hatfield,middle,-17.867173469469986,31.093612780282,6.53,2,1,98,698,28,0,1,0,1,117168.63
Budiriro,township,-17.931258912951538,30.933293805046826,16.25,5,4,40,200,23,0,0,0,0,45348.41
Vainona,upper-mid,-17.777598535049552,31.08444840510609,7.26,7,6,148,699,41,1,1,1,1,462508.3
Avondale,upper-mid,-17.792701361745742,31.026482492187746,4.69,7,6,259,1474,26,0,1,0,1,442187.83
Avondale,upper-mid,-17.790650132173425,31.024870816191402,4.97,2,1,213,1067,15,0,1,0,0,223963.12
Glen Lorne,premium,-17.74641275554852,31.184699919103334,17.53,1,1,308,2222,10,1,1,1,1,517206.95
Belvedere,middle,-17.8476460561862,31.012897471601132,3.87,7,6,164,692,0,0,0,1,1,288700.6
Greendale,upper-mid,-17.79064806253557,31.126130442002406,9.69,2,1,109,678,30,0,1,0,1,277136.48
Mabelreign,middle,-17.805737327723875,30.99738656157644,5.77,1,1,138,200,6,0,1,0,1,117148.34
Mabelreign,middle,-17.810466760239745,31.008432128379678,4.49,4,3,213,932,34,0,0,0,0,136029.27
Mabelreign,middle,-17.810833711501164,30.99085199151499,6.16,1,1,180,1040,16,0,0,0,1,115245.05
Avondale,upper-mid,-17.783149578428823,31.028110869686948,5.61,5,4,271,1442,0,0,0,1,1,377310.5
Vainona,upper-mid,-17.788210580019182,31.08295308841109,6.23,5,5,305,1426,44,1,0,1,1,394333.72
Hatfield,middle,-17.8712668295517,31.089763604051996,6.52,1,1,175,1170,24,0,1,0,1,114239.07
Mabelreign,middle,-17.8146477691292,31.000054160302398,5.09,2,1,174,1028,17,0,1,0,1,121162.9
Marlborough,middle,-17.780419185060477,30.946111469365846,11.88,3,2,101,554,10,0,0,1,1,223885.79
Glen View,township,-17.92630206572452,30.971033200371068,13.17,1,1,84,458,23,0,1,0,1,30322.08
Mt Pleasant,premium,-17.778628656590453,31.02173340042218,6.32,5,4,334,2188,31,1,1,1,1,468138.49
Mufakose,township,-17.90887331651988,30.949012047035783,13.35,1,1,77,511,5,0,0,0,1,39785.09
Glen Lorne,premium,-17.7434176909351,31.17915295530472,17.22,3,2,280,1118,0,0,1,1,1,523638.78
Ballantyne Park,premium,-17.757292377163683,31.07814173886976,8.92,1,1,353,1664,27,0,1,1,1,400813.16
Marlborough,middle,-17.76832859663233,30.94936939132044,12.29,2,2,153,537,32,0,0,0,1,167304.8
Glen Lorne,premium,-17.749180693179618,31.179292721097994,16.88,1,1,495,2983,36,1,1,1,1,474588.33
Glen Lorne,premium,-17.741388606254322,31.178758064082174,17.32,4,4,401,3442,30,0,1,1,1,651317.19
Borrowdale,premium,-17.742353828871764,31.098639097363517,11.38,1,1,262,1122,0,1,1,1,1,563591.6
Avondale,upper-mid,-17.795573544849468,31.02695190483732,4.38,6,5,354,477,21,0,1,0,1,400634.65
Hatfield,middle,-17.87171710894125,31.094905303147367,6.96,8,6,191,1506,18,0,1,0,1,205682.98
Borrowdale,premium,-17.742925495597888,31.101094357692542,11.45,6,6,288,2098,11,1,0,1,1,861378.35
Belvedere,middle,-17.848468035898602,31.018747288710863,3.39,1,1,166,1210,7,0,0,1,0,128415.14
Mabelreign,middle,-17.806984883677885,31.006517891018014,4.87,2,2,187,1490,27,0,0,0,1,112653.29
Ballantyne Park,premium,-17.762042896164903,31.086735544854236,8.85,2,2,474,1305,25,1,0,0,1,412882.36
Ballantyne Park,premium,-17.763062590717066,31.0811971503529,8.47,5,5,389,2505,1,1,1,0,1,624288.84
Mufakose,township,-17.907252463351217,30.96251510360277,12.17,6,6,74,363,14,0,1,0,1,84956.57
Mabelreign,middle,-17.807622986269326,30.99424152409294,5.97,2,2,110,615,7,0,0,0,1,108480.47
Marlborough,middle,-17.779975258324086,30.95185012992224,11.38,4,4,245,1315,21,0,1,0,1,263627.27
Mabelreign,middle,-17.808572727126144,30.9958749201501,5.77,4,4,111,613,12,1,1,0,1,171605.05
Glen Lorne,premium,-17.74588660962225,31.18376358389386,17.48,6,6,439,1988,21,1,1,1,1,875327.33
Greendale,upper-mid,-17.791413299549795,31.12668165916283,9.7,1,1,215,1102,32,0,1,0,1,246405.1
Hatfield,middle,-17.87596555053992,31.08235054005229,6.37,3,2,191,1109,16,0,0,0,1,147380.63
Highlands,upper-mid,-17.78432104891907,31.07155187924518,5.9,3,3,327,1417,17,0,0,0,1,431839.7
Hatfield,middle,-17.869954171034006,31.095461942837453,6.88,2,1,195,1226,0,0,0,0,1,143867.59
Marlborough,middle,-17.783553555675752,30.947115467686647,11.63,1,1,155,707,34,0,0,0,1,137046.57
Hatfield,middle,-17.862779310082495,31.094637673273148,6.33,3,2,252,1651,18,0,1,0,1,153444.69
Avondale,upper-mid,-17.794327114201007,31.026378087096173,4.53,4,4,315,1088,2,0,1,1,1,353725.83
Greendale,upper-mid,-17.788480813219458,31.134119746235953,10.55,3,3,328,2070,21,0,0,1,1,420770.13
Highlands,upper-mid,-17.787356566089063,31.070398500193875,5.55,4,3,255,721,20,0,1,1,1,415713.78
Highlands,upper-mid,-17.790394126468936,31.073468111148355,5.43,3,2,211,1360,3,0,0,1,1,385823.57
Hatfield,middle,-17.866348758480694,31.09149608105205,6.3,4,4,190,616,22,0,0,0,1,157854.11
Mt Pleasant,premium,-17.784159977415783,31.02053269180015,5.82,6,6,202,1184,27,1,1,1,1,576396.9
Glen Lorne,premium,-17.747153583432713,31.170329107128044,16.22,7,6,357,1723,21,1,1,1,1,791445.71
Ballantyne Park,premium,-17.763285417260878,31.0774485262609,8.28,3,3,402,1679,1,1,1,1,1,569096.01
Ballantyne Park,premium,-17.76002880753694,31.079346773692684,8.69,4,4,169,764,26,1,1,1,1,480099.75
Mabelreign,middle,-17.81068128288392,31.00312468195266,4.98,4,3,134,699,21,0,0,0,1,140868.19
Greendale,upper-mid,-17.787834716154574,31.12908703657221,10.11,7,6,335,1655,11,0,1,0,1,562516.33
Budiriro,township,-17.944124639984587,30.930166179693373,17.49,4,3,93,538,19,0,0,0,1,37666.95
Mt Pleasant,premium,-17.781248179259233,31.024340517857823,5.95,2,1,350,1589,17,1,1,0,1,416387.33
Belvedere,middle,-17.851420898123592,31.018383511497007,3.62,3,3,166,272,15,1,0,0,1,171619.12
Avondale,upper-mid,-17.790189988839447,31.03864345887455,4.59,1,1,274,1523,19,0,0,1,1,234606.27
Greendale,upper-mid,-17.78808748613723,31.130223817104667,10.21,3,3,178,758,43,0,1,1,1,354765.57
Mufakose,township,-17.908982538924572,30.965324816245698,12.1,1,1,90,311,22,0,0,1,0,37074.28
Budiriro,township,-17.944952528211175,30.934329494608686,17.25,2,1,110,504,21,0,0,0,0,31372.82
Mufakose,township,-17.910497960744692,30.960231417795303,12.59,3,3,89,340,6,0,0,0,0,54773.31
Ballantyne Park,premium,-17.75606702847201,31.079004641692034,9.08,1,1,504,3160,23,1,1,1,1,505986.14
Highlands,upper-mid,-17.794820856467833,31.075711773817545,5.17,3,2,236,1629,8,0,1,0,1,389161.97
Belvedere,middle,-17.854675260085227,31.019822836926362,3.75,2,2,113,586,25,0,1,0,1,145645.95
Vainona,upper-mid,-17.77670003566661,31.075617888847695,6.85,4,4,246,1654,13,0,0,1,1,454158.34
Hatfield,middle,-17.871289626950087,31.092726736008146,6.75,4,3,197,852,17,0,0,1,1,146072.94
Avonlea,middle,-17.76481970705046,30.987137982851678,9.58,2,2,221,1489,18,0,1,0,1,237740.84
Marlborough,middle,-17.780217462755576,30.959289580882043,10.69,1,1,154,820,22,0,0,0,1,178681.31
Mabelreign,middle,-17.814878843911636,31.001742069746047,4.92,3,3,131,705,0,0,0,1,1,150239.92
Hatfield,middle,-17.877834774134698,31.082195598216433,6.53,3,3,214,1111,18,0,1,0,0,152618.96
Borrowdale,premium,-17.738789675888647,31.10126286425052,11.86,4,3,468,1496,2,0,1,1,1,724568.01
Glen Lorne,premium,-17.741388616036872,31.17745819062328,17.2,5,5,170,930,20,1,1,1,1,737899.11
Avonlea,middle,-17.768882994448223,30.986731016700478,9.26,1,1,153,779,22,0,1,0,1,175100.43
Avondale,upper-mid,-17.789628020961285,31.038122277611564,4.66,1,1,322,2059,33,0,0,1,1,253074.46
Highlands,upper-mid,-17.784409825525543,31.06796699064342,5.72,7,6,361,908,18,0,1,0,1,613934.26
Avondale,upper-mid,-17.788673135672553,31.02679235778632,5.09,2,1,241,1587,6,0,1,0,1,303160.47
Hatfield,middle,-17.867320845256437,31.091994694668866,6.41,6,5,183,994,13,0,0,0,1,169672.49
Mabelreign,middle,-17.81429965026004,30.999491400614474,5.16,5,4,161,1018,11,0,0,0,1,164239.45
Avonlea,middle,-17.76650303894868,30.986491977620233,9.48,2,1,156,933,0,0,1,0,1,192220.06
Greendale,upper-mid,-17.794204224632807,31.131699362844156,10.05,3,3,306,1163,20,0,1,1,1,348606.55
Vainona,upper-mid,-17.775337118968892,31.071423502074474,6.79,3,2,253,1881,25,0,1,1,1,379132.85
Marlborough,middle,-17.780679840004353,30.942929964717294,12.17,1,1,222,1256,22,0,0,1,1,186559.89
Vainona,upper-mid,-17.772065343383062,31.076330995895677,7.34,1,1,308,1501,27,0,1,0,1,285646.54
Avonlea,middle,-17.76558562489105,30.985842901749635,9.6,3,2,178,775,15,0,0,0,1,175214.82
Belvedere,middle,-17.84403273269468,31.02050876938263,2.97,4,4,115,411,26,0,1,0,1,173916.36
Glen Lorne,premium,-17.744348050097813,31.17610855157365,16.9,4,4,321,1403,22,0,1,1,1,598164.32
Borrowdale,premium,-17.733593818062456,31.101907918507816,12.39,2,1,366,1449,22,0,1,1,1,536019.81
Highlands,upper-mid,-17.785061432521136,31.063442210694078,5.47,1,1,392,1940,21,0,1,1,1,323588.97
Glen View,township,-17.933422949708163,30.97082425420139,13.83,3,3,100,566,6,0,0,0,1,52445.45
Belvedere,middle,-17.849262647735184,31.010228385501854,4.2,5,5,148,618,24,0,0,1,1,233000.19
Ballantyne Park,premium,-17.763575729741127,31.087191233034652,8.73,5,4,278,2452,19,0,0,0,1,520442.1
Glen View,township,-17.932860323134054,30.96645822731048,14.05,4,4,89,605,17,0,1,0,0,54036.36
Avondale,upper-mid,-17.79110131421621,31.03259941737496,4.63,4,3,405,1119,28,0,1,1,1,347631.63
Avondale,upper-mid,-17.7918532541386,31.02776812243329,4.72,3,3,237,801,22,1,1,1,1,330318.74
Kambuzuma,township,-17.85894988193141,30.962596945406226,9.26,1,1,96,455,30,0,0,0,1,30395.47
Glen Lorne,premium,-17.743035347659163,31.18001609187769,17.32,2,2,136,759,45,1,1,1,1,390506.48
Highlands,upper-mid,-17.792277624968786,31.07665428364115,5.46,4,4,257,681,20,0,0,0,1,439073.46
Avonlea,middle,-17.78178965226395,30.98963608372087,8.02,3,3,175,838,19,1,0,0,1,234298.92
Highlands,upper-mid,-17.792024032775704,31.0692922123172,5.04,3,3,241,1410,20,0,0,1,1,400935.05
Belvedere,middle,-17.85092174941106,31.019166557375595,3.52,4,3,164,1280,7,0,0,0,1,191902.5
Highlands,upper-mid,-17.782546938451794,31.066651299339306,5.86,1,1,434,2978,27,0,1,0,1,343942.03
Mt Pleasant,premium,-17.77568420322218,31.015581103557903,6.89,5,5,319,1285,28,0,1,1,0,524903.23
Highlands,upper-mid,-17.80189218944913,31.074473405043555,4.5,1,1,230,1055,20,1,1,0,1,303239.13
Avondale,upper-mid,-17.792502086529513,31.029319992822366,4.59,8,6,279,1259,28,0,0,0,1,441086.33
Ballantyne Park,premium,-17.754808436180145,31.081509856126377,9.31,6,6,265,1013,30,1,1,1,1,621316.72
Mt Pleasant,premium,-17.78246571805492,31.020478207332985,5.99,5,5,448,3100,41,0,1,1,1,558458.47
Mufakose,township,-17.913970253328095,30.962619140053242,12.69,1,1,83,251,13,0,0,0,0,35649.76
Vainona,upper-mid,-17.779932938278815,31.08697577465878,7.21,2,2,170,1272,16,0,0,0,0,301114.29
Greendale,upper-mid,-17.787283444726697,31.13524094820744,10.72,4,4,206,1262,20,0,1,1,1,414801.43
Glen Lorne,premium,-17.750461480655417,31.173104587893828,16.25,4,4,327,1639,34,0,1,1,1,612268.0
Greendale,upper-mid,-17.793020504303264,31.134721523389484,10.39,3,2,178,924,8,1,1,1,1,377835.52
Highlands,upper-mid,-17.790465178812795,31.06503422901787,4.98,8,6,268,1341,37,0,1,0,1,525851.8
Avonlea,middle,-17.77709171662183,30.982299195448697,8.94,3,3,163,456,23,0,0,0,1,215849.1
Highlands,upper-mid,-17.789343973757806,31.06975144102882,5.32,4,3,251,1376,44,0,0,1,1,339896.91
Mufakose,township,-17.904641408683432,30.959263022128397,12.22,5,4,146,809,17,0,0,0,1,63585.65
Kambuzuma,township,-17.86005460447967,30.953730686022553,10.19,1,1,67,387,24,0,1,0,0,32383.77
Mt Pleasant,premium,-17.784553973320243,31.015872734562013,6.02,3,3,336,1103,14,0,1,1,1,422734.6
Mt Pleasant,premium,-17.781440929939997,31.01866679353776,6.18,3,3,411,1479,16,1,1,0,1,512900.71
Mt Pleasant,premium,-17.78626101951897,31.02671127863013,5.34,2,1,505,2482,14,1,1,1,1,509932.59
Avonlea,middle,-17.774614446895768,30.98614971645184,8.84,3,2,182,582,0,0,0,1,1,247074.76
Mt Pleasant,premium,-17.785111345308184,31.01450837188548,6.04,3,2,385,2220,20,0,1,0,1,475852.25
Mabelreign,middle,-17.801430347043116,31.003700614606434,5.47,1,1,177,663,9,1,1,0,1,146476.47
Hatfield,middle,-17.862950206808218,31.092505882791894,6.16,6,6,237,1090,26,0,0,0,1,191387.19
Mabelreign,middle,-17.8102734445833,30.993394450285304,5.93,5,4,270,1566,3,0,1,1,1,204599.58
Marlborough,middle,-17.78534792220166,30.95838913445694,10.48,1,1,201,792,25,0,1,1,1,189793.28
Budiriro,township,-17.930491989177177,30.944345345688824,15.36,3,3,110,998,0,0,0,0,1,47048.51
Borrowdale,premium,-17.740169471720577,31.106930372144415,12.04,3,3,468,2319,34,1,1,1,1,725450.36
Greendale,upper-mid,-17.791051460857926,31.124861984211385,9.55,5,5,165,1054,31,0,1,0,1,453836.11
Vainona,upper-mid,-17.780395132081765,31.076439391859775,6.54,4,4,329,821,13,0,1,1,1,488081.7
Kambuzuma,township,-17.853939353104817,30.961443400724047,9.2,2,2,92,307,21,0,0,0,0,37324.86
Avonlea,middle,-17.76298319512294,30.99528861639741,9.21,3,2,177,442,31,0,0,0,1,194838.6
Mabelreign,middle,-17.812973548076148,30.99082247323929,6.08,3,3,262,1674,17,0,0,0,1,160019.26
Ballantyne Park,premium,-17.7649296267477,31.073917416746,7.96,3,3,413,1807,28,1,1,1,1,468324.04
Budiriro,township,-17.946524818778883,30.94375078873131,16.73,3,3,105,200,17,0,0,0,0,46282.03
Marlborough,middle,-17.782498831596566,30.9499442310817,11.42,2,1,203,829,27,0,0,0,1,172492.3
Marlborough,middle,-17.778604116561848,30.953512060800016,11.3,4,4,155,810,15,0,0,1,1,263365.56
Budiriro,township,-17.94258892640157,30.934835881511056,17.03,4,4,79,473,4,0,0,0,1,49863.47
Greendale,upper-mid,-17.78916476484164,31.127036278393934,9.85,5,5,326,1830,0,0,1,1,1,536658.8
Greendale,upper-mid,-17.78744104959074,31.133774931821446,10.57,3,3,248,2024,8,1,1,1,1,431125.41
Avonlea,middle,-17.77038464776592,30.991390795719276,8.81,1,1,134,675,31,0,0,0,1,166758.74
Mt Pleasant,premium,-17.77874332594669,31.02090478294886,6.35,1,1,282,1371,16,1,1,1,1,368781.85
Vainona,upper-mid,-17.778910603653003,31.08534003738615,7.2,3,3,243,1571,2,1,1,0,1,434511.99
Ballantyne Park,premium,-17.762189821092022,31.071804625004187,8.16,4,4,335,1934,25,1,1,1,1,494048.98
Mt Pleasant,premium,-17.77815572388978,31.029725696233687,6.09,4,3,419,2689,21,0,1,1,1,547840.84
Mufakose,township,-17.908496306564604,30.964896939843435,12.09,2,2,102,509,24,0,0,0,0,41047.22
Avonlea,middle,-17.76903028898385,30.983990620610378,9.44,2,2,179,1055,17,0,0,0,0,176231.51
Greendale,upper-mid,-17.792611973589203,31.133390444371454,10.29,3,3,324,1821,13,0,0,0,1,412743.41
Greendale,upper-mid,-17.791297848516404,31.12960779052817,9.99,5,5,350,714,10,1,1,1,1,487863.75
Avondale,upper-mid,-17.79479643250096,31.03035873716534,4.31,7,6,309,1554,23,0,1,1,1,467282.47
Avonlea,middle,-17.776919614406555,30.981522811181552,9.02,6,6,186,976,0,0,0,0,1,338837.12
Glen View,township,-17.934438901623185,30.968928321211028,14.04,1,1,115,463,22,0,0,1,1,38430.46
Kambuzuma,township,-17.86144803543606,30.96249707266626,9.37,2,1,102,367,0,0,0,0,0,37104.33
Greendale,upper-mid,-17.793666166456337,31.129263891110618,9.84,4,4,381,1539,19,0,1,0,1,480081.22
Vainona,upper-mid,-17.784109180919643,31.08219440317462,6.53,5,4,192,806,18,0,1,0,1,417974.61
Avondale,upper-mid,-17.789184389458974,31.02637346584787,5.05,2,1,286,1694,15,0,0,1,1,290971.24
Avonlea,middle,-17.76486563594214,30.98669740745909,9.6,3,3,261,1315,4,0,1,0,1,277284.85
Avondale,upper-mid,-17.786100442571822,31.030271625361642,5.23,3,3,307,1519,29,0,1,1,1,332715.7
Belvedere,middle,-17.84434920754336,31.015250134054924,3.48,2,1,270,1036,4,0,0,1,1,200099.29
Marlborough,middle,-17.782668983064926,30.955015546118275,10.94,3,2,215,1045,34,0,1,1,1,229874.15
Vainona,upper-mid,-17.785822620472935,31.079442005059995,6.21,3,2,205,1052,0,1,0,0,1,391910.0
Greendale,upper-mid,-17.7933144221139,31.13092828961496,10.02,4,3,192,929,22,0,1,0,1,356190.54
Greendale,upper-mid,-17.791945658677125,31.127471401782962,9.75,3,2,271,1207,32,1,1,0,1,355972.98
Glen Lorne,premium,-17.739197910399476,31.183851165869118,17.9,1,1,355,1254,17,1,1,1,1,551820.06
Ballantyne Park,premium,-17.756987818051755,31.080230797406063,9.04,1,1,343,1707,23,1,1,0,1,372931.93
Hatfield,middle,-17.863046818592768,31.093311897339557,6.23,3,3,274,1189,0,0,1,0,1,176681.29
Greendale,upper-mid,-17.79819838650912,31.135979761130404,10.3,2,1,138,663,34,0,1,1,1,284124.59
Highlands,upper-mid,-17.788712743146128,31.071163312511338,5.46,1,1,257,1443,14,0,1,0,0,306570.26
Avonlea,middle,-17.769253181480746,31.00054667731653,8.32,5,5,194,318,6,0,0,0,1,229018.61
Hatfield,middle,-17.86966683168797,31.089246228135625,6.36,1,1,218,1326,36,0,0,0,1,90431.37
Highlands,upper-mid,-17.790043352027553,31.06813095068937,5.17,1,1,99,398,19,0,1,1,1,274490.68
Mabelreign,middle,-17.806504572837934,30.994546785128705,6.0,2,1,157,1185,21,0,1,0,1,109427.41
Kambuzuma,township,-17.866184143194882,30.963682798124424,9.45,1,1,108,533,21,0,0,0,1,35198.84
Avonlea,middle,-17.775736565317303,30.99723987303557,7.96,4,4,205,1563,0,0,1,0,1,282843.96
Belvedere,middle,-17.8423178717311,31.031293478765438,1.92,4,3,199,1263,33,0,0,0,1,141509.35
Glen Lorne,premium,-17.740351630180676,31.18601203684983,18.01,1,1,383,2140,31,1,1,0,1,415848.36
Kambuzuma,township,-17.851063564492872,30.95554057123613,9.73,3,3,98,575,26,0,1,0,1,46540.46
Greendale,upper-mid,-17.793699417755636,31.131288895399965,10.03,7,6,245,921,19,0,1,0,1,480126.0
Glen View,township,-17.93243345670293,30.971382500341193,13.71,1,1,140,979,40,0,0,0,0,29567.26
Avonlea,middle,-17.768060277785526,30.981159067502933,9.73,3,2,174,1097,48,0,0,1,1,181240.11
Borrowdale,premium,-17.73179686135003,31.102368995847588,12.59,4,4,468,2531,23,1,1,1,1,747748.3
Borrowdale,premium,-17.743888370985612,31.10272330532617,11.45,2,1,369,1646,25,1,1,0,1,551272.38
Belvedere,middle,-17.847640878327947,31.017779279128966,3.42,3,2,128,814,30,1,1,1,0,188590.8
Avonlea,middle,-17.7678656101638,30.99018541659689,9.11,2,2,184,922,0,0,1,1,1,210678.77
Borrowdale,premium,-17.73990418198719,31.09936870764656,11.65,6,6,367,1880,22,0,0,1,1,777232.14
Hatfield,middle,-17.86451494090782,31.08492254109741,5.63,2,1,154,899,33,0,0,0,1,98249.87
Mabelreign,middle,-17.80890907573166,31.006754532173684,4.74,8,6,204,788,28,0,0,0,1,209270.37
Marlborough,middle,-17.779370364943038,30.94651594211889,11.9,2,1,132,534,26,0,0,1,1,184051.44
Avondale,upper-mid,-17.78872589370043,31.02721263100526,5.06,4,3,195,1350,10,0,1,1,1,436640.13
Borrowdale,premium,-17.736235849054697,31.096334720772877,11.86,4,4,262,652,53,0,1,1,0,523616.34
Mabelreign,middle,-17.81039747795662,30.998660962397242,5.41,8,6,162,628,18,0,0,1,1,204893.6
Vainona,upper-mid,-17.78047012328874,31.09062852017541,7.41,4,3,259,1374,7,0,1,0,1,410904.58
Mufakose,township,-17.911360144103973,30.952588588986917,13.25,2,1,115,294,24,0,0,0,1,35857.81
Greendale,upper-mid,-17.78861522019064,31.116868374518763,8.95,2,1,134,783,8,0,1,0,1,332010.38
Avonlea,middle,-17.77173060065841,30.991774849762514,8.67,1,1,174,881,14,0,1,1,1,186459.98
Vainona,upper-mid,-17.782932683031884,31.07722858776082,6.34,5,4,248,1220,8,0,1,1,1,433617.44
Ballantyne Park,premium,-17.76325836926747,31.081438053415905,8.46,2,2,211,1496,8,1,1,1,1,441162.76
Hatfield,middle,-17.86812609978435,31.08831279069796,6.17,1,1,170,826,40,0,0,0,1,87440.04
Marlborough,middle,-17.778142844490215,30.9383146918486,12.73,2,1,111,903,7,0,1,0,1,230035.96
Marlborough,middle,-17.77814381596927,30.95319262017971,11.36,4,3,178,1109,35,0,0,1,1,214615.77
Budiriro,township,-17.936673006636806,30.944602487383875,15.84,5,4,66,255,1,0,0,0,0,53523.67
Budiriro,township,-17.942309059980058,30.945313184968136,16.26,5,4,89,407,10,0,0,0,0,53144.34
Mufakose,township,-17.905891308165696,30.961814648694784,12.12,4,4,86,454,0,0,1,0,0,63959.16
Ballantyne Park,premium,-17.7591759342633,31.093805058736397,9.51,3,2,371,2605,40,0,1,1,1,426623.84
Avonlea,middle,-17.776121894648107,30.992573209119296,8.25,4,4,131,741,35,0,0,0,1,236674.36
Mufakose,township,-17.913230035389716,30.959907924342303,12.83,1,1,102,616,15,0,0,1,1,42746.54
Greendale,upper-mid,-17.788137394563666,31.126159134527455,9.83,1,1,233,1489,1,1,1,1,1,332853.51
Mt Pleasant,premium,-17.785686910941976,31.023941761185167,5.51,3,2,187,912,18,1,1,1,1,375366.93
Mabelreign,middle,-17.811193234412666,30.995622613849715,5.67,1,1,125,599,28,0,1,1,1,99965.56
Avondale,upper-mid,-17.787663799262496,31.02478719935187,5.27,3,3,354,2080,19,0,0,0,1,368575.77
Avonlea,middle,-17.769868211106875,30.99763951068439,8.45,1,1,314,1338,33,1,0,0,0,165393.21
Budiriro,township,-17.95002793979751,30.939801736511757,17.29,2,2,64,381,19,0,0,0,0,37647.42
Avonlea,middle,-17.77049560949617,30.99022701561426,8.88,2,1,177,713,13,0,0,0,1,175413.2
Avondale,upper-mid,-17.786393189727452,31.03098478374161,5.18,3,3,269,1758,36,0,0,0,1,271831.82
Greendale,upper-mid,-17.79326891010253,31.13579702240974,10.49,6,5,79,335,24,0,1,0,1,396643.71
Avondale,upper-mid,-17.783130418726813,31.02864692771139,5.6,6,6,337,1817,24,0,1,1,1,407829.02
Mt Pleasant,premium,-17.779723367099937,31.01861647219824,6.35,1,1,313,1783,36,0,1,0,1,289429.21
Mabelreign,middle,-17.808576956525123,30.994739251909756,5.88,1,1,201,535,15,0,1,0,1,110482.17
Mabelreign,middle,-17.807970430322626,31.005214724611314,4.93,4,4,217,933,5,0,1,1,1,164525.09
Vainona,upper-mid,-17.770857295385003,31.079116791057288,7.6,1,1,269,1967,0,0,1,1,1,388265.83
Vainona,upper-mid,-17.77575576863058,31.082375098267036,7.31,3,3,120,859,6,0,1,1,1,364217.4
Mufakose,township,-17.9083278133848,30.95486287662566,12.84,2,2,77,394,4,0,1,0,0,47731.62
Borrowdale,premium,-17.736346338336084,31.103954069921205,12.24,3,3,441,2471,17,0,1,1,1,680413.78
Marlborough,middle,-17.78003075118423,30.946646254464326,11.86,6,6,134,644,4,1,0,0,1,338974.87
Avondale,upper-mid,-17.7891635996233,31.026450515614144,5.05,6,6,226,1203,9,1,1,0,1,398564.9
Belvedere,middle,-17.847171135330406,31.01620556696051,3.54,1,1,179,736,11,0,0,0,1,131409.94
Ballantyne Park,premium,-17.74833518968987,31.082777130668255,10.02,1,1,310,1645,25,0,1,1,1,407814.28
Belvedere,middle,-17.84679614041904,31.020193483587754,3.16,2,1,182,821,0,0,1,0,1,147753.5
Greendale,upper-mid,-17.79004499672875,31.13039740588399,10.12,2,1,265,781,17,1,0,0,1,366417.33
Avonlea,middle,-17.76845300073634,30.993005776224972,8.87,2,2,202,689,17,0,1,0,1,228664.27
Borrowdale,premium,-17.74038690457829,31.104831458893464,11.9,5,5,350,2287,19,1,1,1,1,902819.1
Avondale,upper-mid,-17.790282884354202,31.042189732669488,4.54,3,2,294,1342,24,0,1,0,1,263592.35
Marlborough,middle,-17.778875041184776,30.956583903317856,11.01,2,2,187,567,0,0,1,1,1,244044.82
Highlands,upper-mid,-17.787473603190833,31.075699478582422,5.83,4,3,249,745,31,0,0,0,1,346773.33
Mt Pleasant,premium,-17.784298277545535,31.02065411264948,5.8,3,3,329,1828,0,1,1,1,1,586805.98
Ballantyne Park,premium,-17.761194971570376,31.081085563576806,8.65,1,1,191,598,21,0,0,1,1,306406.25
Greendale,upper-mid,-17.78316177116765,31.12658769138382,10.14,3,2,271,666,37,0,1,1,1,342317.86
Glen Lorne,premium,-17.752095797437672,31.182985682633863,17.04,4,3,406,1222,17,0,1,0,1,633049.95
Kambuzuma,township,-17.857369223042152,30.961926169458202,9.27,4,4,92,529,21,0,0,0,1,46134.06
Greendale,upper-mid,-17.79180921973707,31.126995609715472,9.71,3,3,379,1787,12,0,1,1,0,468053.67
Mabelreign,middle,-17.802914298947524,31.011072857749525,4.76,3,2,166,611,18,0,0,1,0,136624.05
Budiriro,township,-17.939973407193932,30.94288510960468,16.24,3,2,100,468,4,0,0,0,1,42706.19
Glen Lorne,premium,-17.74422020999442,31.180734984586444,17.31,1,1,301,1772,28,0,0,1,1,436701.2
Belvedere,middle,-17.857820389763155,31.022930306967094,3.79,3,2,274,1431,8,0,0,0,0,196641.96
Mufakose,township,-17.9068840655203,30.965090369207815,11.95,1,1,121,660,15,0,0,0,0,38180.92
Belvedere,middle,-17.851148415421726,31.02337842692922,3.2,4,4,211,1503,23,0,0,0,0,172322.66
Avondale,upper-mid,-17.790835892758707,31.03623283204699,4.56,2,2,241,1241,23,0,1,0,1,301690.53
Avondale,upper-mid,-17.781618051878265,31.032427285779775,5.65,5,4,233,1142,17,0,1,0,1,353166.75
Borrowdale,premium,-17.74800780387619,31.102263698441725,11.04,1,1,199,746,26,1,1,0,1,425034.6
Marlborough,middle,-17.773875365911728,30.945797438555164,12.27,2,2,266,947,33,0,1,0,1,193069.14
Budiriro,township,-17.939282583650243,30.939718370984423,16.4,1,1,121,511,11,0,0,0,1,34412.72
Kambuzuma,township,-17.85894996240548,30.966166842291276,8.9,1,1,114,584,12,0,0,0,0,41103.98
Borrowdale,premium,-17.748159842687006,31.096087225584178,10.68,4,4,368,2693,24,1,1,0,1,604053.72
Belvedere,middle,-17.850600778498094,31.024077818603313,3.11,8,6,153,807,28,0,0,0,1,237119.96
Vainona,upper-mid,-17.779321742708166,31.08851632144527,7.37,2,1,319,1989,34,1,0,0,1,337928.22
Glen View,township,-17.936959776437583,30.968815470816175,14.28,4,4,108,349,28,0,1,1,1,52066.73
Borrowdale,premium,-17.737316921028768,31.10422568171939,12.16,3,3,388,1311,22,0,1,1,1,672058.07
Kambuzuma,township,-17.861421062033372,30.962185038153258,9.4,2,2,51,268,15,0,0,0,1,39326.26
Mabelreign,middle,-17.81202581680946,30.998381362121275,5.37,1,1,129,258,11,0,0,0,0,96403.7
Mt Pleasant,premium,-17.78001099236273,31.022131733849857,6.16,7,6,405,1776,16,0,1,1,1,729093.04
Glen Lorne,premium,-17.742727578851643,31.18769905876206,18.02,3,2,416,2082,21,1,1,1,1,562344.46
Mabelreign,middle,-17.813870275046806,31.002541695592093,4.88,1,1,146,448,23,0,1,0,1,85761.71
Ballantyne Park,premium,-17.764508893485402,31.08277443361477,8.41,2,1,379,2450,21,1,1,1,1,495670.56
Marlborough,middle,-17.7844715870136,30.95022555605132,11.29,2,1,215,1263,2,0,1,0,1,235666.46
Glen View,township,-17.932527811451727,30.96894815874888,13.86,1,1,116,506,32,0,0,0,0,32021.85
Avonlea,middle,-17.770178750026023,30.983086255558096,9.42,3,2,202,1551,24,0,1,0,1,206424.78
Greendale,upper-mid,-17.794519124076324,31.13306106217726,10.17,2,1,266,1682,17,0,0,1,1,304751.75
Avondale,upper-mid,-17.785305161875435,31.019084015772734,5.77,7,6,280,1533,29,0,1,1,1,442102.52
Glen Lorne,premium,-17.74810064309402,31.180899055988455,17.09,7,6,256,1116,15,1,1,1,1,635194.35
Budiriro,township,-17.945455934107915,30.937419486053667,17.08,3,2,65,329,7,0,0,1,1,41887.57
Vainona,upper-mid,-17.77887595238712,31.081590592532855,6.97,6,6,213,1308,37,0,1,0,1,440423.61
Ballantyne Park,premium,-17.761774732252775,31.086054089479873,8.84,1,1,281,1642,13,0,1,1,1,361814.33
Vainona,upper-mid,-17.78513368990464,31.074240908354714,5.97,4,3,354,1850,20,1,0,0,1,460306.76
Budiriro,township,-17.93431254683667,30.938761802516208,16.07,3,2,85,319,21,0,0,0,1,36690.02
Glen Lorne,premium,-17.74327325949206,31.184854094809946,17.73,2,1,322,1418,16,1,1,0,1,561111.19
Mufakose,township,-17.904680793430995,30.96592412503249,11.71,2,1,78,319,34,0,0,0,0,28897.47
Hatfield,middle,-17.868031206237575,31.092508850128883,6.5,4,4,177,773,6,0,0,1,1,166266.76
Mabelreign,middle,-17.81101068441514,30.999604625923684,5.29,5,4,218,1229,2,0,0,0,1,195974.72
Budiriro,township,-17.937381488569347,30.937656588249716,16.4,4,4,86,498,18,0,0,0,1,42233.76
Mabelreign,middle,-17.811922686441065,30.998994343216264,5.31,7,6,234,2294,25,0,1,1,1,219654.4
Kambuzuma,township,-17.862031209811445,30.960947868470814,9.54,4,3,94,200,36,0,0,0,0,35869.1
Mt Pleasant,premium,-17.778782171664158,31.026765494348833,6.12,5,4,308,1575,32,0,1,1,1,469115.64
Mabelreign,middle,-17.80716296541709,31.008220936394952,4.71,4,3,202,1513,20,0,1,0,1,138731.98
Marlborough,middle,-17.787589144183894,30.947022557565344,11.44,5,5,117,438,12,0,1,0,1,240213.73
Marlborough,middle,-17.78097949530197,30.95095035810247,11.41,4,4,243,1069,6,0,0,0,0,294364.19
Glen View,township,-17.938091814175632,30.97522637412583,14.01,1,1,114,513,1,0,0,0,1,39361.19
Budiriro,township,-17.934055246523027,30.93809739862459,16.1,3,2,81,445,15,0,0,0,1,42911.52
Belvedere,middle,-17.85271016346935,31.032022417093344,2.78,1,1,147,579,29,0,0,1,1,117455.33
Avondale,upper-mid,-17.78811470247308,31.032429758433278,4.95,4,4,273,1017,46,0,1,1,1,322527.18
Avondale,upper-mid,-17.78467713421352,31.034097552278595,5.28,5,5,257,1362,29,1,0,0,1,327653.09
Greendale,upper-mid,-17.789674082798694,31.13679078182351,10.75,2,2,266,2091,15,0,1,0,1,331559.26
Greendale,upper-mid,-17.791999491269447,31.13204935284862,10.18,5,5,159,814,23,0,1,1,1,419965.1
Greendale,upper-mid,-17.791659751016297,31.13498000130098,10.48,2,2,133,760,19,0,1,1,1,325558.74
Glen Lorne,premium,-17.74208582410631,31.18109461310466,17.48,4,4,405,850,12,1,1,1,1,622822.25
Glen Lorne,premium,-17.7417955744205,31.178670631266392,17.28,1,1,376,388,35,0,1,0,1,374946.38
Hatfield,middle,-17.872640400328834,31.094275704375537,6.97,2,1,221,1313,2,0,0,1,1,167682.46
Avondale,upper-mid,-17.793505150452038,31.025980258452286,4.63,1,1,133,837,16,0,1,0,1,207238.32
Kambuzuma,township,-17.858898728634358,30.964650095202668,9.05,2,2,122,310,40,0,0,1,0,31514.84
Avonlea,middle,-17.767529697367753,30.99780201399584,8.65,3,2,163,638,36,0,1,1,1,193269.28
Borrowdale,premium,-17.73315660767853,31.094626972384543,12.08,5,4,356,2117,48,0,1,1,1,667602.51
Ballantyne Park,premium,-17.754903829353164,31.08919579541469,9.67,3,3,363,2425,27,1,1,0,1,423994.73
Highlands,upper-mid,-17.795209281519217,31.073387362002318,4.99,2,1,305,1313,31,0,0,0,1,305486.38
Budiriro,township,-17.936281715493543,30.94520186440481,15.77,1,1,103,445,19,0,0,1,1,36183.02
Highlands,upper-mid,-17.793531121764655,31.077343759494735,5.39,5,4,187,813,20,0,1,1,1,442711.61
Marlborough,middle,-17.781601282979096,30.948775407627874,11.57,5,5,259,2107,3,0,1,0,1,325284.52
Kambuzuma,township,-17.85579242903968,30.965956229735983,8.81,1,1,93,469,18,0,0,0,1,34415.07
Budiriro,township,-17.93875822908612,30.93438613626712,16.75,2,2,86,569,21,0,0,0,1,33414.11
Highlands,upper-mid,-17.787962470590095,31.069252499123326,5.43,4,4,204,998,26,1,0,0,1,388962.3
Glen Lorne,premium,-17.741463837961483,31.183184515787286,17.7,2,1,471,3106,21,1,1,0,1,587900.04
Ballantyne Park,premium,-17.76162037076111,31.077102533896884,8.43,5,4,258,972,35,1,1,1,1,465817.58
Glen Lorne,premium,-17.74456923739846,31.175335159986897,16.82,5,4,286,1333,40,1,0,0,1,561721.92
Highlands,upper-mid,-17.79095287907665,31.06129781425446,4.78,5,5,313,1454,18,1,0,0,1,546465.5
Avonlea,middle,-17.764700900710224,30.9973631176894,8.93,1,1,106,606,20,0,0,0,1,184059.52
Glen View,township,-17.93160249137595,30.961920192915375,14.23,2,1,84,427,32,0,0,0,1,29662.56
Marlborough,middle,-17.780437567098627,30.96368159770002,10.28,1,1,269,1717,12,0,0,0,1,198346.23
Avonlea,middle,-17.767511213455567,30.983405507883308,9.61,8,6,286,989,24,0,0,0,1,327123.36
Highlands,upper-mid,-17.78898819194256,31.06644143529487,5.19,1,1,301,972,6,0,1,0,1,354163.24
Mabelreign,middle,-17.80708161699823,31.006462970519447,4.87,3,2,234,1472,35,0,0,1,1,125736.97
Avonlea,middle,-17.773414920748966,30.992230390507775,8.5,5,5,182,1165,29,0,0,0,1,245652.21
Mufakose,township,-17.90988081879102,30.95446882231538,12.99,7,6,87,636,19,0,0,0,0,56574.55
Kambuzuma,township,-17.852866936559657,30.955768620077464,9.75,4,3,110,437,23,0,0,0,1,39915.85
Greendale,upper-mid,-17.789035800707914,31.128785519858667,10.02,4,4,379,1263,16,0,0,0,1,436353.98
Glen Lorne,premium,-17.74367881526867,31.18479940199791,17.7,2,1,477,2179,41,1,0,0,1,416259.23
Highlands,upper-mid,-17.78742840908071,31.06741728599694,5.39,3,2,238,924,15,0,1,1,1,476888.47
Avondale,upper-mid,-17.789267515278578,31.030178590459716,4.9,2,1,254,1452,48,0,1,0,1,219194.57
Kambuzuma,township,-17.859085465776058,30.95485839224739,10.04,1,1,79,530,48,0,0,0,1,21173.78
Greendale,upper-mid,-17.79342423597972,31.131991734376648,10.11,7,6,363,1575,16,0,0,0,1,467205.08
Hatfield,middle,-17.870653685192504,31.07879566509661,5.68,3,2,89,400,10,0,0,0,1,127765.49
Marlborough,middle,-17.77928162706369,30.94376722849388,12.16,3,2,197,822,17,0,0,1,1,206386.82
Ballantyne Park,premium,-17.755252843283873,31.077731588525356,9.11,3,2,571,2884,0,0,1,1,1,629794.42
Vainona,upper-mid,-17.776381614920446,31.077282330061355,6.97,4,3,182,1115,25,1,1,1,0,376725.74
Belvedere,middle,-17.845362110730328,31.012434748374062,3.8,3,2,198,1105,3,0,0,0,1,177547.89
Belvedere,middle,-17.84877786216563,31.02471502732645,2.92,3,2,214,1015,18,0,0,0,1,192448.53
Avondale,upper-mid,-17.78852192791892,31.027915199256473,5.06,1,1,219,1110,2,0,1,0,1,279371.51
Highlands,upper-mid,-17.78911552187897,31.06774211752353,5.24,8,6,221,860,0,1,1,1,1,672172.79
Hatfield,middle,-17.875125150895812,31.090662926850243,6.89,6,6,125,882,38,0,0,0,1,166308.02
Ballantyne Park,premium,-17.759041596474074,31.0763510062253,8.66,7,6,455,3025,17,1,1,0,1,618189.82
Kambuzuma,township,-17.861106475085954,30.96672517648034,8.94,4,4,103,293,26,0,0,0,1,48602.69
Ballantyne Park,premium,-17.76264786960689,31.08553253999182,8.73,4,4,411,2248,19,0,1,0,1,497262.47
Mt Pleasant,premium,-17.78213250798191,31.026299234182364,5.78,7,6,237,985,31,0,1,0,1,598248.27
Marlborough,middle,-17.780124481526062,30.95103673958396,11.44,1,1,195,724,23,0,1,0,1,194205.09
Marlborough,middle,-17.775725861484307,30.95266155281769,11.55,7,6,216,1399,11,0,1,0,1,363710.01
Marlborough,middle,-17.782444751238497,30.95523457510357,10.93,3,3,182,702,27,0,1,0,1,230693.17
Avondale,upper-mid,-17.7886327830996,31.030255984709274,4.96,5,4,64,385,21,1,1,0,1,365170.79
Budiriro,township,-17.938403748388712,30.944878840570247,15.97,4,4,69,353,5,0,1,0,0,51796.83
Avondale,upper-mid,-17.789698401043246,31.02870687699848,4.91,1,1,154,1012,14,0,1,1,1,256176.46
Avondale,upper-mid,-17.78740129986803,31.025782254548574,5.26,2,1,180,1028,16,0,0,1,1,237638.45
Avondale,upper-mid,-17.777096027503408,31.02371589454086,6.4,5,4,285,914,20,1,1,1,1,407597.29
Glen Lorne,premium,-17.740245451924174,31.190300350723064,18.4,4,3,486,2547,24,1,1,0,1,593793.5
Avonlea,middle,-17.773026841970516,30.99664015890679,8.23,2,2,151,399,12,0,0,0,1,194300.46
Highlands,upper-mid,-17.78778304633825,31.074367165332742,5.72,3,2,399,1303,23,0,1,0,1,369287.7
Belvedere,middle,-17.850593824763724,31.013923611271004,3.95,5,5,190,894,1,0,1,0,0,233795.52
Glen Lorne,premium,-17.74397606038948,31.180589140676393,17.31,2,1,350,1072,25,0,1,0,1,448990.0
Budiriro,township,-17.932520124740687,30.947663723963807,15.28,3,3,66,316,31,0,0,0,1,38646.34
Avondale,upper-mid,-17.786747545378063,31.034255763263868,5.05,5,5,362,1804,31,0,1,0,1,331100.81
Glen View,township,-17.92766207671812,30.966163965682856,13.61,4,4,52,288,9,0,0,0,1,49137.52
Avondale,upper-mid,-17.791351734159672,31.038242513542695,4.47,4,4,149,903,14,1,1,1,1,332535.03
Glen Lorne,premium,-17.74425837245848,31.17259841896109,16.6,5,5,317,428,15,1,1,0,1,638746.67
Mabelreign,middle,-17.805616856737508,30.998857243715136,5.64,6,6,180,636,13,0,0,0,1,170332.07
Belvedere,middle,-17.84717269855657,31.01905157993105,3.28,3,2,90,561,33,0,1,0,1,137993.47
Mabelreign,middle,-17.808137557649363,31.00286648651358,5.13,5,4,190,585,24,0,0,0,1,150987.21
Avondale,upper-mid,-17.795439385271056,31.023994335167327,4.54,4,4,205,647,33,0,1,0,1,326414.18
Belvedere,middle,-17.843290710315852,31.012723085562946,3.68,7,6,163,766,12,0,0,0,1,263602.22
Mufakose,township,-17.90415906565751,30.96145100151992,12.02,4,3,106,747,3,0,1,0,0,60123.73
Avonlea,middle,-17.771244064989194,30.981867970362572,9.42,5,5,219,516,13,0,1,1,1,248732.78
Greendale,upper-mid,-17.7877977927203,31.12513679995464,9.75,6,6,180,918,19,0,0,0,1,376037.91
Belvedere,middle,-17.84453825436202,31.016449327893987,3.38,3,3,185,638,31,0,1,0,1,187003.86
Belvedere,middle,-17.851843489252996,31.018263545478373,3.66,2,1,159,840,38,0,1,0,0,122714.25
Kambuzuma,township,-17.866645836801133,30.956469313878696,10.17,3,3,76,271,46,0,0,0,1,32236.3
Greendale,upper-mid,-17.790527164318362,31.13560590131866,10.6,3,3,256,654,50,0,1,1,1,310554.43
Avondale,upper-mid,-17.78902485122507,31.02782956512294,5.01,5,5,273,1158,7,0,0,1,1,347763.55
Mabelreign,middle,-17.80681827526331,30.996617214654204,5.78,4,3,129,650,21,0,0,0,1,128265.35
Marlborough,middle,-17.775491186977458,30.94166861154209,12.56,3,3,142,347,12,0,0,0,1,221021.41
Hatfield,middle,-17.865155941908704,31.085250413004605,5.71,5,4,162,735,30,0,0,1,1,167300.47
Avondale,upper-mid,-17.793818521293755,31.036444089229747,4.23,5,4,288,2008,3,0,1,1,0,414586.91
Highlands,upper-mid,-17.78724748472034,31.071051000950202,5.59,2,2,143,1320,31,0,1,1,1,283299.55
Hatfield,middle,-17.865139021587257,31.086336210172426,5.79,3,2,208,835,29,0,1,0,1,125490.89
Mt Pleasant,premium,-17.777184769402794,31.018643303970286,6.6,4,4,408,2030,20,0,1,0,1,564267.77
Highlands,upper-mid,-17.79024417318401,31.071450368517002,5.33,1,1,254,1597,17,0,0,0,1,346267.31
Avonlea,middle,-17.769351872604503,30.98515004453828,9.33,5,4,140,989,16,0,0,0,1,246948.3
Hatfield,middle,-17.87500102785653,31.08894759445911,6.75,1,1,200,731,2,0,0,0,0,136433.31
Glen View,township,-17.928120717185546,30.966527472411123,13.62,2,2,72,297,6,0,0,0,1,41846.53
Vainona,upper-mid,-17.773802919333466,31.075734810001432,7.14,6,6,318,200,36,1,0,0,1,538594.08
Mt Pleasant,premium,-17.78021730000629,31.016965891071436,6.38,5,5,575,3224,11,1,1,1,0,644332.51
Kambuzuma,township,-17.861255955996423,30.956446723784975,9.96,2,1,114,763,32,0,0,0,1,36003.09
Ballantyne Park,premium,-17.76440642328282,31.08283734806998,8.42,6,5,427,2852,0,0,1,1,1,673923.05
Highlands,upper-mid,-17.800730264951905,31.07118357389919,4.36,4,4,252,815,10,0,1,1,1,508795.06
Vainona,upper-mid,-17.786744643542754,31.078054212977666,6.04,3,2,420,1481,20,1,1,1,1,478901.23
Marlborough,middle,-17.78152398396631,30.958530652012033,10.68,2,1,191,909,0,0,0,0,1,174223.93
Mufakose,township,-17.912856380777306,30.958502988036656,12.91,1,1,109,911,20,0,0,0,0,37132.74
Hatfield,middle,-17.869039056851523,31.090426691610077,6.4,5,4,160,857,21,0,1,0,1,168828.85
Hatfield,middle,-17.874428273236106,31.099297258758437,7.51,7,6,220,1250,23,0,0,0,1,206410.14
Ballantyne Park,premium,-17.76226463368978,31.07859011816078,8.43,1,1,209,1007,11,1,0,0,1,329029.82
Greendale,upper-mid,-17.783207534302765,31.124241510682907,9.93,2,1,271,910,19,0,1,1,1,338257.63
Avondale,upper-mid,-17.78233984525787,31.027915948134606,5.71,3,3,139,466,22,0,1,0,1,319749.34
Ballantyne Park,premium,-17.756612955838214,31.078252341207055,8.99,4,3,477,2580,18,0,1,1,1,575463.64
Vainona,upper-mid,-17.776816040046207,31.078601934525057,7.0,5,4,215,1016,19,1,0,0,1,457377.84
Vainona,upper-mid,-17.775161727729238,31.089714761321055,7.81,5,4,233,2145,13,0,0,0,1,451310.8
Mt Pleasant,premium,-17.785503946763313,31.020423098574163,5.69,2,1,223,1196,28,0,1,1,1,377112.04
Marlborough,middle,-17.775641115159758,30.950393229620907,11.76,3,2,142,747,45,0,1,0,1,155331.39
Belvedere,middle,-17.854121160049075,31.017542207895474,3.88,8,6,217,310,16,0,0,0,1,259979.75
Glen Lorne,premium,-17.746607986651536,31.18371521974011,17.43,4,4,476,2089,31,0,1,0,1,671977.68
Avondale,upper-mid,-17.782761976743757,31.028356535468692,5.65,3,2,171,1332,15,1,1,1,1,299016.78
Mabelreign,middle,-17.803515477428775,31.00297016463781,5.4,3,2,194,1131,21,0,0,0,1,129552.53
Hatfield,middle,-17.87526172293154,31.095982649339895,7.3,3,2,249,1403,36,0,0,1,0,139242.84
Mabelreign,middle,-17.80387645890747,31.004495260087218,5.24,2,1,176,705,15,0,0,1,1,109265.87
Avondale,upper-mid,-17.7950305454974,31.03361375528849,4.18,6,5,334,1372,25,0,0,0,1,403353.13
Mabelreign,middle,-17.805809435154845,30.991474226663374,6.32,3,3,102,662,13,0,1,0,1,124812.14
Highlands,upper-mid,-17.79519181337607,31.07594960531852,5.16,6,6,174,1089,7,1,1,1,1,508004.16
Greendale,upper-mid,-17.784121425166706,31.13362866107499,10.73,3,2,309,2234,17,1,0,0,1,377397.1
Ballantyne Park,premium,-17.765553368990545,31.08604575014403,8.48,3,2,383,2557,31,0,1,1,1,403555.31
Avondale,upper-mid,-17.785514849821833,31.02747231584072,5.39,4,3,334,2084,34,1,1,0,1,310450.98
Greendale,upper-mid,-17.789393099865283,31.132971823160005,10.4,2,2,127,387,11,0,1,0,1,308492.39
Highlands,upper-mid,-17.794121563489487,31.07377905430405,5.11,2,1,288,1193,28,0,1,0,1,326567.3
Hatfield,middle,-17.88183838703305,31.08784565765133,7.25,2,1,250,1128,11,0,0,0,1,138162.17
Vainona,upper-mid,-17.779773602200134,31.074171124182318,6.48,2,1,259,1010,32,0,1,1,1,345442.07
Vainona,upper-mid,-17.77457953243798,31.081242794011903,7.35,4,3,231,1236,16,0,0,0,1,377286.64
Mt Pleasant,premium,-17.781626380702097,31.01547678642576,6.32,4,4,363,1839,26,0,1,1,1,484218.83
Avondale,upper-mid,-17.786314115300208,31.03161294619175,5.17,4,3,220,1047,20,1,0,0,1,334144.36
Vainona,upper-mid,-17.777270006273614,31.079645782571582,7.01,2,2,202,1030,52,1,1,0,1,296107.29
Greendale,upper-mid,-17.789594129226153,31.131858192447435,10.28,3,3,222,847,24,0,1,1,1,311925.1
Highlands,upper-mid,-17.793909451397194,31.07024571474299,4.91,3,2,263,1673,0,0,1,1,1,421752.19
Hatfield,middle,-17.874965934001963,31.083792457950512,6.38,2,2,249,1191,22,0,0,1,1,124602.48
Kambuzuma,township,-17.85706914094229,30.95948450484629,9.5,5,4,72,434,13,0,0,0,1,58529.53
Marlborough,middle,-17.783835642281215,30.94935519916337,11.4,3,2,155,644,26,0,1,0,1,207839.08
Belvedere,middle,-17.847019845648894,31.018419985790704,3.33,5,5,202,1718,16,1,0,0,1,206589.7
Mufakose,township,-17.909909419520698,30.96631326492799,12.1,2,2,111,558,2,0,0,0,1,52707.18
Budiriro,township,-17.938443159031166,30.944153230330127,16.02,2,1,83,289,13,0,1,0,1,35106.98
Avonlea,middle,-17.767531342128486,30.99436578455616,8.86,3,2,202,514,31,0,0,1,0,191673.62
Mufakose,township,-17.90540710118958,30.956693518462885,12.48,3,3,91,311,16,0,0,0,0,44713.21
Glen View,township,-17.93028757933858,30.972573856562935,13.44,2,1,103,660,0,0,0,0,1,41453.26
Mabelreign,middle,-17.815430440804445,30.99100861816212,5.97,6,5,170,1062,5,0,1,0,1,188295.04
Avondale,upper-mid,-17.788791299479108,31.03221526220201,4.88,2,2,267,1907,27,1,0,0,1,304433.99
Glen Lorne,premium,-17.74367453943539,31.18127447537837,17.39,4,4,331,1719,10,1,1,1,1,651411.4
Borrowdale,premium,-17.742316767488933,31.09891759250544,11.39,4,3,425,1694,5,1,1,0,1,681916.82
Avondale,upper-mid,-17.79132482302534,31.035713734541304,4.52,1,1,226,1357,23,0,1,1,1,269474.89
Marlborough,middle,-17.778760555373882,30.95027216626756,11.59,1,1,263,2289,13,0,0,0,1,215188.21
Greendale,upper-mid,-17.788867440587776,31.12699377656229,9.86,2,2,216,1217,15,0,0,0,1,312870.52
Avonlea,middle,-17.768722511870248,30.990289099238918,9.03,2,1,152,491,15,0,1,0,1,208456.8
Marlborough,middle,-17.77094876306014,30.945850762397402,12.44,3,2,209,1215,10,0,0,0,1,222870.81
Mabelreign,middle,-17.82302244013838,31.00138440536381,4.7,4,3,157,608,16,0,0,0,0,157695.83
Mt Pleasant,premium,-17.77714265701036,31.01768257479236,6.65,4,4,187,884,17,1,1,0,1,429597.86
Highlands,upper-mid,-17.79204444462867,31.06299374538017,4.73,3,2,322,1563,35,1,1,0,1,397781.19
Mabelreign,middle,-17.804414554059285,30.99965872845706,5.64,8,6,203,961,26,0,1,0,1,192805.39
Mabelreign,middle,-17.81442464747845,30.996513016621567,5.45,3,3,194,1068,7,0,0,0,1,163791.6
Budiriro,township,-17.937902792597953,30.934723839749946,16.66,1,1,137,739,26,0,0,0,0,29807.24
Mufakose,township,-17.909341832823305,30.957248385221888,12.73,2,1,76,244,22,0,0,0,0,35700.42
Mufakose,township,-17.910345601789828,30.96578984245533,12.17,5,4,101,418,11,0,0,0,1,69736.0
Vainona,upper-mid,-17.781153636210895,31.084624133341276,6.95,4,3,212,547,33,0,1,1,1,346718.06
Greendale,upper-mid,-17.788076160930267,31.133670444749423,10.53,4,3,279,1460,30,0,1,0,1,358252.6
Highlands,upper-mid,-17.797655801337616,31.059311265966763,4.01,5,4,267,857,8,0,1,1,1,519659.83
Avonlea,middle,-17.762198805444886,30.98296984401418,10.08,5,4,159,464,17,0,1,0,0,264959.8
Kambuzuma,township,-17.863474922254323,30.958305711799508,9.86,1,1,54,240,5,0,0,0,0,29066.2
Greendale,upper-mid,-17.79358813622256,31.13135260108599,10.04,4,4,322,1320,8,0,0,1,0,394092.08
Marlborough,middle,-17.786238562806563,30.94760167257877,11.45,4,3,310,1937,24,0,0,0,1,281952.79
Vainona,upper-mid,-17.785192212050955,31.079663227904813,6.28,3,2,246,649,24,0,1,1,1,336100.2
Ballantyne Park,premium,-17.759245003706365,31.075505593403776,8.61,3,3,400,2315,12,0,1,0,1,492198.71
Highlands,upper-mid,-17.78641843353306,31.06680214315669,5.47,5,4,290,1962,15,0,1,1,1,455078.94
Glen Lorne,premium,-17.739828966205224,31.18055361437202,17.57,4,4,366,1190,36,1,1,1,1,587666.25
Kambuzuma,township,-17.86617413897607,30.96366594936188,9.46,2,1,99,668,0,0,0,0,1,44192.49
Greendale,upper-mid,-17.789958018569614,31.130679815783484,10.15,4,4,347,1233,17,0,1,1,1,435281.4
Mabelreign,middle,-17.80475222307584,30.99499176428504,6.05,2,1,132,801,3,0,1,0,1,130867.02
Belvedere,middle,-17.854019435892685,31.028103902731413,3.12,1,1,156,821,14,0,0,0,1,120904.27
Ballantyne Park,premium,-17.760148590705153,31.080447325346153,8.73,6,6,348,2245,22,0,1,1,1,638247.38
Ballantyne Park,premium,-17.765248050300077,31.07767929073604,8.09,4,4,369,1525,36,0,1,1,1,462422.4
Mabelreign,middle,-17.81074678513869,30.988305314096756,6.41,2,2,174,765,36,0,1,0,1,100384.18
Highlands,upper-mid,-17.798621418716113,31.07190220799545,4.59,1,1,196,1100,13,0,1,1,1,334890.1
Glen View,township,-17.934284700350954,30.97550402595305,13.64,4,4,86,623,39,0,0,0,1,42664.35
Mt Pleasant,premium,-17.78165186558166,31.017080589148506,6.23,3,3,305,1140,22,1,1,0,1,452171.98
Belvedere,middle,-17.848497902125057,31.01346814528125,3.86,4,4,212,882,0,0,1,0,1,218532.66
Mabelreign,middle,-17.80521075658458,31.00308864755384,5.28,2,2,123,412,34,0,0,1,1,108155.69
Highlands,upper-mid,-17.786792501268945,31.074071919572905,5.8,3,2,221,627,4,0,1,1,1,423054.27
Vainona,upper-mid,-17.782261116068923,31.07755627898517,6.42,1,1,137,674,42,0,1,0,1,225310.62
Budiriro,township,-17.948893933403024,30.942160292759873,17.04,2,2,70,200,21,0,0,0,1,29838.41
Highlands,upper-mid,-17.786692406690182,31.076018945198,5.92,3,2,253,1251,30,1,1,1,1,387335.05
Avondale,upper-mid,-17.78822109860783,31.027644068687465,5.1,4,3,239,788,1,0,1,0,1,324685.53
Avondale,upper-mid,-17.79819035708593,31.02554993834001,4.19,1,1,230,1487,23,0,1,1,1,270733.88
Highlands,upper-mid,-17.792478856016977,31.070826861663207,5.08,1,1,227,1228,6,0,1,0,1,297938.18
Hatfield,middle,-17.866951674535823,31.08989108648763,6.21,5,4,180,672,23,0,1,0,1,154548.82
Hatfield,middle,-17.86980975720641,31.089218325024948,6.37,2,2,173,781,15,0,1,1,1,135071.47
Greendale,upper-mid,-17.787947809851676,31.127963420426966,10.0,8,6,237,1600,29,1,0,0,1,514749.29
Mabelreign,middle,-17.80630600478034,31.007883686928,4.79,3,3,292,1567,0,0,0,0,1,146535.05
Highlands,upper-mid,-17.788970924161966,31.067923802713274,5.27,3,3,266,1688,33,0,1,1,1,377143.06
Borrowdale,premium,-17.74063404245126,31.10809434019155,12.07,1,1,243,1214,20,1,0,1,1,510271.67
Avonlea,middle,-17.775005634105053,30.986924888456265,8.75,4,3,187,440,28,0,1,0,1,234265.27
Budiriro,township,-17.938406530366702,30.944610588797406,15.98,1,1,110,635,14,0,0,0,1,33125.09
Borrowdale,premium,-17.738584715603487,31.091155424866038,11.38,1,1,301,2329,25,1,1,1,1,509075.81
Highlands,upper-mid,-17.791885013674953,31.06255663369497,4.73,1,1,173,813,16,0,1,1,1,345177.04
Marlborough,middle,-17.777495510008,30.95132792920573,11.56,3,3,183,663,11,0,1,0,1,243129.12
Mabelreign,middle,-17.809300909002776,30.99082299725634,6.22,5,4,145,449,20,0,1,0,1,151957.09
Glen Lorne,premium,-17.744467767679122,31.180599394355077,17.28,5,5,414,909,7,1,0,1,1,741897.32
Greendale,upper-mid,-17.798691765534716,31.127069825236447,9.4,5,4,318,1177,2,0,1,0,1,495158.91
Hatfield,middle,-17.869005251325845,31.095607847179533,6.82,4,3,72,230,25,0,0,0,1,131853.28
Greendale,upper-mid,-17.79219296080605,31.12040630786553,9.07,4,3,298,1876,32,0,0,0,1,342195.65
Ballantyne Park,premium,-17.75949360485363,31.07007093335376,8.38,4,4,362,2718,8,1,0,1,1,520632.21
Highlands,upper-mid,-17.7883229772335,31.06173802931183,5.07,5,5,269,1612,24,0,0,0,1,445844.34
Greendale,upper-mid,-17.78709997661344,31.128915862827007,10.14,1,1,266,1134,16,0,1,1,0,320491.51
Avondale,upper-mid,-17.787219984026134,31.024941309413244,5.31,2,1,251,1958,0,0,0,0,1,296668.23
Mufakose,township,-17.908509835869452,30.955062345927782,12.84,3,2,125,554,24,0,0,0,1,46643.19
Belvedere,middle,-17.846798921263375,31.023108975524753,2.91,4,3,79,379,20,0,1,0,1,181262.37
Belvedere,middle,-17.850398025044196,31.01893238060132,3.5,5,5,194,200,18,0,1,0,1,213670.67
Budiriro,township,-17.936418406454052,30.940880390370076,16.09,2,2,69,274,3,0,0,0,0,35975.64
Greendale,upper-mid,-17.790126071177255,31.13128423871716,10.2,4,3,290,1641,26,1,1,0,1,395473.92
Greendale,upper-mid,-17.78577921364145,31.127375673777053,10.07,1,1,201,495,3,0,0,0,1,323452.92
Glen View,township,-17.925701608938347,30.963645526025626,13.6,2,2,86,332,19,0,1,0,0,35361.23
Highlands,upper-mid,-17.78486975152831,31.067081825690767,5.64,2,2,272,1197,0,0,0,0,1,419376.81
Hatfield,middle,-17.87225657926121,31.083137721940496,6.11,2,1,214,1111,27,0,1,0,1,132437.11
Hatfield,middle,-17.86725480802978,31.08944436894429,6.2,4,4,211,1406,20,0,0,0,1,191953.21
Mt Pleasant,premium,-17.785408421753285,31.01524365988374,5.97,1,1,265,1403,37,0,1,1,1,355110.8
Avondale,upper-mid,-17.796769081273062,31.039955042817514,3.84,3,2,250,647,11,0,1,0,1,363091.11
Highlands,upper-mid,-17.78794548368507,31.07098397221714,5.52,1,1,300,680,16,0,0,0,1,273965.7
Ballantyne Park,premium,-17.749684739509796,31.0731248828,9.52,3,2,351,1311,35,1,1,1,1,471364.32
Avondale,upper-mid,-17.796983138937918,31.033636448449176,3.97,4,4,211,1316,0,0,0,1,1,400209.42
Vainona,upper-mid,-17.78158790566243,31.08305374430318,6.81,1,1,222,1005,19,0,1,0,1,265023.06
Mabelreign,middle,-17.808330174358346,30.997531599405033,5.62,2,1,188,752,31,0,0,0,1,93542.64
Glen View,township,-17.927059762192822,30.963464107623203,13.73,3,3,72,250,9,0,0,0,0,49604.78
Mabelreign,middle,-17.81504389326645,30.998843939279546,5.2,5,5,289,1313,16,0,1,1,1,183843.12
Highlands,upper-mid,-17.79127634641513,31.069597449998287,5.13,8,6,288,1239,0,0,1,1,1,590065.97
Vainona,upper-mid,-17.77860917909275,31.08001876133495,6.91,6,5,275,2216,9,0,0,1,1,468788.42
Highlands,upper-mid,-17.783897652541878,31.06337737149179,5.59,6,6,332,537,21,0,0,0,1,496781.01
Mt Pleasant,premium,-17.78419304097423,31.02080909734301,5.8,4,4,367,2150,30,1,1,0,1,501689.76
Kambuzuma,township,-17.85698157351216,30.95856624043743,9.59,3,2,96,357,15,0,0,0,1,42941.83
Greendale,upper-mid,-17.79685548762239,31.12794788894829,9.57,1,1,277,728,21,0,1,0,1,300293.57
Highlands,upper-mid,-17.799242605358696,31.068551953108038,4.32,4,3,266,1868,0,0,0,1,1,480992.71
Mabelreign,middle,-17.80916110709306,31.00239914904025,5.12,1,1,130,305,3,0,0,0,1,117705.64
Greendale,upper-mid,-17.788891071930763,31.136599548478767,10.77,6,6,375,1704,26,0,1,0,1,489829.03
Borrowdale,premium,-17.74689625565107,31.10110811078939,11.08,3,2,421,2440,21,0,1,1,1,624187.48
Ballantyne Park,premium,-17.75706772035249,31.07732007341878,8.9,2,1,501,2068,11,0,1,0,1,422926.88
Belvedere,middle,-17.851576257843803,31.01167634696418,4.2,3,3,208,1212,27,0,0,1,1,192436.96
Mabelreign,middle,-17.813131838229566,30.99688568909329,5.47,5,5,180,564,33,0,1,1,1,168793.72
Highlands,upper-mid,-17.781661408389777,31.074142001839608,6.29,4,3,234,1271,0,0,1,0,1,498326.57
Glen View,township,-17.925078404504752,30.966463036321834,13.36,3,2,55,200,11,0,0,0,0,45087.2
Mabelreign,middle,-17.809916661498256,31.003394125079836,4.99,6,5,125,657,2,0,1,0,1,182698.41
Mabelreign,middle,-17.807719844297107,30.992315042858348,6.15,1,1,208,845,27,0,1,1,1,122027.93
Highlands,upper-mid,-17.788722374979482,31.070849416731644,5.44,2,1,315,1083,12,1,0,1,1,421112.47
Glen Lorne,premium,-17.74897824408818,31.171939673005156,16.24,4,3,485,2483,8,1,1,1,1,767489.92
Mufakose,township,-17.91022406335666,30.95433590204571,13.03,1,1,118,452,21,0,0,0,0,34864.59
Vainona,upper-mid,-17.7694317208782,31.075559693390023,7.57,1,1,175,629,11,0,1,0,1,338426.24
Avonlea,middle,-17.772792102859395,30.986182956407113,8.98,7,6,158,664,26,0,1,0,1,310739.42
Hatfield,middle,-17.867861204836867,31.093888356522978,6.6,1,1,205,865,22,0,1,1,1,130384.67
Mt Pleasant,premium,-17.778809769972046,31.008466599253087,6.97,5,5,431,2120,24,0,0,1,1,561988.66
Mabelreign,middle,-17.81032672068455,31.003100462226797,5.0,4,3,177,978,23,0,0,1,1,129675.49
Kambuzuma,township,-17.85843719400213,30.95926726724323,9.57,1,1,56,308,17,0,0,0,1,32088.29
Hatfield,middle,-17.865947872174416,31.089812748647073,6.13,6,6,238,1106,34,0,1,0,1,222768.25
Avondale,upper-mid,-17.783238925144502,31.033571011807197,5.45,2,1,331,2081,28,0,0,1,1,278318.53
Mufakose,township,-17.907835350940488,30.96306334583451,12.17,3,2,119,850,9,0,0,0,0,48376.89
Marlborough,middle,-17.774955593149397,30.944348533257134,12.34,3,2,164,845,0,0,0,0,1,258525.62
Hatfield,middle,-17.8765567116422,31.08776383793992,6.79,2,1,212,1278,21,0,0,0,1,119807.21
Mabelreign,middle,-17.808473919546067,30.999944450610116,5.39,3,3,180,423,31,0,0,1,1,141126.59
Hatfield,middle,-17.872690865782324,31.086605220196244,6.39,4,4,165,591,14,0,1,0,0,158100.65
Vainona,upper-mid,-17.77576685839293,31.081309351442453,7.25,2,1,326,1570,12,0,0,1,1,328884.47
Mt Pleasant,premium,-17.786934949933595,31.024633054367296,5.35,5,5,366,1090,48,1,1,0,1,529747.34
Highlands,upper-mid,-17.794014217911467,31.067944235366326,4.78,1,1,216,988,19,0,1,1,1,278533.06
Marlborough,middle,-17.773344141207556,30.949218005302,12.0,5,5,78,202,26,0,0,0,1,215590.32
Marlborough,middle,-17.77627399471322,30.95098497519023,11.67,2,1,200,214,8,0,1,1,1,206344.06
Avonlea,middle,-17.774737365943572,30.99505489813682,8.19,5,5,203,1172,18,1,0,0,1,316006.44
Greendale,upper-mid,-17.784810056934216,31.124398070085977,9.85,2,1,263,1939,30,0,0,1,1,315955.93
Mabelreign,middle,-17.80959782510607,31.000542030285597,5.27,1,1,94,420,23,0,0,0,1,88884.86
Glen View,township,-17.929677900368006,30.973834787843572,13.31,4,3,56,352,22,0,0,0,0,38607.45
Highlands,upper-mid,-17.795469974115512,31.06792018889351,4.64,2,2,252,2040,13,0,1,0,1,406977.13
Hatfield,middle,-17.864429764145846,31.08978431393506,6.02,4,3,222,854,9,0,0,1,1,177017.97
Belvedere,middle,-17.854027238101065,31.016051667263522,3.99,2,2,228,1723,0,0,1,1,1,205565.49
Marlborough,middle,-17.775369659790666,30.95553007264727,11.31,8,6,112,451,13,0,0,1,1,356841.41
Ballantyne Park,premium,-17.753729184752746,31.07975288660161,9.35,2,1,533,2137,7,0,0,1,1,447554.75
Mabelreign,middle,-17.804569633012854,31.001488990839714,5.46,2,1,155,809,19,0,0,0,1,121820.73
Kambuzuma,township,-17.856836093947344,30.957952355692697,9.65,1,1,109,546,0,0,0,0,0,35797.25
Hatfield,middle,-17.866301429885223,31.09178912843412,6.32,2,2,214,1215,18,0,0,1,1,143862.36
Glen View,township,-17.92999096841318,30.977656182022805,13.11,2,2,60,258,59,0,0,0,0,22774.54
Budiriro,township,-17.935729814101897,30.935730393726768,16.41,2,1,50,200,29,0,0,1,1,31910.81
Greendale,upper-mid,-17.786081682968728,31.12852380094456,10.16,3,3,247,679,4,0,0,0,1,402137.26
Belvedere,middle,-17.852806587055106,31.030910491126356,2.85,8,6,269,1518,31,0,0,0,1,259242.89
Avondale,upper-mid,-17.778977359692245,31.029520444217507,6.01,3,3,279,1531,16,1,1,1,1,351902.86
Budiriro,township,-17.945807404843013,30.938668300348198,17.02,3,3,71,200,21,0,0,0,1,32838.23
Glen Lorne,premium,-17.743909382715874,31.185814449390143,17.78,6,5,328,2322,31,1,1,1,1,715651.2
Greendale,upper-mid,-17.795321880772782,31.12944754038567,9.78,5,4,414,1497,35,0,1,0,1,432846.87
Mufakose,township,-17.908600408863254,30.96570008493653,12.04,5,5,68,256,7,0,0,0,1,69058.02
Vainona,upper-mid,-17.789693234473994,31.071209246447655,5.37,1,1,344,1348,22,0,1,0,1,344559.88
Mabelreign,middle,-17.81005672130645,30.999782098737377,5.32,2,1,216,1259,13,0,0,1,1,115004.21
Greendale,upper-mid,-17.784488511420196,31.124766499128018,9.9,1,1,319,1795,2,1,0,0,1,373826.95
Budiriro,township,-17.94085131272019,30.927890226692316,17.4,2,1,83,342,23,0,0,1,1,26293.64
Mufakose,township,-17.907327908386804,30.96286592050626,12.15,4,3,94,407,22,0,0,0,0,44040.35
Vainona,upper-mid,-17.782266937824705,31.08127708985742,6.64,3,3,143,619,17,1,1,0,1,362218.42
Hatfield,middle,-17.874159083446134,31.094872308069743,7.13,2,2,124,649,22,0,1,0,1,129303.43
Vainona,upper-mid,-17.776845110026787,31.08609835932522,7.43,8,6,249,1316,26,0,1,0,1,543341.3
Avonlea,middle,-17.765972786857652,30.982808238333416,9.78,3,3,204,1131,44,1,0,0,1,221520.42
Belvedere,middle,-17.850090671077343,31.01796619408546,3.56,3,3,160,385,23,0,1,0,0,176552.37
Mabelreign,middle,-17.81389928390756,31.005751016060458,4.57,6,6,247,1278,39,0,0,1,1,181009.58
Borrowdale,premium,-17.735341012054466,31.095398461776675,11.9,5,5,312,927,33,0,1,1,1,630626.43
Highlands,upper-mid,-17.794874286365456,31.06974549050553,4.8,1,1,246,1332,0,0,1,0,1,333320.8
Hatfield,middle,-17.873759407395056,31.095099181867344,7.12,4,4,169,1005,31,0,0,0,0,136634.0
Avonlea,middle,-17.771938807987468,30.983163184678677,9.27,5,5,178,818,4,0,0,0,1,292793.94
Marlborough,middle,-17.785681625923363,30.94955850045479,11.29,5,4,217,966,2,0,0,0,1,273510.08
Glen Lorne,premium,-17.74251894853906,31.180666203279856,17.41,2,2,328,1885,10,1,1,1,0,583084.6
Greendale,upper-mid,-17.78992623497009,31.124674552143727,9.59,5,5,365,1847,23,0,1,0,1,422704.22
Mufakose,township,-17.902726873632346,30.956139589466844,12.33,5,5,75,310,6,0,0,0,1,61208.71
Borrowdale,premium,-17.738755466749396,31.095561764187032,11.57,8,6,363,1732,32,0,1,0,1,855387.62
Greendale,upper-mid,-17.793119284483865,31.13309574800954,10.23,6,6,261,1225,0,0,1,1,1,504615.49
Kambuzuma,township,-17.870005735156333,30.957689252879028,10.21,5,5,89,505,30,0,0,0,0,49773.62
Glen Lorne,premium,-17.745923864836467,31.17421240568059,16.63,4,3,224,926,17,0,1,1,1,518772.64
Hatfield,middle,-17.875847336681343,31.08565756434334,6.59,4,3,268,1199,10,0,1,0,1,183354.57
Highlands,upper-mid,-17.792998985702297,31.070772971535337,5.03,3,2,292,920,28,1,1,0,1,444289.79
Mufakose,township,-17.915863973933497,30.95131299096766,13.69,1,1,93,557,28,0,0,0,1,36161.28
Hatfield,middle,-17.86850141507194,31.08689637658989,6.09,4,4,186,634,20,0,0,0,1,181994.87
Mufakose,township,-17.913743711537947,30.951326474624732,13.53,3,2,112,437,28,0,0,0,0,43438.12
Highlands,upper-mid,-17.783402582016357,31.074904317856934,6.17,4,4,345,1259,42,0,1,0,1,363097.02
Marlborough,middle,-17.782861423685944,30.948779043243345,11.51,2,2,161,980,12,0,0,0,1,214579.49
Hatfield,middle,-17.87106056404403,31.083730923776525,6.05,4,3,226,1418,43,0,1,0,1,133631.83
Highlands,upper-mid,-17.787972571553233,31.079807207183627,6.04,1,1,360,2226,32,0,0,1,1,337251.16
Highlands,upper-mid,-17.785450218877067,31.060717154463692,5.33,3,3,282,2160,36,0,1,1,1,344758.9
Borrowdale,premium,-17.73707576427848,31.09917876556964,11.92,1,1,436,794,20,1,1,1,1,622755.95
Kambuzuma,township,-17.856955372057413,30.955998704336398,9.85,1,1,118,568,31,0,0,0,0,32571.11
Hatfield,middle,-17.869206267713864,31.08753788171771,6.19,2,1,266,1095,24,0,1,0,1,124358.21
Belvedere,middle,-17.847977057394814,31.016974155864084,3.52,5,5,193,450,10,0,0,0,1,202864.13
Hatfield,middle,-17.869650664098955,31.0895968308257,6.38,5,5,164,816,3,0,0,0,0,179568.79
Marlborough,middle,-17.78117808274068,30.946965556558844,11.76,8,6,179,1551,20,1,1,0,0,314798.95
Avondale,upper-mid,-17.789873179625385,31.034117779801743,4.72,2,2,324,1419,21,0,0,1,1,253466.11
Avondale,upper-mid,-17.792017241247674,31.02981878591654,4.62,3,2,290,1736,16,0,1,0,1,322100.7
Belvedere,middle,-17.85421173118303,31.018301076914785,3.83,2,1,79,388,31,0,1,0,1,143835.76
Highlands,upper-mid,-17.79124360280754,31.07070236252588,5.19,3,3,275,737,8,0,1,0,1,423811.81
Mufakose,township,-17.908016258281673,30.961361670607005,12.32,1,1,89,488,14,0,0,0,1,40996.51
Mabelreign,middle,-17.802864967080083,30.99831246756561,5.85,1,1,149,649,23,0,1,0,1,97457.37
Greendale,upper-mid,-17.786677955329676,31.13423217899747,10.66,5,4,351,2770,20,0,1,1,1,522170.53
Avonlea,middle,-17.761306246166416,31.003070133203344,8.93,4,3,212,913,22,0,1,0,1,230221.84
Mt Pleasant,premium,-17.77354991535992,31.017135633093673,7.04,7,6,263,1415,14,1,1,0,1,641414.29
Budiriro,township,-17.940022609900694,30.93772230857632,16.61,1,1,81,362,18,0,0,0,0,28713.52
Glen View,township,-17.930505737068383,30.97016780321408,13.61,2,1,122,666,22,0,1,0,1,42290.05
Glen View,township,-17.925534058521052,30.976267172383963,12.78,2,1,92,672,34,0,0,0,0,27360.43
Vainona,upper-mid,-17.777803878695934,31.078359567081797,6.89,7,6,209,731,27,0,1,1,1,520813.91
Ballantyne Park,premium,-17.75581587421447,31.078293673793883,9.07,4,4,344,1512,14,0,0,0,1,418026.9
Highlands,upper-mid,-17.788299286166133,31.06641810030836,5.26,1,1,231,987,19,1,0,0,1,388116.72
Glen Lorne,premium,-17.740928045136506,31.192224003540545,18.53,4,3,322,1730,17,0,1,0,1,484627.04
Mt Pleasant,premium,-17.780486493160396,31.010771000497897,6.68,5,5,315,1439,15,0,1,1,1,622195.18
Glen Lorne,premium,-17.73901988518573,31.177417795495845,17.35,3,3,387,1247,24,0,1,1,1,547863.81
Budiriro,township,-17.94586761299693,30.94259595536019,16.75,3,3,79,508,24,0,0,0,1,40288.29
Glen Lorne,premium,-17.743784625492882,31.175316196007486,16.87,4,4,525,2887,31,0,1,1,1,651456.66
Mt Pleasant,premium,-17.774593430679666,31.006725955538876,7.47,2,2,433,2997,25,1,1,1,1,508013.79
Mabelreign,middle,-17.812833874383415,30.997105277732025,5.46,1,1,181,486,24,0,1,0,1,108304.16
Avonlea,middle,-17.76861720353844,30.984442334455547,9.45,1,1,184,992,31,0,1,1,1,162100.07
Hatfield,middle,-17.873354967381854,31.090880135884714,6.76,4,4,115,521,19,0,1,0,1,175539.43
Avonlea,middle,-17.76142684324572,30.989947139002844,9.69,4,4,161,571,43,0,0,0,1,186414.68
Mufakose,township,-17.91275567766137,30.962088158070173,12.63,3,2,69,505,14,0,0,0,1,48169.66
Belvedere,middle,-17.84074932184157,31.022598549576855,2.61,7,6,155,880,0,0,0,0,1,261985.58
Marlborough,middle,-17.778001360120157,30.946988903521135,11.93,6,6,114,562,32,0,1,0,1,260484.33
Hatfield,middle,-17.86728660495947,31.081404470751014,5.58,3,2,125,384,21,0,0,0,1,101553.84
Avondale,upper-mid,-17.78833038751168,31.020974613323705,5.38,4,4,345,1441,29,0,1,0,1,321285.89
Greendale,upper-mid,-17.78980754860799,31.12094378898104,9.25,1,1,319,1455,33,0,1,1,1,294096.11
Avondale,upper-mid,-17.792895493177824,31.022978589978248,4.84,4,3,294,2152,21,1,0,1,1,282300.08
Ballantyne Park,premium,-17.76001179329075,31.084467139911016,8.93,2,2,394,2091,20,0,1,1,1,454393.75
Mabelreign,middle,-17.807638501901767,31.00462681266441,5.0,6,5,221,1082,21,0,0,0,1,181894.59
Highlands,upper-mid,-17.79213802623325,31.062862082695876,4.72,4,4,321,1925,16,0,1,0,1,490204.68
Ballantyne Park,premium,-17.764702029044194,31.083406876067237,8.42,3,3,264,805,22,1,1,0,1,386230.7
Highlands,upper-mid,-17.79612104364203,31.071614890654683,4.79,3,2,311,1139,32,0,1,0,1,346108.93
Mabelreign,middle,-17.81374801453887,30.996461011734517,5.48,6,5,133,933,20,0,0,1,1,155510.1
Vainona,upper-mid,-17.77886503639423,31.082765075912228,7.04,2,2,221,875,0,0,0,1,1,394867.93
Belvedere,middle,-17.85470646879678,31.0164638783065,4.01,3,3,181,1170,32,0,0,0,1,146677.17
Mufakose,township,-17.905186327882664,30.96818854804497,11.58,2,1,49,287,42,0,0,0,0,30646.91
Glen Lorne,premium,-17.74002402599523,31.174704627140766,17.06,3,3,425,1658,16,0,1,1,0,640367.91
Hatfield,middle,-17.870705213856162,31.09349940365974,6.77,2,2,272,1864,34,0,0,0,0,124078.38
Vainona,upper-mid,-17.78252664796867,31.082625897137433,6.7,1,1,210,1213,23,0,1,0,1,316975.78
Highlands,upper-mid,-17.7873228445744,31.059988113594155,5.11,6,6,213,1304,7,1,1,0,1,561350.44
Belvedere,middle,-17.842604093472556,31.018773721708143,3.06,3,2,222,1057,12,0,0,0,1,160135.02
Glen View,township,-17.928982550661853,30.976889596975987,13.06,3,3,121,496,24,0,0,0,1,40697.69
Vainona,upper-mid,-17.77593842531259,31.089016682577363,7.69,2,2,381,2297,17,1,0,1,1,363700.53
Avonlea,middle,-17.768210310371856,30.9915686826028,8.99,2,1,135,837,25,0,0,1,0,168602.59
Vainona,upper-mid,-17.77593005205875,31.086945118701006,7.56,3,3,177,749,19,1,1,0,1,387788.43
Marlborough,middle,-17.78256660976608,30.946833759853668,11.71,1,1,181,780,10,0,1,0,1,206032.32
Avonlea,middle,-17.77040601547086,30.995386118869245,8.54,3,2,199,1376,48,0,1,1,1,221702.05
Avonlea,middle,-17.766494897542646,30.981979928392338,9.8,1,1,249,1807,25,0,1,0,1,210429.05
Avonlea,middle,-17.768277890269346,30.9957425610681,8.71,2,1,200,1288,28,0,0,1,1,170722.72
Mt Pleasant,premium,-17.78201443274963,31.0218398545969,5.97,2,1,427,2835,38,1,1,1,1,375800.93
Belvedere,middle,-17.85412092932019,31.011703700738533,4.36,3,2,176,884,27,0,1,0,1,162054.01
Belvedere,middle,-17.85527817352429,31.0241574097693,3.49,2,1,89,404,17,0,1,1,1,161095.65
Belvedere,middle,-17.854281934495383,31.011478062913714,4.39,4,3,156,809,13,1,1,0,1,212966.08
Glen Lorne,premium,-17.75043017441278,31.16379163591061,15.44,2,2,240,1414,36,1,1,0,1,420604.99
Avondale,upper-mid,-17.786718974546464,31.023337966397246,5.43,2,1,250,1452,17,1,1,1,1,274566.43
Greendale,upper-mid,-17.7906131904551,31.1366085561051,10.69,3,3,193,535,19,0,1,1,1,335472.78
Glen Lorne,premium,-17.745788131731192,31.17103268017956,16.37,3,3,373,1700,35,1,1,0,1,524069.34
Highlands,upper-mid,-17.792869600428073,31.072224318487077,5.13,5,5,293,1113,19,0,1,0,1,492667.5
Avondale,upper-mid,-17.795499348966654,31.02424265349138,4.52,3,2,310,1162,4,0,0,0,1,319638.05
Hatfield,middle,-17.86511487633678,31.086562767761258,5.81,4,4,148,669,26,0,0,0,1,178119.2
Highlands,upper-mid,-17.795943812045905,31.0724289970942,4.86,3,2,193,750,29,0,1,0,1,323713.74
Mabelreign,middle,-17.807843953876002,30.994745454718213,5.91,2,2,185,626,10,0,0,0,1,125721.61
Marlborough,middle,-17.782893466440562,30.954869516815364,10.94,3,2,151,623,25,0,0,0,1,237287.58
Hatfield,middle,-17.87214076630025,31.094715915234552,6.97,4,4,216,1126,20,0,1,1,1,174438.0
Avondale,upper-mid,-17.787276504985233,31.027425234526092,5.21,4,4,308,1381,0,1,0,1,1,439812.56
Marlborough,middle,-17.78127356446735,30.941588860435928,12.27,2,2,122,604,20,0,0,0,1,201939.05
Avonlea,middle,-17.76640750536645,30.990644453057275,9.2,7,6,203,859,0,0,0,1,1,372960.7
Kambuzuma,township,-17.8597847677848,30.96505267383826,9.05,1,1,118,595,6,0,0,0,1,36420.79
Marlborough,middle,-17.774977436595158,30.94818003735215,11.99,3,3,231,1200,17,0,0,0,1,217103.54
Marlborough,middle,-17.771366955130777,30.94779843802955,12.24,3,2,120,1003,9,0,0,0,1,214546.74
Avonlea,middle,-17.770913700361188,30.993848549655183,8.6,6,6,255,852,17,0,0,0,1,310812.23
Hatfield,middle,-17.87555774302425,31.09278748340036,7.08,2,2,131,721,13,0,1,0,1,138934.11
Glen Lorne,premium,-17.746430628509955,31.1821395808182,17.3,3,3,321,1091,29,0,1,1,1,552942.99
Marlborough,middle,-17.773998132006977,30.945457512852798,12.3,3,3,191,1544,16,0,0,0,1,249400.8
Avondale,upper-mid,-17.788059229523487,31.020961329783468,5.41,3,3,208,1265,31,0,1,0,1,239044.81
Glen View,township,-17.93502957427722,30.969916697619546,14.03,1,1,112,489,30,0,0,0,0,27040.04
Marlborough,middle,-17.778417185605434,30.948366653112217,11.78,1,1,207,763,8,0,1,0,1,216320.85
Avondale,upper-mid,-17.79064275652024,31.022123626149142,5.1,3,2,239,1821,30,0,0,0,1,255625.56
Kambuzuma,township,-17.86208789876374,30.956608465035252,9.97,2,1,77,458,11,0,0,0,1,41680.74
Avondale,upper-mid,-17.78971148231576,31.028043471950618,4.93,1,1,172,1161,19,0,1,0,1,228509.57
Ballantyne Park,premium,-17.753128616939453,31.079759613032923,9.41,4,3,139,583,14,1,1,1,1,462774.7
Highlands,upper-mid,-17.788627295713486,31.071089851484945,5.46,2,1,333,1391,19,1,1,1,1,414980.44
Glen Lorne,premium,-17.743694904104963,31.184020490069422,17.63,2,2,270,1548,8,1,1,1,1,541239.43
Borrowdale,premium,-17.742880842912246,31.102515308758694,11.54,7,6,365,1624,18,1,1,1,1,872103.42
Avondale,upper-mid,-17.797924123329384,31.03236700331845,3.91,2,2,170,1019,34,0,0,1,1,233672.21
Hatfield,middle,-17.87531395121711,31.09669996142476,7.36,2,2,259,1690,4,0,1,0,1,145075.15
Hatfield,middle,-17.869977374647156,31.089528101266446,6.4,2,2,217,1099,20,0,0,1,0,128288.27
Borrowdale,premium,-17.74095451046198,31.102383450481625,11.71,4,3,285,798,15,0,1,1,1,763056.87
Avonlea,middle,-17.767030809579015,30.99274304624837,9.01,2,1,214,316,19,0,1,1,1,225591.74
Ballantyne Park,premium,-17.752259735718123,31.075750028107134,9.34,5,5,299,1158,23,1,1,0,1,540613.27
Kambuzuma,township,-17.854283069900575,30.955005773250974,9.87,1,1,77,375,14,0,0,0,0,36330.89
Ballantyne Park,premium,-17.7620503785964,31.081299465508557,8.58,1,1,411,2308,27,0,1,1,1,404235.58
Avonlea,middle,-17.762288235176808,30.98631107439765,9.85,2,1,182,504,29,0,0,0,1,173454.62
Vainona,upper-mid,-17.776863318620812,31.07659995187349,6.89,2,2,212,1023,8,0,0,0,1,375934.95
Belvedere,middle,-17.84453493609858,31.031448579406415,2.08,2,1,200,1193,36,0,0,1,1,131796.96
Greendale,upper-mid,-17.78345509341067,31.12400209544818,9.89,3,3,400,2329,16,0,1,0,1,372889.92
Hatfield,middle,-17.863314701596323,31.09202812001881,6.14,4,4,206,1033,27,0,0,1,1,159176.79
Highlands,upper-mid,-17.79111647027608,31.06830525770452,5.07,2,1,233,1343,27,0,1,0,1,334818.62
Glen View,township,-17.93499031825658,30.97104557544561,13.96,1,1,85,425,10,0,0,0,1,38335.63
Marlborough,middle,-17.783554388531186,30.9467578954511,11.66,3,3,123,463,3,0,0,0,1,228739.17
Hatfield,middle,-17.876596422471707,31.090692117839883,7.01,2,2,217,993,55,0,1,1,1,112943.92
Mabelreign,middle,-17.80775376868189,30.997979250275872,5.61,2,2,117,816,31,0,1,1,1,107022.05
Budiriro,township,-17.957028037152995,30.936113357429143,18.14,1,1,102,478,16,0,0,0,0,31216.23
Highlands,upper-mid,-17.791282121828207,31.067328827427342,5.01,2,1,217,831,26,0,1,0,1,322179.49
Vainona,upper-mid,-17.784071781735282,31.080180550781108,6.41,1,1,156,766,10,0,1,0,1,243850.02
Highlands,upper-mid,-17.79417084904684,31.069755189921814,4.86,3,2,250,1457,16,1,1,1,1,457485.25
Highlands,upper-mid,-17.792758211729243,31.06559890303668,4.78,1,1,244,788,21,0,0,0,1,281850.14
Avonlea,middle,-17.76962788824034,30.996881722077045,8.52,4,4,153,543,12,0,0,0,1,236300.95
Budiriro,township,-17.946908357563373,30.940372256670784,16.99,1,1,81,608,19,0,0,0,0,25402.7
Budiriro,township,-17.94499442475841,30.934034620537272,17.28,1,1,113,271,14,0,0,0,0,26313.37
Marlborough,middle,-17.77519866320188,30.95712127528816,11.18,5,5,228,1091,14,0,0,1,1,296976.67
Belvedere,middle,-17.8517014624334,31.016245745134416,3.82,4,4,125,1013,30,0,1,1,1,187341.22
Mufakose,township,-17.906310039315823,30.948188526387845,13.23,5,5,106,397,7,0,0,0,1,60348.56
Kambuzuma,township,-17.86047438695864,30.958774772493886,9.7,1,1,84,330,16,0,0,0,0,30917.0
Highlands,upper-mid,-17.79460522417551,31.054937587437358,4.18,1,1,373,2178,25,0,1,0,1,340633.12
Marlborough,middle,-17.774138201889752,30.95083665472622,11.81,1,1,133,732,19,0,0,0,1,159408.63
Mabelreign,middle,-17.806068375146523,31.00774971600426,4.82,1,1,128,639,25,0,0,0,0,99343.5
Vainona,upper-mid,-17.78317458145055,31.081287433532783,6.56,5,4,293,1657,9,0,1,1,1,524552.75
Avondale,upper-mid,-17.789646738678222,31.035273131855135,4.71,4,4,169,864,14,1,1,0,1,411508.83
Budiriro,township,-17.93804749112451,30.93946460220719,16.32,2,2,86,200,0,0,0,0,1,39800.17
Budiriro,township,-17.939308766336364,30.941371315419442,16.29,1,1,100,542,11,0,0,0,1,33009.6
Glen View,township,-17.93091124734556,30.97493124111631,13.36,4,4,101,272,14,0,0,0,1,52620.46
Mabelreign,middle,-17.80601180321793,30.997541379375694,5.74,2,1,130,218,20,0,1,1,1,111569.83
Vainona,upper-mid,-17.777929684583764,31.085111134124137,7.27,4,3,326,1693,16,0,1,0,1,446050.08
Vainona,upper-mid,-17.78028412510175,31.078333688224074,6.65,4,3,256,1268,22,1,0,1,1,452563.93
Marlborough,middle,-17.788524179543764,30.953428083370106,10.78,4,4,121,650,2,0,1,0,1,265992.38
Marlborough,middle,-17.782090645224976,30.961275267917603,10.4,1,1,176,1163,5,0,0,0,0,206769.05
Marlborough,middle,-17.785672970246775,30.9483738904221,11.4,6,5,215,723,12,0,1,1,1,345984.08
Belvedere,middle,-17.847554612453884,31.015880520342836,3.59,1,1,130,598,32,0,0,0,0,89407.03
Greendale,upper-mid,-17.78702644767645,31.130360063319273,10.27,7,6,174,323,16,0,1,0,1,464076.32
Hatfield,middle,-17.86994512809617,31.097169834441015,7.02,2,1,196,1616,21,0,0,0,1,132585.97
Vainona,upper-mid,-17.78770267449927,31.080784515090603,6.13,4,3,161,909,36,0,1,1,1,393257.88
Vainona,upper-mid,-17.769753674543292,31.077456535596344,7.63,5,5,284,1272,10,0,1,0,1,445622.09
Mt Pleasant,premium,-17.77540369525207,31.02135259500251,6.67,5,5,304,647,8,1,1,1,1,576984.42
Ballantyne Park,premium,-17.767917418217614,31.074325937508064,7.67,2,1,313,1668,14,0,0,1,1,369097.96
Mabelreign,middle,-17.8146486474481,31.01098618067951,4.03,4,3,155,843,21,0,0,0,1,148763.39
Avondale,upper-mid,-17.79367319250295,31.037640412005384,4.22,2,2,232,900,14,0,0,1,1,263665.14
Highlands,upper-mid,-17.79220419102091,31.076519438550967,5.45,2,1,394,1425,0,0,1,1,1,481556.89
Hatfield,middle,-17.87306802528459,31.084956088906264,6.31,7,6,238,831,35,0,0,0,0,175588.21
Marlborough,middle,-17.780678771774767,30.94553784205888,11.92,6,5,187,677,18,0,0,0,1,287560.66
Borrowdale,premium,-17.734894685928023,31.100453168587954,12.19,4,4,465,977,6,0,1,1,1,724174.73
Vainona,upper-mid,-17.774142121844964,31.077549442766752,7.2,2,1,301,1353,19,0,1,0,1,322672.45
Ballantyne Park,premium,-17.760701260419058,31.07528892648397,8.45,1,1,205,1066,19,1,1,1,1,369789.68
Belvedere,middle,-17.84842473468025,31.026593906625802,2.75,2,2,205,1172,4,0,0,0,1,145756.37
Vainona,upper-mid,-17.771854410489013,31.082568827432652,7.69,2,1,106,462,0,0,1,0,1,336178.76
Glen Lorne,premium,-17.74629886525361,31.175863586198993,16.75,4,4,305,1376,15,0,1,1,1,640891.01
Glen Lorne,premium,-17.739869488021004,31.175922382450526,17.17,3,3,265,1433,38,1,1,1,1,475503.53
Avonlea,middle,-17.768660060197377,30.98401284194783,9.47,3,3,145,680,29,0,1,0,0,216663.35
Borrowdale,premium,-17.740052881112724,31.093421736727276,11.34,3,2,350,1470,7,1,1,0,1,632118.64
Mabelreign,middle,-17.80998077485247,30.994421509423653,5.84,5,5,142,1144,18,0,1,0,0,155440.99
Ballantyne Park,premium,-17.766771375633635,31.07760306586205,7.93,1,1,307,1983,15,0,1,0,1,412450.22
Avonlea,middle,-17.772683930325854,30.986237416904036,8.99,1,1,201,1174,12,0,1,0,1,210403.28
Avondale,upper-mid,-17.7878879998339,31.03447008794953,4.92,2,2,174,953,19,0,1,1,1,309844.35
Avondale,upper-mid,-17.7952989091618,31.031025219127706,4.24,3,2,206,1043,2,0,1,1,1,334100.36
Glen Lorne,premium,-17.74142538005831,31.186912293217315,18.03,1,1,277,1981,23,0,1,1,1,436592.99
Mabelreign,middle,-17.804072823011392,30.997917134291225,5.81,3,2,143,353,17,0,1,0,0,110930.3
Glen View,township,-17.929677051001324,30.9747779252942,13.25,3,3,88,579,24,0,0,0,0,40754.55
Borrowdale,premium,-17.73572529756482,31.095652988591084,11.87,2,1,513,2273,5,1,0,1,1,728983.51
Ballantyne Park,premium,-17.759003234129008,31.084657341192045,9.04,2,2,471,2149,43,1,1,0,1,428049.53
Glen View,township,-17.928037884739084,30.97209879215374,13.26,2,1,45,299,21,0,0,0,0,37871.04
Marlborough,middle,-17.77759889969332,30.94341573578571,12.29,4,3,154,908,4,0,1,0,1,303684.98
Ballantyne Park,premium,-17.758137029105203,31.075554573818128,8.72,5,4,312,2219,38,0,1,1,1,515066.73
Highlands,upper-mid,-17.786088153108892,31.077150539722282,6.04,1,1,361,1863,21,1,1,1,1,392893.13
Belvedere,middle,-17.856271150691054,31.020426937377582,3.83,6,5,186,962,5,0,1,0,1,240981.55
Hatfield,middle,-17.8654706921776,31.08460832193462,5.68,4,4,219,907,0,0,0,1,1,209115.25
Avonlea,middle,-17.76127169154511,30.994678854798295,9.41,8,6,151,1247,45,0,0,0,1,235324.93
Kambuzuma,township,-17.87104611817317,30.959632008313125,10.07,6,5,109,547,1,0,0,0,1,57600.56
Marlborough,middle,-17.78034217282417,30.95258212500979,11.29,4,3,148,970,8,0,0,1,1,251847.95
Vainona,upper-mid,-17.773270655407426,31.07686686564685,7.25,2,2,281,1224,12,0,1,1,1,367257.32
Avondale,upper-mid,-17.787499873808457,31.034293500751588,4.97,4,4,166,909,19,1,1,0,1,316366.32
Greendale,upper-mid,-17.79297099920063,31.127174510069718,9.67,4,4,284,1353,28,0,1,0,1,400523.57
Highlands,upper-mid,-17.7838933430235,31.06914865886326,5.83,1,1,286,1483,20,0,1,0,1,314429.5
Borrowdale,premium,-17.735946861784928,31.097688975928882,11.95,5,4,418,2256,1,0,0,1,1,768854.43
Greendale,upper-mid,-17.77838538143416,31.133368686246158,11.03,3,2,331,1255,24,0,1,0,1,344266.77
Hatfield,middle,-17.87126709607668,31.092548043751307,6.74,2,1,155,1147,13,0,1,1,1,141181.73
Borrowdale,premium,-17.7397238340148,31.09713938759736,11.55,1,1,370,1514,11,0,1,1,1,508524.05
Avondale,upper-mid,-17.785360961558016,31.026416902500152,5.44,2,2,388,2071,17,0,0,1,1,352081.17
Belvedere,middle,-17.847595451235254,31.01781545910082,3.42,2,2,159,1239,16,0,0,0,1,140189.43
Avonlea,middle,-17.765559795300714,30.997997957716574,8.82,5,5,168,509,4,0,0,0,1,282842.91
Hatfield,middle,-17.866568114613884,31.087264958616963,5.97,3,3,147,628,17,0,1,0,1,152356.02
Mabelreign,middle,-17.809752018832555,31.004461241267226,4.9,3,3,162,858,35,0,0,1,1,121900.02
Hatfield,middle,-17.86288652467959,31.09268990862254,6.17,4,4,190,1051,5,0,0,0,1,163355.94
Mt Pleasant,premium,-17.778773187045644,31.012872856439138,6.73,4,3,365,2346,13,0,1,0,1,478959.56
Avondale,upper-mid,-17.789727252300963,31.022127632914145,5.19,1,1,196,1056,19,0,1,1,1,244051.2
Avonlea,middle,-17.768742966059627,30.99471817986713,8.73,1,1,120,475,19,0,0,0,1,163337.72
Highlands,upper-mid,-17.785750787238623,31.06911754676618,5.64,6,5,321,1368,31,0,1,0,1,483482.5
Borrowdale,premium,-17.737456017076155,31.10399718369583,12.13,3,2,312,1106,20,1,1,0,1,515536.64
Highlands,upper-mid,-17.792291228667143,31.067224376654526,4.91,2,2,305,1524,16,0,0,1,1,344539.81
Avondale,upper-mid,-17.79054496642716,31.02741443621574,4.87,1,1,161,832,28,1,1,1,1,261294.18
Greendale,upper-mid,-17.792945054920523,31.13760817398418,10.68,1,1,259,1907,17,0,1,0,1,303797.74
Ballantyne Park,premium,-17.756527942554367,31.087328685471835,9.42,5,4,425,1157,26,0,1,1,1,592051.71
Mabelreign,middle,-17.804227601902873,30.99652573836539,5.93,4,3,110,281,32,0,0,0,1,110245.98
Glen View,township,-17.928345391285294,30.968678416989658,13.51,1,1,93,538,5,0,0,0,0,32906.19
Highlands,upper-mid,-17.794510324810656,31.06935619998385,4.81,3,3,249,1548,38,0,0,1,1,366159.51
Kambuzuma,township,-17.859801140530397,30.968494246165594,8.71,4,3,79,423,20,0,1,0,1,52005.33
Borrowdale,premium,-17.738186795867648,31.107945597101054,12.29,4,4,386,494,20,0,1,1,1,777923.51
Glen View,township,-17.934287698411556,30.97434194818322,13.7,2,1,77,431,39,0,0,0,1,29344.42
Kambuzuma,township,-17.853406334335794,30.970515099671207,8.27,1,1,83,606,11,0,0,0,1,32691.24
Borrowdale,premium,-17.73599029029577,31.09760563899101,11.94,1,1,301,2438,12,1,1,0,1,514627.88
Hatfield,middle,-17.867634488363507,31.089764965486633,6.25,2,2,165,610,0,0,1,0,1,157580.44
Budiriro,township,-17.935891223747078,30.939651023053635,16.13,6,6,81,286,6,0,0,0,0,60627.26
Glen View,township,-17.924149402191322,30.972068988098485,12.92,1,1,115,417,19,0,0,0,1,32174.55
Budiriro,township,-17.933280366175033,30.939220354922792,15.96,1,1,112,462,43,0,0,0,0,18827.07
Marlborough,middle,-17.783983349301753,30.95483589945703,10.88,2,1,257,929,37,0,1,1,1,212783.28
Glen Lorne,premium,-17.743728439242165,31.176111326382664,16.94,3,2,328,2186,36,0,1,1,1,550694.51
Mabelreign,middle,-17.81581402794059,30.99883784159748,5.17,1,1,232,1185,6,0,0,0,1,113530.97
Avonlea,middle,-17.77388365045495,30.994253102757465,8.32,1,1,135,713,11,0,1,1,1,198445.31
Avonlea,middle,-17.766693648557833,30.996353774149213,8.81,7,6,172,801,19,0,0,0,1,252390.84
Avondale,upper-mid,-17.791989344720886,31.02960790446214,4.63,2,2,239,1106,18,0,1,0,1,292338.3
Avonlea,middle,-17.775557848924645,30.986682604112833,8.72,4,3,239,1321,11,0,0,0,1,215282.26
Ballantyne Park,premium,-17.760272370863596,31.077611122260045,8.59,1,1,278,940,35,1,1,0,1,353105.1
Hatfield,middle,-17.87063149829597,31.090129861520953,6.5,7,6,163,959,11,0,0,0,1,186036.57
Glen Lorne,premium,-17.74965520878143,31.18206953105714,17.1,3,3,436,1166,11,1,0,0,1,539881.95
Hatfield,middle,-17.862172289758615,31.08831853437222,5.75,1,1,136,602,27,0,1,1,1,109873.48
Mabelreign,middle,-17.80759732366735,31.005373517458235,4.94,5,5,111,566,13,0,1,0,0,166456.92
Avondale,upper-mid,-17.79437910172575,31.026445608716333,4.52,4,4,269,1798,17,0,0,0,1,391465.09
Marlborough,middle,-17.779066710777407,30.953398523751087,11.29,4,3,166,803,27,0,1,0,1,249638.93
Vainona,upper-mid,-17.779490469333055,31.085067943827713,7.13,1,1,138,565,19,0,0,0,1,245201.12
Budiriro,township,-17.938503901803166,30.948266044117087,15.74,2,1,65,402,27,0,0,0,1,30261.31
Hatfield,middle,-17.87121410473824,31.0848622646947,6.15,4,4,256,1817,13,0,1,0,1,175830.09
Greendale,upper-mid,-17.790054800382695,31.11657570179095,8.84,1,1,202,996,20,0,1,1,1,254449.07
Ballantyne Park,premium,-17.755264455681807,31.079085212748957,9.16,2,1,344,1912,25,0,1,0,1,372202.04
Highlands,upper-mid,-17.7901547378755,31.07534563028145,5.56,3,3,402,1943,57,1,1,1,1,462548.89
Avondale,upper-mid,-17.79371364163977,31.02842834574819,4.5,2,1,175,836,0,0,1,0,1,267957.61
Kambuzuma,township,-17.86405187446345,30.96311443359832,9.41,3,3,83,597,29,0,0,1,1,45784.63
Hatfield,middle,-17.870075389179224,31.084698994253007,6.04,5,4,215,1453,22,0,0,0,1,165375.42
Highlands,upper-mid,-17.791526849721148,31.065979130948968,4.92,3,2,341,1313,23,1,1,1,1,406067.57
Mufakose,township,-17.914382904103192,30.96186808330026,12.78,2,2,93,484,23,0,0,0,1,41288.36
Greendale,upper-mid,-17.79636336920612,31.127303353241928,9.53,4,4,222,1811,11,0,1,0,1,420894.79
Mabelreign,middle,-17.810445877590283,31.000004640471875,5.28,3,3,295,1398,4,0,0,0,1,145828.0
Highlands,upper-mid,-17.787590366359233,31.063754693074557,5.22,1,1,308,1015,21,1,1,0,1,381722.75
Avonlea,middle,-17.763901717428364,30.989345300809866,9.51,4,3,150,498,24,0,1,0,1,247817.39
Glen View,township,-17.9327835779673,30.968756848964507,13.9,3,3,74,430,25,0,0,0,1,41652.84
Highlands,upper-mid,-17.79799493584485,31.060774215949753,4.03,1,1,255,1281,8,1,1,0,1,341784.93
Belvedere,middle,-17.858566905287084,31.007153473098665,5.04,2,1,185,611,18,0,1,0,1,165987.88
Budiriro,township,-17.932652803281627,30.937811900946524,16.01,2,1,64,450,7,0,0,0,0,28237.61
Ballantyne Park,premium,-17.760006221702476,31.0818408549378,8.81,5,4,317,1060,25,1,1,1,1,460736.37
Glen Lorne,premium,-17.74272330802707,31.187650500219515,18.01,1,1,414,2227,29,0,1,1,1,452701.11
Belvedere,middle,-17.853690072675537,31.014521479097763,4.1,6,5,234,815,33,0,0,0,1,188488.02
Vainona,upper-mid,-17.784241668806516,31.07928193709101,6.34,1,1,180,566,23,0,1,1,1,269160.67
Glen Lorne,premium,-17.750149685345313,31.185924405323966,17.42,1,1,332,2006,34,0,1,0,1,373754.39
Avondale,upper-mid,-17.785916685430358,31.038186638122603,5.06,5,4,306,1347,32,0,1,0,1,380760.89
Hatfield,middle,-17.8691690757898,31.08755493207208,6.19,2,1,195,1312,51,0,0,1,1,107750.38
Vainona,upper-mid,-17.775771551551156,31.07392851865145,6.86,4,4,210,774,4,0,1,0,1,473203.63
Vainona,upper-mid,-17.78412193374983,31.078368396335012,6.3,3,3,293,1462,18,1,1,1,1,487059.71
Mabelreign,middle,-17.8106684632134,30.997809565129728,5.48,4,3,166,975,16,1,0,0,1,137608.41
Marlborough,middle,-17.778774177716073,30.944548464301455,12.12,4,3,131,524,43,0,1,1,1,225249.35
Mabelreign,middle,-17.816341857428945,30.999760580926512,5.06,3,2,200,742,8,0,1,0,1,137729.27
Avondale,upper-mid,-17.797723630083222,31.030620146808758,4.0,1,1,215,871,0,0,1,1,1,291551.1
Kambuzuma,township,-17.863894549248567,30.95704150823166,10.0,2,1,91,477,20,0,0,0,0,33900.68
Belvedere,middle,-17.848196804311605,31.015554226420694,3.66,2,1,176,829,31,1,0,1,1,132469.94
Mt Pleasant,premium,-17.781606455234275,31.01117030553199,6.56,6,5,337,1393,23,1,0,1,0,549142.01
Mufakose,township,-17.90967756002726,30.96583436917413,12.11,3,3,95,543,7,0,0,0,1,57286.42
Marlborough,middle,-17.78020724032195,30.947764979712623,11.74,4,4,148,683,21,0,0,1,1,251991.34
Mt Pleasant,premium,-17.778515743424364,31.02745454881936,6.12,3,3,266,1440,4,1,1,0,1,503010.71
Ballantyne Park,premium,-17.762695384069456,31.075235750264294,8.24,4,3,316,1851,8,1,1,1,1,513848.19
Belvedere,middle,-17.84828213135883,31.026839390692892,2.72,4,4,208,1080,31,0,1,0,1,204797.15
Borrowdale,premium,-17.73609738480739,31.101340044261452,12.12,2,1,321,1559,22,1,1,1,1,532332.02
Vainona,upper-mid,-17.77819954353744,31.085633875188627,7.28,2,1,260,491,14,0,1,0,1,376465.95
Mt Pleasant,premium,-17.78005774191339,31.0222281445185,6.16,2,2,371,1907,23,1,1,1,1,437145.94
Avondale,upper-mid,-17.78904889461469,31.029750987377547,4.94,1,1,290,1310,26,0,0,1,1,235988.57
Greendale,upper-mid,-17.791584861973472,31.122294900517986,9.28,1,1,190,1027,48,1,0,0,0,186717.76
Marlborough,middle,-17.778345404296726,30.943081328989752,12.28,1,1,166,460,33,0,0,0,0,132943.96
Vainona,upper-mid,-17.77685627946761,31.07293249024317,6.71,3,3,238,1336,9,1,1,0,1,440780.22
Borrowdale,premium,-17.740379419836202,31.092811534639363,11.28,5,4,382,1899,18,1,1,0,1,745117.85
Avonlea,middle,-17.762986794458037,30.987072895438548,9.74,4,4,107,668,13,0,1,0,1,187866.87
Greendale,upper-mid,-17.790274709022995,31.127124461800612,9.8,6,6,235,1075,45,0,1,0,0,356262.66
Belvedere,middle,-17.851926452807756,31.017764984437513,3.7,7,6,186,657,12,0,0,0,1,228519.01
Mt Pleasant,premium,-17.786007335416738,31.02396015418997,5.48,1,1,402,2168,4,0,0,0,1,420805.65
Borrowdale,premium,-17.739066527904175,31.09962100193973,11.75,2,1,369,2013,15,1,1,1,1,601987.76
Highlands,upper-mid,-17.79475074930544,31.076900330085994,5.26,2,2,385,1518,0,1,1,1,1,454786.86
Avondale,upper-mid,-17.778162169127626,31.027346462339104,6.17,2,1,281,1949,0,0,0,0,1,316583.14
Greendale,upper-mid,-17.785717419382337,31.129912669802852,10.3,3,3,343,1720,33,0,1,1,1,414356.36
Mabelreign,middle,-17.811895694158146,31.002338192831903,4.99,4,4,145,850,23,0,1,0,1,144631.89
Greendale,upper-mid,-17.79450861963849,31.12977304349253,9.85,5,5,226,1561,6,0,1,1,1,431340.05
Marlborough,middle,-17.777661173922425,30.95631629266784,11.11,2,2,171,885,16,0,0,0,1,199883.12
Avonlea,middle,-17.77401375549583,30.98041919324796,9.32,2,2,244,875,21,0,0,1,1,210649.49
Borrowdale,premium,-17.74343335995893,31.094815570810223,11.07,5,5,312,2493,23,1,1,0,1,724989.99
Marlborough,middle,-17.774732429668045,30.94704751600937,12.11,4,3,261,970,20,0,0,0,1,225831.06
Greendale,upper-mid,-17.79648347019315,31.138561476423472,10.62,4,4,226,964,27,1,0,0,1,350863.32
Avondale,upper-mid,-17.793095564990345,31.024157287751542,4.76,3,2,308,1077,39,0,1,0,1,265411.61
Mt Pleasant,premium,-17.78549918110936,31.025411185026723,5.47,3,3,366,2142,4,1,1,0,1,569218.17
Mabelreign,middle,-17.809634384617187,30.99874975992555,5.44,3,3,140,741,3,0,1,1,1,161207.01
Kambuzuma,township,-17.85447579690203,30.960529324624925,9.31,4,4,57,206,4,0,0,0,1,62318.41
Borrowdale,premium,-17.73835254991083,31.101812553192435,11.93,4,4,365,1743,18,0,1,1,1,757621.06
Avonlea,middle,-17.764930309220166,31.00207223639539,8.64,1,1,104,613,13,0,1,1,1,176714.76
Hatfield,middle,-17.873587154039765,31.089741072934586,6.7,5,5,143,888,9,0,0,0,1,182363.0
Vainona,upper-mid,-17.77698372760325,31.08729347730219,7.49,3,2,382,2640,41,0,1,0,1,368463.03
Mabelreign,middle,-17.807030568562126,30.99941607957139,5.51,2,1,216,1336,23,0,0,0,1,120745.02
Avonlea,middle,-17.767081639059413,30.990672433384418,9.14,6,6,180,952,15,0,0,1,1,360117.0
Kambuzuma,township,-17.86268609674078,30.96278742239704,9.39,2,1,98,206,40,0,0,0,0,25314.78
Budiriro,township,-17.93448971236124,30.9397468323044,16.02,2,1,96,801,5,0,0,0,0,36031.55
Borrowdale,premium,-17.745006527234022,31.094048185015463,10.88,1,1,378,942,36,0,1,1,1,456295.2
Avondale,upper-mid,-17.791307398097338,31.024803242953165,4.9,2,1,300,610,29,1,1,1,1,238576.4
Marlborough,middle,-17.77691376784685,30.94745902917558,11.95,2,2,202,1163,32,0,1,0,1,211784.85
Ballantyne Park,premium,-17.76166881824505,31.084786561632228,8.79,3,3,355,1544,21,0,1,1,0,499641.82
Vainona,upper-mid,-17.77211158368478,31.071193314990264,7.11,1,1,277,1338,13,0,0,1,1,306378.08
Budiriro,township,-17.94279229090897,30.93502824703786,17.03,1,1,84,463,34,0,0,0,1,25490.81
Borrowdale,premium,-17.738165005851858,31.10804520062845,12.29,3,3,349,2266,3,0,1,1,1,756032.04
Avondale,upper-mid,-17.79241210611508,31.028048996335347,4.65,2,1,314,1753,0,0,0,1,1,353759.16
Mabelreign,middle,-17.814052263190206,30.991652034091818,5.95,1,1,167,663,23,0,0,1,1,107690.96
Vainona,upper-mid,-17.786182457344754,31.085318742874218,6.56,1,1,261,834,10,0,1,0,1,312981.34
Avondale,upper-mid,-17.795637569960107,31.027556722154447,4.34,2,1,188,926,34,0,0,1,1,213082.08
Budiriro,township,-17.94194587832267,30.940411323776342,16.57,5,4,48,277,4,0,1,0,1,46007.05
Avondale,upper-mid,-17.792806243291846,31.028714880339926,4.58,2,2,291,535,28,1,1,0,1,259345.78
Mt Pleasant,premium,-17.780408837097976,31.023600473229,6.06,2,2,461,2040,28,0,0,1,1,460301.53
Glen Lorne,premium,-17.744942605034137,31.17857922282985,17.08,4,3,261,486,23,1,0,0,1,540624.34
Kambuzuma,township,-17.86070725831372,30.959618338436524,9.62,1,1,113,699,0,0,0,0,1,44701.16
Highlands,upper-mid,-17.787882060134322,31.074560615584513,5.73,4,3,221,678,27,0,1,0,1,465396.1
Marlborough,middle,-17.778796650091547,30.94704838947995,11.88,5,5,219,1502,14,0,1,0,0,347287.46
Glen Lorne,premium,-17.740623506485193,31.181109810189906,17.57,5,4,272,1084,32,0,0,1,1,535305.75
Avondale,upper-mid,-17.78879496568306,31.0293846183801,4.98,1,1,260,932,10,0,0,0,1,241002.85
Kambuzuma,township,-17.85581488794913,30.962351750183565,9.17,1,1,85,548,24,0,0,0,1,32120.78
Marlborough,middle,-17.77239567835425,30.94701723154856,12.25,5,5,147,240,6,0,1,0,1,305083.95
Budiriro,township,-17.93763241896009,30.93732772688183,16.44,1,1,104,679,24,0,0,0,0,32532.21
Highlands,upper-mid,-17.794092134045005,31.058287036977873,4.34,2,1,312,1245,4,0,1,1,1,400184.33
Marlborough,middle,-17.777861828780296,30.95921097618979,10.84,3,3,300,1708,19,0,0,0,1,258102.65
Mufakose,township,-17.900492002931934,30.95595341919866,12.19,4,3,92,460,34,0,0,0,0,41214.52
Avondale,upper-mid,-17.796694647784545,31.03185369902948,4.06,3,2,247,1560,30,0,1,1,1,314697.54
Vainona,upper-mid,-17.78109159174345,31.07178542822501,6.23,7,6,283,2239,17,0,1,0,1,600280.77
Mufakose,township,-17.91120010085072,30.947892478844068,13.61,2,1,102,443,52,0,0,0,0,28412.86
Greendale,upper-mid,-17.786736534481967,31.132791109492224,10.52,3,3,268,1718,25,0,1,0,1,364931.25
Marlborough,middle,-17.777049673560718,30.9467428979055,12.01,1,1,164,437,22,0,0,0,1,153841.36
Budiriro,township,-17.93803974393301,30.937192174493045,16.49,4,4,79,291,20,0,1,0,0,48605.85
Ballantyne Park,premium,-17.76058372200458,31.08298220647755,8.8,4,4,470,2946,0,1,1,1,1,615292.07
Vainona,upper-mid,-17.787918605790093,31.077166944612394,5.88,5,4,241,1158,40,0,1,0,1,357113.13
Borrowdale,premium,-17.74755157931524,31.100720540798,11.0,2,1,225,837,20,0,0,0,1,423795.39
Greendale,upper-mid,-17.78533563294184,31.12404598028329,9.79,1,1,215,995,32,1,1,0,1,270670.47
Highlands,upper-mid,-17.78981109105993,31.07254841644098,5.43,4,4,269,1469,32,1,1,0,1,472404.56
Belvedere,middle,-17.85290492335823,31.02202486903799,3.44,1,1,138,694,56,0,0,0,1,82968.77
Ballantyne Park,premium,-17.759032918051012,31.07717775882332,8.7,3,3,528,2136,28,0,1,1,1,485416.24
Belvedere,middle,-17.849894966920363,31.016193197586688,3.7,1,1,199,797,44,0,1,0,1,125162.87
Highlands,upper-mid,-17.78860494394563,31.0664584574219,5.23,1,1,224,514,27,0,0,1,1,228154.33
Greendale,upper-mid,-17.788782310138995,31.140405253815718,11.14,1,1,241,293,5,0,1,1,1,304835.98
Greendale,upper-mid,-17.78970579782702,31.140972059112475,11.15,5,4,298,1750,26,0,0,0,1,422521.06
Hatfield,middle,-17.873289934521956,31.088975321836376,6.62,3,2,157,577,20,0,1,0,1,132027.92
Avondale,upper-mid,-17.79598465365443,31.021494569163544,4.62,6,6,218,1125,12,0,0,0,1,377547.56
Greendale,upper-mid,-17.791332617964027,31.127392994867776,9.77,4,4,192,945,22,1,1,0,1,378149.66
Mabelreign,middle,-17.80922746316472,31.007707625243047,4.63,3,2,212,1048,26,0,1,0,1,123610.38
Avonlea,middle,-17.772639050415663,30.984363164643675,9.13,4,4,124,800,24,0,1,0,0,251901.0
Highlands,upper-mid,-17.79060084633935,31.057973360736153,4.7,4,4,213,1107,38,1,1,1,1,431271.83
Glen View,township,-17.933127178160593,30.971359208542527,13.77,2,2,62,383,24,0,0,0,0,33518.52
Greendale,upper-mid,-17.797072079569865,31.129903931768165,9.75,3,3,204,1392,27,1,1,0,1,384866.33
Borrowdale,premium,-17.748707280565327,31.098712733293883,10.77,4,4,451,1565,0,1,0,0,1,727132.72
Marlborough,middle,-17.781903221945793,30.955740459696486,10.91,2,2,120,315,16,0,0,0,1,174954.96
Mt Pleasant,premium,-17.77503322901768,31.014337558569302,7.02,2,2,326,339,29,1,1,1,1,391288.58
Highlands,upper-mid,-17.793248105026922,31.072544899400146,5.11,1,1,136,1022,15,0,1,0,1,308769.69
Hatfield,middle,-17.870313823324445,31.090937344836025,6.54,4,3,246,933,18,1,0,1,1,157092.27
Mt Pleasant,premium,-17.776459572808754,31.019382672731187,6.64,6,5,400,2541,31,0,1,1,1,560464.51
Mabelreign,middle,-17.81215598760792,31.00481519695689,4.74,4,3,216,1569,27,0,1,1,1,150036.45
Kambuzuma,township,-17.848373959720245,30.970644743205504,8.1,1,1,107,428,37,0,0,1,1,27124.03
Avonlea,middle,-17.774704025900345,30.99273029078197,8.36,4,4,192,1287,13,0,0,0,1,232556.21
Hatfield,middle,-17.8707524639727,31.095811859746046,6.96,2,2,275,815,11,0,0,0,1,125306.76
Hatfield,middle,-17.87699163926565,31.10027365676504,7.77,2,1,177,763,32,0,0,0,1,110942.07
Budiriro,township,-17.94213248276813,30.93595387780301,16.91,4,4,74,435,19,0,1,0,1,51004.64
Greendale,upper-mid,-17.786270883092627,31.138139393054598,11.04,2,1,266,1276,30,1,0,0,1,260861.89
Ballantyne Park,premium,-17.762124410940093,31.0877047836568,8.89,6,6,400,2109,22,1,1,0,1,653330.13
Marlborough,middle,-17.779330867842017,30.94526278070715,12.02,2,2,169,994,18,0,0,0,1,199445.44
Marlborough,middle,-17.785794678937336,30.943693989480582,11.84,3,3,188,955,17,0,0,0,1,237535.93
Ballantyne Park,premium,-17.76326626772746,31.085324379814363,8.66,1,1,489,1445,25,0,1,0,1,341040.8
Avonlea,middle,-17.77012389100978,30.987305420903805,9.12,3,3,93,378,13,0,1,0,1,211766.79
Borrowdale,premium,-17.73736776767697,31.093269977614415,11.6,5,4,458,2477,17,1,1,1,1,816150.88
Kambuzuma,township,-17.863535772101777,30.956762943125625,10.02,7,6,75,200,13,0,1,0,0,66110.59
Highlands,upper-mid,-17.793969025171798,31.070111511459718,4.9,1,1,241,1828,23,0,0,1,1,361572.77
Borrowdale,premium,-17.737030338397357,31.103796396494847,12.16,2,2,424,1680,37,0,1,1,1,488093.08
Mt Pleasant,premium,-17.77898803231201,31.02645930253727,6.11,2,1,284,693,3,1,1,0,1,480076.51
Highlands,upper-mid,-17.79003656517548,31.081976722170527,6.01,4,3,193,665,26,0,0,1,1,382476.66
Vainona,upper-mid,-17.780846665563555,31.069681198013352,6.16,3,3,265,1561,36,0,1,0,1,383394.3
Borrowdale,premium,-17.73230966571779,31.102607123085317,12.56,5,5,431,2436,22,1,1,1,0,870630.59
Vainona,upper-mid,-17.771336260243785,31.07988230004921,7.59,2,1,278,1492,43,0,1,0,1,260801.6
Ballantyne Park,premium,-17.762968118702247,31.074307726089923,8.18,2,1,445,3205,26,1,1,1,1,458005.36
Greendale,upper-mid,-17.792862403320193,31.12462195058013,9.44,1,1,211,596,26,0,1,0,1,290537.65
Greendale,upper-mid,-17.789468342444053,31.122647600665818,9.43,2,1,296,1517,32,0,0,1,1,276765.3
Vainona,upper-mid,-17.781744158072932,31.070496177006863,6.11,3,2,282,1458,33,1,1,0,1,401670.32
Vainona,upper-mid,-17.7800670176028,31.08213236126283,6.89,2,2,331,439,39,0,1,1,1,367903.31
Glen Lorne,premium,-17.745170066363144,31.18822795233466,17.92,2,2,330,1666,17,1,1,0,1,485702.49
Borrowdale,premium,-17.742317264001315,31.097642100046347,11.33,8,6,424,1358,14,1,0,1,1,837770.23
Highlands,upper-mid,-17.783815759143135,31.084439562476984,6.71,3,2,252,1730,17,0,0,0,1,343506.69
Hatfield,middle,-17.869232243128074,31.08639836390709,6.11,1,1,179,420,17,0,1,1,1,109391.7
Budiriro,township,-17.939649566755474,30.938705729860143,16.51,1,1,89,558,15,0,0,0,1,31025.3
Kambuzuma,township,-17.854420454885066,30.96405108187845,8.96,3,2,82,360,35,0,0,0,1,41767.91
Marlborough,middle,-17.78175201057882,30.95030643153767,11.42,1,1,266,587,20,0,1,1,1,217711.59
Marlborough,middle,-17.78929535810714,30.94937065298462,11.14,5,5,172,843,8,0,1,0,1,297604.58
Vainona,upper-mid,-17.78093193335572,31.08590825161523,7.05,1,1,160,644,19,0,1,1,1,282752.9
Hatfield,middle,-17.87132672610197,31.091984675048213,6.7,2,2,181,785,7,0,0,0,1,132920.1
Hatfield,middle,-17.87486702902708,31.09888671126605,7.5,3,2,164,948,35,0,1,0,1,130599.15
Mabelreign,middle,-17.81235784747386,30.998197323589192,5.37,2,1,111,663,29,0,0,0,1,93320.2
Glen View,township,-17.935190673136546,30.972669346196593,13.89,1,1,74,357,32,0,0,0,0,29174.84
Avondale,upper-mid,-17.796010261005854,31.024972036858678,4.43,3,2,305,987,22,0,1,0,1,282626.26
Hatfield,middle,-17.86637577213469,31.086439688831426,5.89,3,3,63,286,27,1,1,0,1,131486.83
Mabelreign,middle,-17.802079657986962,30.98804386233722,6.83,4,3,205,1123,22,0,1,0,1,145417.33
Vainona,upper-mid,-17.77525712759259,31.07182713865299,6.82,3,2,220,1280,27,0,1,1,1,386105.88
Kambuzuma,township,-17.85292750829446,30.95605769086293,9.72,2,2,48,218,7,0,0,0,1,34295.63
Glen Lorne,premium,-17.74233307684837,31.174256325741307,16.87,2,2,298,1718,36,1,0,1,1,429470.64
Budiriro,township,-17.94462403719572,30.94230795238519,16.66,4,4,95,459,0,0,0,1,1,55550.9
Hatfield,middle,-17.86375365522903,31.08508688850442,5.59,1,1,210,794,15,0,0,0,1,118325.19
Glen Lorne,premium,-17.749392657595184,31.179446559814014,16.88,1,1,363,1312,21,0,1,1,1,489332.52
Belvedere,middle,-17.85075254078502,31.01513668910762,3.85,2,1,148,387,15,0,0,0,1,143988.88
Borrowdale,premium,-17.748634616340805,31.09449450024152,10.55,4,3,387,1945,40,0,1,1,1,645921.3
Hatfield,middle,-17.87033078554707,31.088871862560033,6.38,3,2,245,1261,4,0,0,0,1,172005.36
Mabelreign,middle,-17.812367037423,31.008434687522296,4.39,3,2,115,676,0,1,0,0,1,140514.98
Avonlea,middle,-17.776845861078346,30.9809135587129,9.07,2,2,216,1424,28,0,0,0,1,207550.23
Mufakose,township,-17.903701354401157,30.948268288180316,13.04,2,1,84,381,9,0,0,0,0,46499.61
Mt Pleasant,premium,-17.784312175519435,31.020505258021807,5.8,1,1,405,1157,10,0,1,1,1,426457.8
Vainona,upper-mid,-17.781266280614105,31.078126674273097,6.55,2,1,197,1117,14,0,1,0,1,299572.67
Greendale,upper-mid,-17.78527428193394,31.134855555689505,10.79,2,2,111,688,33,0,0,0,1,234119.95
Borrowdale,premium,-17.742439681630795,31.09772165819237,11.32,8,6,422,2146,31,0,1,0,1,769604.9
Avondale,upper-mid,-17.789903073609555,31.032934646744284,4.74,5,4,261,1233,13,0,1,0,1,397286.51
Highlands,upper-mid,-17.796328146634306,31.07346659910133,4.89,3,3,229,1174,42,1,1,0,1,375704.59
Greendale,upper-mid,-17.794094364241886,31.135750638648133,10.45,1,1,163,608,28,0,1,0,1,248348.88
Avondale,upper-mid,-17.789451203266932,31.025446537442512,5.06,3,3,190,1105,12,1,1,0,1,390891.67
Mufakose,township,-17.908316601940115,30.963904121947373,12.15,2,2,89,580,22,0,1,0,1,48673.96
Vainona,upper-mid,-17.781366905584242,31.079744497592724,6.63,1,1,278,1507,36,0,1,1,0,267072.94
Glen View,township,-17.931040794295395,30.970573704947334,13.63,1,1,83,454,17,0,0,0,0,29898.37
Avondale,upper-mid,-17.7841818612182,31.029265924482687,5.47,1,1,269,915,24,1,1,1,1,246432.84
Vainona,upper-mid,-17.77890901263907,31.07635096973973,6.68,4,4,328,1453,8,0,0,0,1,405446.27
Marlborough,middle,-17.781749639710508,30.951304221925707,11.33,6,5,182,646,38,0,1,1,1,271563.84
Avondale,upper-mid,-17.789054020703063,31.02774713861183,5.01,3,3,322,1541,16,0,1,1,1,340749.83
Highlands,upper-mid,-17.788503790385423,31.06599445074406,5.22,3,3,331,1288,41,0,1,1,1,430687.36
Marlborough,middle,-17.77619738516981,30.96096572287313,10.78,2,1,109,576,31,0,1,0,1,165561.81
Ballantyne Park,premium,-17.770921576214658,31.079589807130276,7.62,3,2,381,1551,10,1,1,1,1,588261.69
Greendale,upper-mid,-17.79117106347009,31.137892820019086,10.79,4,3,200,1718,24,0,0,0,1,350631.85
Avonlea,middle,-17.770655371410033,30.988473614303345,8.99,7,6,201,885,0,0,1,0,1,362145.83
Greendale,upper-mid,-17.7828509581887,31.128720751563968,10.35,3,2,317,1735,1,1,1,1,1,441672.84
Mabelreign,middle,-17.807170513697994,31.00026447565434,5.43,1,1,149,629,8,0,0,0,0,119945.95
Highlands,upper-mid,-17.78942421983592,31.07425508133655,5.56,6,6,326,1593,44,0,0,1,1,503718.81
Budiriro,township,-17.941441938383765,30.935774254562503,16.86,2,1,73,380,14,0,0,0,1,35892.33
Mabelreign,middle,-17.811071842623072,31.002546469560226,5.01,7,6,210,1003,28,0,0,0,1,183804.49
Budiriro,township,-17.938116357008113,30.93488531599832,16.66,1,1,50,318,27,0,0,0,0,26694.22
Mabelreign,middle,-17.807473212284076,31.002966530878016,5.16,3,3,205,1112,16,0,1,0,1,147338.42
Mt Pleasant,premium,-17.777152393808272,31.020053524130976,6.54,7,6,401,903,20,0,1,0,1,629811.31
Marlborough,middle,-17.777841645494437,30.948658245620106,11.79,2,2,196,1080,3,0,0,0,1,254120.89
Ballantyne Park,premium,-17.758593336057558,31.076841492722586,8.73,2,2,372,813,16,1,1,1,1,390342.53
Mabelreign,middle,-17.80797724924096,30.99594388986523,5.79,4,4,104,711,25,0,1,0,1,124962.45
Avonlea,middle,-17.77009774431873,30.989249739384693,8.98,3,2,245,1778,21,0,0,0,1,212842.53
Highlands,upper-mid,-17.786990978750413,31.074467302018622,5.8,5,5,270,1223,26,0,0,0,1,380892.39
Kambuzuma,township,-17.852678376892985,30.95819192644822,9.5,1,1,80,546,27,0,0,0,0,30737.12
Mt Pleasant,premium,-17.789666046154988,31.0263275238619,5.0,2,1,309,1505,26,1,1,0,1,357222.13
Avonlea,middle,-17.77015017325387,30.991825409440782,8.8,1,1,177,727,10,0,0,1,1,180858.9
Hatfield,middle,-17.873027683163443,31.091901966093975,6.82,1,1,193,780,5,0,0,1,0,131941.84
Glen Lorne,premium,-17.747337728552296,31.184201004958187,17.43,8,6,404,2411,19,0,1,0,1,673107.22
Avonlea,middle,-17.771152539727783,30.98970796803619,8.86,6,5,199,1044,43,0,0,0,1,266783.46
Mabelreign,middle,-17.809381906276528,30.990608272743973,6.24,2,1,237,1266,21,0,0,0,1,125733.18
Glen Lorne,premium,-17.754836128454293,31.182539508546867,16.85,5,4,246,1059,12,1,1,1,1,607905.74
Marlborough,middle,-17.77473548022185,30.946127146201803,12.19,2,1,93,262,38,0,1,0,1,150139.44
Highlands,upper-mid,-17.783077193030397,31.067154160755628,5.82,3,2,209,1104,0,1,1,1,1,430496.54
Belvedere,middle,-17.84799874400051,31.020708822888448,3.19,3,2,183,1151,17,0,0,0,1,177682.89
Mt Pleasant,premium,-17.789001671569064,31.025985160053498,5.09,1,1,309,2318,39,1,1,1,1,377044.84
Kambuzuma,township,-17.86308150680654,30.95443385233347,10.23,5,4,93,407,22,0,0,0,1,48054.58
Glen View,township,-17.932969015349855,30.96669556944534,14.04,3,3,56,242,19,0,0,0,1,43483.22
Ballantyne Park,premium,-17.75566247087151,31.073627900455058,8.91,1,1,334,1501,23,0,1,1,1,366732.53
Vainona,upper-mid,-17.774189105841995,31.07268811012227,6.96,4,4,281,1320,36,0,1,1,1,400880.83
Avonlea,middle,-17.774798573948264,30.99476052391451,8.21,3,3,135,760,0,0,1,0,1,220580.17
Hatfield,middle,-17.874182904180213,31.085171531817156,6.41,6,5,224,1400,0,0,0,1,1,233339.92
Avondale,upper-mid,-17.79173498243154,31.030531362800946,4.63,5,4,150,556,11,0,0,1,1,375131.42
Ballantyne Park,premium,-17.76284432893084,31.08222441763909,8.54,1,1,330,1953,36,1,1,1,1,335870.3
Mt Pleasant,premium,-17.78328882068262,31.020077533515426,5.93,3,2,381,2064,27,0,1,1,1,464792.0
Budiriro,township,-17.946393633285783,30.930935641584103,17.62,2,1,131,318,5,0,0,0,1,38188.42
Avondale,upper-mid,-17.791123173212053,31.021866117536895,5.07,6,6,409,930,1,1,1,1,1,572521.72
Mufakose,township,-17.906255049439363,30.966738823626194,11.77,1,1,40,232,7,0,0,0,0,38959.51
Avondale,upper-mid,-17.792827223942286,31.02776381301699,4.62,3,3,326,767,7,0,0,0,1,308138.76
Glen View,township,-17.925796784352944,30.968674125808935,13.28,1,1,116,658,12,0,0,0,1,32115.6
Glen Lorne,premium,-17.74507457401388,31.17636440887703,16.87,6,6,362,1581,11,0,1,1,1,678282.37
Mt Pleasant,premium,-17.774877304130126,31.01976989657863,6.79,3,3,276,1295,11,0,0,1,1,523596.75
Kambuzuma,township,-17.853798106825643,30.951025481156023,10.26,4,3,127,652,15,0,0,0,0,49637.04
Kambuzuma,township,-17.860045129941124,30.960495766893597,9.51,1,1,115,270,13,0,0,0,1,31906.31
Vainona,upper-mid,-17.781824661241323,31.080211546922186,6.62,2,2,286,1395,27,0,0,0,1,332648.43
Greendale,upper-mid,-17.788024510140033,31.139270411299208,11.07,2,1,260,1142,29,0,1,0,1,289184.08
Avondale,upper-mid,-17.789064165189505,31.018469759962173,5.44,2,1,288,1150,15,0,0,0,1,253686.74
Avondale,upper-mid,-17.79476028593595,31.027741449306976,4.42,3,2,364,1729,37,0,1,0,1,286748.87
Ballantyne Park,premium,-17.756797543170904,31.06902801839812,8.63,7,6,365,1005,22,0,1,1,1,661526.07
Glen View,township,-17.926291977733186,30.967768644788638,13.38,4,4,76,272,51,0,0,0,0,38616.22
Highlands,upper-mid,-17.79796676133857,31.06866469369404,4.45,2,1,326,1849,0,0,0,1,1,461541.16
Belvedere,middle,-17.8459054236382,31.017957620888925,3.31,2,2,131,721,2,0,0,0,1,179435.13
Glen Lorne,premium,-17.747161966894588,31.176842138787915,16.79,8,6,214,1195,0,0,1,1,1,816432.0
Borrowdale,premium,-17.738604239288975,31.101165648280816,11.87,4,3,242,1687,20,1,1,0,1,567789.48
Belvedere,middle,-17.846007484255246,31.025218893754257,2.68,2,2,195,1071,0,1,0,1,1,177158.48
Vainona,upper-mid,-17.77982299183757,31.07983384838147,6.78,2,2,193,1229,13,0,1,0,1,351155.3
Belvedere,middle,-17.8455554983564,31.018249089900525,3.26,3,3,170,1027,16,0,0,1,1,188440.0
Glen Lorne,premium,-17.748315517166194,31.18051292971876,17.04,5,5,367,2539,32,1,1,1,1,682959.14
Kambuzuma,township,-17.858009213218715,30.957518155367886,9.73,1,1,90,336,4,0,0,0,1,35146.1
Hatfield,middle,-17.866711235607585,31.092579149573652,6.41,1,1,192,1160,37,0,0,1,1,95518.07
Mufakose,township,-17.90688940040017,30.964870965601666,11.96,1,1,45,200,17,0,0,0,1,40152.27
Mt Pleasant,premium,-17.781243827814578,31.0178595914931,6.23,1,1,357,2477,9,0,1,1,1,458160.8
Vainona,upper-mid,-17.788157307754354,31.083533659627353,6.27,3,3,248,705,0,1,1,1,0,458236.4
Greendale,upper-mid,-17.781895646200788,31.132480837110407,10.75,8,6,202,1165,28,0,1,1,1,555754.16
Marlborough,middle,-17.781350386429473,30.949874168494198,11.48,3,3,184,901,0,0,0,0,1,288278.24
Vainona,upper-mid,-17.780567548142997,31.082572022115038,6.88,3,3,167,1185,8,0,0,1,1,389830.39
Glen Lorne,premium,-17.742411445139478,31.17863626726782,17.24,5,4,546,2329,6,0,1,1,1,659309.72
Greendale,upper-mid,-17.78876369758398,31.133264657259993,10.46,4,4,291,1466,19,0,0,1,1,498909.77
Highlands,upper-mid,-17.78946413918691,31.064010163078407,5.04,5,4,249,1248,15,1,0,1,0,506445.46
Greendale,upper-mid,-17.799480038280922,31.135008770416132,10.15,2,1,240,1555,5,0,0,1,1,314058.23
Highlands,upper-mid,-17.78744478233323,31.065831590181688,5.32,5,4,239,1383,25,0,1,0,1,430686.12
Highlands,upper-mid,-17.788635346156514,31.065914727721402,5.21,6,6,280,2016,5,1,0,0,1,566478.15
Avonlea,middle,-17.764930038583447,30.98083085922974,10.01,3,3,190,833,38,0,1,0,1,188150.07
Greendale,upper-mid,-17.78717130773466,31.131684347181025,10.39,3,3,182,852,21,0,0,1,1,343939.25
Greendale,upper-mid,-17.790890443687,31.135147181250755,10.53,2,2,169,1273,13,0,1,1,1,339107.72
Marlborough,middle,-17.78125369907533,30.94424343786338,12.02,2,2,132,685,35,0,1,0,1,191952.89
Hatfield,middle,-17.87055153347767,31.087305732707673,6.28,4,4,173,1057,20,0,1,0,1,151087.98
Greendale,upper-mid,-17.7975591531459,31.124189311117124,9.17,1,1,267,1845,8,0,1,0,1,292265.91
Avonlea,middle,-17.77338059299655,30.988355766002087,8.78,2,1,214,1011,8,0,1,0,1,152245.61
Budiriro,township,-17.93807538233041,30.944870706379504,15.94,4,3,71,406,16,0,0,1,0,46372.25
Marlborough,middle,-17.7779326858424,30.94929108838219,11.73,1,1,145,949,15,0,1,0,1,207704.42
Glen View,township,-17.926031181897137,30.97019447152941,13.2,3,2,88,287,10,0,0,0,1,43182.18
Mabelreign,middle,-17.80869805846323,30.997158833672007,5.64,3,2,179,821,26,0,1,0,1,149763.42
Glen Lorne,premium,-17.744929112654575,31.180916608293387,17.28,2,1,403,2631,19,1,1,1,1,526271.61
Avondale,upper-mid,-17.789520123858686,31.04236014620136,4.62,1,1,252,1277,27,0,1,1,1,230823.63
Belvedere,middle,-17.850924643881257,31.02070739894016,3.39,1,1,157,1127,19,0,0,1,1,138911.04
Budiriro,township,-17.941403458865558,30.938690323238493,16.65,3,2,92,450,6,0,1,0,0,43910.09
Avondale,upper-mid,-17.784903027190037,31.032788520413952,5.29,1,1,228,552,18,1,1,0,1,250096.87
Glen Lorne,premium,-17.745515882484916,31.17764774665506,16.96,2,1,401,1559,22,0,1,0,1,446145.76
Avonlea,middle,-17.768508249303387,30.99190869129603,8.94,1,1,115,702,18,0,0,0,0,154977.91
Mt Pleasant,premium,-17.78091194996168,31.019076632603248,6.21,3,2,305,1582,34,1,1,1,1,487663.94
Hatfield,middle,-17.870232776768933,31.09011805092373,6.47,2,2,275,1501,6,0,1,0,1,154338.25
Marlborough,middle,-17.780249657928387,30.952457948382992,11.31,2,1,100,333,20,0,0,0,1,177528.92
Hatfield,middle,-17.874984852943456,31.099899439814095,7.59,4,3,248,1349,10,0,0,0,1,151801.84
Mufakose,township,-17.915084664194787,30.96020551686817,12.96,3,3,77,385,24,0,0,0,0,49001.69
Avonlea,middle,-17.771496330368823,30.99150844359836,8.71,3,3,185,1242,6,0,0,0,1,228113.56
Avonlea,middle,-17.77295594718981,30.987648913071087,8.86,4,3,135,721,30,0,0,0,1,222197.51
Hatfield,middle,-17.87507813726943,31.0941756658213,7.15,2,2,155,703,12,0,1,0,1,132819.86
Mabelreign,middle,-17.805847715249968,30.99875649112404,5.64,3,2,220,968,19,0,0,0,0,142787.1
Mufakose,township,-17.921062319086257,30.96923539792201,12.83,3,2,147,348,0,0,0,0,0,47039.07
Borrowdale,premium,-17.739934174973126,31.10666546987113,12.05,2,2,505,1975,28,0,1,1,1,578248.29
Marlborough,middle,-17.782180869179935,30.948479416556413,11.57,4,3,203,1590,20,0,0,0,1,250413.25
Highlands,upper-mid,-17.789462700324428,31.070667996413675,5.36,1,1,216,803,13,0,1,0,1,288425.51
Mufakose,township,-17.911782044212433,30.96618067118073,12.26,1,1,83,260,23,0,0,0,1,40187.98
Belvedere,middle,-17.851748164237733,31.018088049307398,3.67,7,6,181,919,39,0,0,0,1,236125.7
Avondale,upper-mid,-17.79091390903843,31.042987059207164,4.46,3,3,293,1159,22,0,1,1,1,308900.81
Ballantyne Park,premium,-17.765394603654773,31.075810962504757,7.99,2,1,304,1412,39,0,1,0,1,237534.84
Vainona,upper-mid,-17.775170656339483,31.079504616672416,7.2,5,5,185,658,13,0,1,0,1,507957.86
Belvedere,middle,-17.844790077938217,31.029067305871347,2.28,2,1,225,926,8,0,0,0,1,146643.83
Highlands,upper-mid,-17.788572745692267,31.07317810430868,5.58,3,3,248,1267,6,0,1,1,1,420392.63
Glen Lorne,premium,-17.744780089681612,31.1781455255639,17.05,4,3,569,2279,0,0,1,1,1,703861.66
Mufakose,township,-17.91478720644399,30.961758101079152,12.82,2,1,117,818,24,0,0,0,0,36751.93
Hatfield,middle,-17.865767109243563,31.092685626535886,6.36,6,5,187,522,4,0,0,0,1,205728.07
Highlands,upper-mid,-17.788632800800944,31.064427342075398,5.14,3,2,138,688,25,1,1,1,1,405453.08
Vainona,upper-mid,-17.77709072334374,31.08518815577451,7.35,1,1,219,1308,21,1,0,0,1,256762.1
Budiriro,township,-17.9360441287714,30.946724971695307,15.64,2,1,87,540,1,0,0,0,1,33882.12
Hatfield,middle,-17.87087009135411,31.089931480879745,6.5,1,1,153,649,18,0,1,0,1,113857.27
Avonlea,middle,-17.76230043583218,30.99315907909459,9.41,1,1,83,594,23,0,1,0,1,142641.66
Vainona,upper-mid,-17.772733647528746,31.078189295228547,7.37,3,3,256,1020,20,1,1,0,1,432997.97
Vainona,upper-mid,-17.777086548063526,31.085632419650924,7.38,3,3,279,1248,1,0,0,1,0,392038.04
Borrowdale,premium,-17.736459548504563,31.109639062756766,12.54,2,1,300,1050,23,0,0,1,1,462521.19
Hatfield,middle,-17.877067338043094,31.09400978586754,7.29,3,2,188,1043,39,0,0,1,1,109275.91
Borrowdale,premium,-17.74474017985699,31.104789951841227,11.49,3,3,484,2117,31,1,1,0,1,668819.2
Borrowdale,premium,-17.741909311133863,31.099835254732184,11.48,5,5,337,1698,16,1,0,1,1,909309.16
Hatfield,middle,-17.869762051278823,31.084214162165516,5.98,4,3,156,914,18,1,0,0,1,152370.41
Kambuzuma,township,-17.860763369551613,30.955641552341557,10.02,3,3,93,200,34,0,0,0,1,38588.55
Hatfield,middle,-17.869076777366047,31.097634638564404,7.0,3,3,233,1238,18,0,1,0,1,164360.2
Avondale,upper-mid,-17.783519951128092,31.019977136149276,5.91,2,2,255,933,22,0,1,0,1,244974.29
Avondale,upper-mid,-17.792269073266077,31.026244313717037,4.74,4,3,240,1695,20,1,1,1,1,393811.62
Avondale,upper-mid,-17.78120165232707,31.03302004583508,5.68,3,2,254,1710,27,0,0,0,1,303736.23
Vainona,upper-mid,-17.784910217506482,31.076324637136917,6.1,1,1,204,1368,10,1,1,1,1,329579.45
Marlborough,middle,-17.780363147607368,30.945806531857002,11.92,2,2,190,206,31,0,0,0,0,196852.57
Avondale,upper-mid,-17.790111978649133,31.022008406278207,5.16,1,1,214,1249,9,1,1,0,1,281868.85
Avonlea,middle,-17.771798086719134,30.984785694228528,9.16,6,6,225,675,26,0,0,0,1,245167.56
Glen View,township,-17.928892100737375,30.972141087596178,13.34,1,1,112,365,26,0,0,0,0,30530.38
Budiriro,township,-17.940830507887373,30.944652468372606,16.18,3,2,98,767,35,0,0,0,1,37930.03
Glen Lorne,premium,-17.747259143567646,31.18244780857874,17.28,1,1,384,2217,26,0,1,0,1,428822.52
Greendale,upper-mid,-17.785532764509654,31.129964730423914,10.32,3,3,97,332,25,1,1,0,1,275419.71
Ballantyne Park,premium,-17.75979318866906,31.070968250057327,8.38,2,2,282,1080,23,0,1,1,1,433682.88
Greendale,upper-mid,-17.784611200022827,31.133750270404338,10.72,1,1,404,926,6,0,1,0,1,304750.18
Vainona,upper-mid,-17.78158159527456,31.084804088378156,6.92,2,2,323,1987,24,0,1,1,1,325538.15
Ballantyne Park,premium,-17.765762596528972,31.07107229937459,7.76,1,1,265,1116,21,0,1,0,1,291409.19
Hatfield,middle,-17.876663077955087,31.092334178022078,7.13,2,2,152,1113,0,0,0,0,1,144594.88
Marlborough,middle,-17.781435856862203,30.952064497568415,11.28,5,5,168,906,5,0,1,0,1,327217.12
Glen View,township,-17.934893228906486,30.97252447310193,13.87,3,2,120,339,28,0,0,1,0,39134.68
Borrowdale,premium,-17.73603876138728,31.09628460550263,11.87,6,5,353,1152,0,0,1,1,1,818372.0
Glen Lorne,premium,-17.747521102902617,31.178221457934725,16.89,8,6,404,2552,16,0,1,1,1,837410.59
Greendale,upper-mid,-17.79107058543551,31.116755635069307,8.8,6,5,233,656,25,0,1,1,1,412881.19
Glen Lorne,premium,-17.746836248690393,31.173605991418004,16.52,4,4,312,1465,34,1,1,1,1,696113.8
Highlands,upper-mid,-17.792750142943827,31.067068886004524,4.85,6,6,295,1387,40,0,1,0,1,471817.98
Budiriro,township,-17.936950665729682,30.942019438832236,16.05,4,3,121,897,25,0,0,1,1,44084.12
Highlands,upper-mid,-17.795187698056345,31.072369413233712,4.92,2,2,351,1781,0,0,1,0,1,515693.68
Highlands,upper-mid,-17.789855973117582,31.066195792093477,5.1,5,4,148,985,0,0,1,0,1,491139.72
Avonlea,middle,-17.77282466632859,30.997340663486693,8.2,3,2,99,425,5,0,0,1,1,226127.62
Marlborough,middle,-17.787043282875075,30.94166349879141,11.98,4,3,186,760,39,0,0,1,1,200421.73
Avonlea,middle,-17.770239838124958,30.9882599452268,9.04,1,1,131,753,0,0,1,0,1,199247.56
Greendale,upper-mid,-17.784334721873147,31.120465448039674,9.53,2,1,346,2384,0,0,1,1,1,379163.44
Mabelreign,middle,-17.804026933723303,31.000040657890757,5.63,2,2,204,936,0,0,1,0,1,142586.9
Mt Pleasant,premium,-17.782856008555857,31.019879844146484,5.98,4,3,389,1840,27,0,1,0,1,539984.12
Avondale,upper-mid,-17.786853020335787,31.02352209612095,5.41,5,5,152,860,12,1,1,1,1,409208.06
Belvedere,middle,-17.85286711852523,31.017618904217077,3.78,3,3,245,1582,19,0,1,0,1,216803.51
Mufakose,township,-17.906196729879518,30.95806102128548,12.43,6,5,50,200,8,0,0,0,1,65457.76
Greendale,upper-mid,-17.78841000176029,31.137517176080447,10.88,1,1,229,1157,9,0,0,1,1,322836.2
Avonlea,middle,-17.770155497143023,30.996335893647228,8.5,4,4,245,1815,14,1,0,0,1,235953.76
Glen Lorne,premium,-17.748238022745454,31.191354297248623,18.02,1,1,352,1844,15,0,1,1,1,525546.1
Ballantyne Park,premium,-17.764656712217235,31.077935754770134,8.16,5,5,494,1898,29,1,1,1,1,569678.63
Glen Lorne,premium,-17.738419216200416,31.18722367969053,18.24,1,1,429,1965,0,0,1,1,1,518620.98
Hatfield,middle,-17.870069971556134,31.088537976808677,6.33,7,6,117,818,26,0,1,0,1,186080.18
Vainona,upper-mid,-17.78066264247375,31.0816548997917,6.81,1,1,263,1207,38,0,0,1,1,275719.55
Hatfield,middle,-17.876373288944574,31.102015948736614,7.87,5,4,178,521,10,0,0,0,1,178995.03
Glen Lorne,premium,-17.739802952053033,31.17750735504736,17.31,3,2,389,2157,13,0,1,0,1,520227.24
Mufakose,township,-17.90980622705996,30.955318758049653,12.92,1,1,95,424,21,0,0,1,1,43077.68
Mabelreign,middle,-17.811239751163825,30.996776656864263,5.56,4,3,188,684,1,0,1,0,1,147091.51
Glen Lorne,premium,-17.749215181192724,31.186666547955827,17.54,4,3,406,2617,7,1,1,1,1,650954.67
Borrowdale,premium,-17.742409753131934,31.091080251061285,10.99,6,6,392,1708,18,1,1,0,1,797214.9
Glen Lorne,premium,-17.752944574726268,31.180578164471388,16.77,3,3,328,1178,19,1,0,1,1,483077.34
Mabelreign,middle,-17.807414606701055,30.99548752772821,5.86,2,1,285,2613,45,0,0,0,0,104298.57
Highlands,upper-mid,-17.785933165435363,31.069667802927363,5.65,5,4,289,1923,27,0,1,1,1,508488.82
Marlborough,middle,-17.784080814477615,30.953384630666612,11.01,5,5,180,686,33,0,1,0,1,253200.81
Avondale,upper-mid,-17.789129541692056,31.029728381099495,4.93,2,2,277,631,2,0,0,1,1,334887.34
Mabelreign,middle,-17.8033260910441,31.008454939180737,4.94,7,6,232,1188,32,0,1,1,1,197218.08
Marlborough,middle,-17.780939014544835,30.94875612497145,11.61,4,3,248,772,0,0,1,0,1,307363.04
Marlborough,middle,-17.778192249838696,30.95889639264119,10.84,1,1,160,919,33,0,0,1,1,158696.25
Budiriro,township,-17.94099476304331,30.943676456721256,16.27,4,4,114,542,9,0,0,0,0,50812.41
Ballantyne Park,premium,-17.76095167886045,31.081762987498074,8.71,6,5,330,855,28,1,1,0,1,513115.04
Mabelreign,middle,-17.80838249470179,31.00966272974294,4.51,4,3,187,1090,8,0,1,1,1,190444.7
Glen Lorne,premium,-17.745690840793422,31.17973265069578,17.13,4,3,500,1811,30,1,1,1,1,676629.59
Avondale,upper-mid,-17.79124032746209,31.035532246823493,4.53,3,2,249,721,32,1,1,0,1,252336.55
Mufakose,township,-17.914717289861088,30.95902145546399,13.02,2,1,107,504,45,0,0,0,1,32080.71
Belvedere,middle,-17.853199877938597,31.027507777500706,3.09,1,1,148,614,10,0,0,0,1,140626.47
Belvedere,middle,-17.84655283498764,31.03012468735699,2.34,2,1,220,1018,21,0,1,0,1,162862.42
Highlands,upper-mid,-17.790182732303148,31.07561754901011,5.58,2,2,335,1421,7,0,1,0,1,411245.17
Avondale,upper-mid,-17.780225178215442,31.019138533975084,6.27,2,2,275,1150,27,0,0,0,1,243050.3
Greendale,upper-mid,-17.789800912260013,31.136087945386418,10.68,6,6,327,2300,27,1,1,0,1,501054.99
Marlborough,middle,-17.779232522293242,30.938431369666098,12.67,7,6,200,1009,19,0,0,0,1,375722.22
Avondale,upper-mid,-17.78904947927701,31.027936508116802,5.0,3,2,173,502,4,0,0,0,1,276285.34
Vainona,upper-mid,-17.781846639012755,31.079402094625948,6.57,4,4,207,1164,34,0,1,1,1,384361.47
Vainona,upper-mid,-17.776615738747033,31.081983194118294,7.2,1,1,265,1232,1,0,0,1,1,305789.68
Highlands,upper-mid,-17.784829340611196,31.075407315830578,6.06,2,2,157,767,9,0,0,0,1,312357.72
Greendale,upper-mid,-17.785544134578227,31.13090135136659,10.4,6,6,311,767,23,0,0,0,1,503084.06
Ballantyne Park,premium,-17.760796559584264,31.079218443262636,8.61,1,1,293,699,25,1,0,1,1,343662.58
Mufakose,township,-17.910251348780918,30.96770299607525,12.02,2,2,70,210,17,0,0,0,1,35847.07
Avonlea,middle,-17.76707808421926,30.987202598539866,9.38,3,3,162,1015,26,0,0,0,1,232053.77
Mt Pleasant,premium,-17.7830374300468,31.016755442590615,6.11,3,2,451,1961,17,1,0,0,1,415405.47
Belvedere,middle,-17.84896927058829,31.016717063502842,3.6,2,2,155,881,6,0,0,0,1,154901.95
Mabelreign,middle,-17.804889723169477,30.99895842694937,5.67,4,4,151,454,31,0,0,0,1,127709.09
Highlands,upper-mid,-17.79356968143118,31.06220300909239,4.54,3,3,236,870,18,1,1,0,1,406089.94
Ballantyne Park,premium,-17.756424548186523,31.084289039416575,9.28,3,2,383,1726,27,1,1,0,1,479419.19
Borrowdale,premium,-17.738449189609558,31.10096868023365,11.88,1,1,383,1094,24,1,1,1,1,516398.52
Borrowdale,premium,-17.73117644583998,31.088634724168106,12.02,3,3,374,1303,20,1,1,1,1,564353.79
Hatfield,middle,-17.865881342626704,31.09973435840792,6.97,1,1,160,1081,15,0,0,0,1,103285.24
Budiriro,township,-17.94007966559234,30.936530323225384,16.7,4,3,82,403,22,0,0,0,1,37697.83
Borrowdale,premium,-17.733262111817435,31.097840220060174,12.22,1,1,254,1251,19,0,1,0,1,411551.88
Hatfield,middle,-17.873104453488992,31.08695159425084,6.45,2,2,214,1191,25,0,0,0,1,133524.32
Glen Lorne,premium,-17.74516857203597,31.182776984183214,17.43,2,2,314,1861,19,1,0,1,1,478806.69
Avonlea,middle,-17.770624420623097,30.995696468669337,8.5,1,1,208,984,22,0,0,1,1,167173.99
Hatfield,middle,-17.86649995888044,31.093624028670288,6.49,2,2,136,531,43,0,1,0,1,115954.2
Greendale,upper-mid,-17.791869863385074,31.130498681562845,10.04,3,3,308,1123,15,0,0,0,1,369593.74
Borrowdale,premium,-17.74281485506879,31.092172004743535,11.0,4,3,366,2207,31,0,1,0,1,591498.45
Avonlea,middle,-17.772443621192025,30.991547800201673,8.63,6,6,166,549,23,0,0,0,1,237035.92
Budiriro,township,-17.93831247806828,30.940188548531548,16.29,2,1,84,418,23,0,0,0,0,31394.9
Highlands,upper-mid,-17.790143181921064,31.074664897331875,5.52,3,2,327,1786,25,0,1,1,1,421855.17
Ballantyne Park,premium,-17.762496457153674,31.09355610419469,9.19,3,3,430,2180,0,1,1,0,1,541607.94
Mt Pleasant,premium,-17.78025727088278,31.0268986338968,5.96,3,3,394,2440,35,0,1,0,1,394992.68
Marlborough,middle,-17.780455187369206,30.945199564557978,11.97,6,5,87,301,23,0,0,0,1,271131.74
Avonlea,middle,-17.765612314039803,30.98922967920043,9.37,4,4,160,1349,24,0,0,0,1,276378.8
Mabelreign,middle,-17.80684239362248,31.00288037316329,5.21,2,1,177,995,10,0,0,0,1,130396.73
Hatfield,middle,-17.86811318801454,31.086639565502935,6.04,3,2,177,962,3,0,1,0,1,147343.69
Glen View,township,-17.932561683548222,30.977040049525744,13.39,1,1,107,485,30,0,0,0,1,34095.87
Mabelreign,middle,-17.8136361554996,31.000237267136065,5.12,5,4,253,1149,1,0,1,0,1,180931.54
Highlands,upper-mid,-17.78304731767944,31.076408658664675,6.28,2,2,253,1574,0,0,1,0,1,420222.92
Marlborough,middle,-17.778237215954633,30.953450137288264,11.33,5,5,138,796,0,0,0,1,1,323162.71
Vainona,upper-mid,-17.782458207374507,31.078303086337375,6.45,2,1,299,1543,15,1,1,0,1,364391.29
Vainona,upper-mid,-17.781460126314464,31.075339531447835,6.38,3,3,133,854,13,0,1,0,1,386233.53
Kambuzuma,township,-17.85975316809318,30.957041060027706,9.84,3,3,95,616,16,0,0,0,0,47018.33
Belvedere,middle,-17.853716671285678,31.024677661937154,3.32,2,2,192,589,12,0,0,0,1,192054.44
Budiriro,township,-17.943804592974715,30.946356123102774,16.32,3,2,108,392,15,0,0,0,0,40672.35
Avondale,upper-mid,-17.78828645516331,31.023466664016695,5.27,6,6,194,348,31,0,0,0,1,346957.96
Marlborough,middle,-17.77890095013762,30.946949610877002,11.89,2,1,158,752,2,0,0,0,1,243996.65
Avondale,upper-mid,-17.780560547270646,31.03933090334043,5.64,1,1,267,1472,22,0,1,0,1,249037.42
Mt Pleasant,premium,-17.782183111240176,31.01857331715001,6.11,2,2,373,1425,22,0,0,0,1,368192.7
Highlands,upper-mid,-17.790789770993662,31.074814165527297,5.47,4,3,223,706,28,0,1,0,1,325025.68
Marlborough,middle,-17.776179737844277,30.943135479109724,12.39,1,1,137,890,0,0,0,1,1,240470.76
Glen Lorne,premium,-17.742540585817284,31.177328042147295,17.12,6,6,469,1930,18,1,1,1,1,751021.36
Kambuzuma,township,-17.851422534854812,30.960012599752915,9.28,1,1,78,671,0,0,0,0,0,37021.72
Mt Pleasant,premium,-17.776432335439427,31.02231672582313,6.53,3,2,397,2707,1,0,1,1,1,435271.44
Highlands,upper-mid,-17.790024401728505,31.063716172029455,4.97,1,1,250,1497,18,1,0,0,1,341297.83
Hatfield,middle,-17.876172360455556,31.092712551825787,7.12,6,5,175,900,35,0,1,0,1,183880.09
Glen Lorne,premium,-17.75385376197901,31.17599745325778,16.31,1,1,308,875,14,1,1,1,0,506545.27
Glen View,township,-17.923026688971877,30.967634171514533,13.11,4,3,64,402,26,0,0,0,0,39818.16
Hatfield,middle,-17.865252347488063,31.085641360087106,5.75,3,3,263,1013,30,0,1,0,1,152254.95
Glen Lorne,premium,-17.754847630262827,31.178332160551253,16.46,3,3,341,1057,4,0,1,1,1,489597.79
Belvedere,middle,-17.847403130197318,31.01934746900636,3.27,2,2,152,912,47,0,1,0,0,124713.39
Avonlea,middle,-17.76450840726121,30.992132715347395,9.27,2,1,223,808,13,0,0,0,1,204765.79
Hatfield,middle,-17.86477085577685,31.09331632648929,6.34,1,1,203,862,15,0,1,0,1,123650.4
Mabelreign,middle,-17.81193042172816,31.00956510371519,4.31,2,1,123,485,16,0,0,1,1,108771.07
Hatfield,middle,-17.86793708159426,31.0822260547591,5.69,4,4,188,973,16,0,1,0,1,156974.67
Avonlea,middle,-17.77283623654967,30.99260116449565,8.52,2,1,144,390,7,0,1,1,1,219083.69
Vainona,upper-mid,-17.782108050497232,31.079598386084072,6.56,2,1,242,1219,22,0,1,0,1,329146.49
Belvedere,middle,-17.855332526762304,31.013392674903933,4.3,5,4,150,706,31,0,1,0,1,183655.13
Kambuzuma,township,-17.860769874996,30.961764150233932,9.41,2,1,88,546,32,0,0,0,1,32703.45
Avonlea,middle,-17.770519186994107,30.988447280425678,9.0,7,6,147,515,13,0,0,0,1,237697.77
Belvedere,middle,-17.850366294162814,31.019486241322134,3.45,6,5,259,1868,9,0,1,1,1,235463.6
Avondale,upper-mid,-17.78897924739359,31.02963893089094,4.95,7,6,233,1376,14,1,1,1,1,390500.33
Hatfield,middle,-17.868623222733817,31.084607359387302,5.92,4,4,185,290,14,0,0,0,1,140231.69
Budiriro,township,-17.937413209376075,30.938400691455627,16.35,4,3,61,380,9,0,0,0,0,42893.01
Ballantyne Park,premium,-17.759194055152953,31.081636862671836,8.88,3,3,232,387,21,1,1,1,1,459885.81
Highlands,upper-mid,-17.792908113034617,31.064672427776216,4.72,4,3,252,1499,12,0,0,1,0,456040.64
Marlborough,middle,-17.780271241314644,30.944905863622544,12.0,3,2,233,1124,22,0,0,0,1,229569.94
Avondale,upper-mid,-17.78639834794941,31.03747990892542,5.02,5,5,183,1206,18,1,1,0,1,418144.87
Avonlea,middle,-17.766673436504046,30.99021559660843,9.21,2,2,144,469,25,0,1,0,1,163238.96
Glen Lorne,premium,-17.74828490449872,31.18690617805925,17.62,5,4,386,2275,21,1,1,1,1,669788.15
Greendale,upper-mid,-17.786440368626355,31.135852544441097,10.82,3,2,294,514,10,1,1,1,1,419368.93
Avonlea,middle,-17.76749351290755,30.989648132783497,9.18,4,3,125,358,28,0,1,0,1,199657.93
Avonlea,middle,-17.77066652346044,30.986700845287043,9.12,4,4,181,1104,24,0,0,0,0,242490.92
Belvedere,middle,-17.845599611738113,31.0214986592427,2.97,4,4,75,200,25,0,1,0,1,189072.7
Hatfield,middle,-17.872011203245204,31.093699748270765,6.88,2,2,238,1606,27,0,0,0,1,133389.48
Belvedere,middle,-17.848084011565888,31.024513585346412,2.88,2,1,249,913,22,0,1,0,1,149607.12
Mabelreign,middle,-17.805133697901272,31.008551033242156,4.81,6,6,143,727,29,0,0,1,1,178830.54
Avonlea,middle,-17.774297495498992,30.998991165812907,7.97,1,1,188,780,9,0,0,1,1,215496.21
Marlborough,middle,-17.77987585851611,30.957163773677575,10.9,5,4,237,1432,3,0,1,0,1,354034.18
Avonlea,middle,-17.77330855562141,30.983656215143924,9.13,3,2,153,935,8,0,1,1,1,240998.6
Mt Pleasant,premium,-17.784221501785918,31.03289634130482,5.36,3,2,285,1476,3,0,1,1,1,443650.27
Vainona,upper-mid,-17.780208372618688,31.08946373713663,7.35,1,1,275,1518,38,1,1,1,1,316078.99
Marlborough,middle,-17.789295935042496,30.950739299855844,11.0,3,2,153,598,0,0,1,0,1,234237.82
Mufakose,township,-17.909835451040085,30.95719244771041,12.77,1,1,57,209,35,0,0,0,0,26557.57
Belvedere,middle,-17.852514075367612,31.019140096414468,3.64,1,1,184,1020,36,0,0,0,1,102130.69
Glen Lorne,premium,-17.74901238985479,31.19222993443839,18.06,6,5,211,1141,20,1,1,1,1,560774.8
Avonlea,middle,-17.77057257375689,30.994449363624806,8.59,3,2,119,418,19,1,1,0,1,203546.78
Highlands,upper-mid,-17.791991835174194,31.070664491815815,5.12,4,4,359,1152,1,0,0,1,1,481840.16
Hatfield,middle,-17.87133570538732,31.099206824702666,7.28,6,5,138,455,22,0,0,1,1,174534.5
Mabelreign,middle,-17.812045961043108,31.003969444056395,4.83,2,1,256,1640,18,0,0,0,0,116686.71
Avonlea,middle,-17.77493854736933,30.985457226540987,8.87,1,1,248,854,14,0,1,0,0,178532.28
Avonlea,middle,-17.771144305772935,30.999610459446917,8.21,4,3,116,682,30,0,1,0,1,228950.9
Vainona,upper-mid,-17.782375818285246,31.066885165212245,5.88,2,1,298,1846,26,0,1,1,0,294563.51
Avondale,upper-mid,-17.7871232756943,31.026840227254198,5.24,3,2,188,859,10,0,1,0,1,291721.4
Mufakose,township,-17.90740408469459,30.964574648314485,12.03,1,1,72,346,26,0,0,0,1,35140.2
Hatfield,middle,-17.86597265896176,31.09459510705057,6.53,3,3,181,742,34,0,0,1,1,139220.65
Marlborough,middle,-17.77788545993505,30.948600496106934,11.79,6,6,239,1533,14,0,0,0,1,343322.67
Greendale,upper-mid,-17.790719834422948,31.125867843432417,9.66,5,5,254,2074,35,0,0,0,1,369601.81
Glen Lorne,premium,-17.747032787764045,31.175110188496863,16.64,5,5,411,1351,21,1,1,0,1,673595.84
Mt Pleasant,premium,-17.78802580917016,31.017624049703088,5.59,2,1,497,2365,25,0,1,1,1,421307.98
Ballantyne Park,premium,-17.762806394866107,31.078785159797143,8.38,3,3,350,2003,22,0,0,1,1,456575.68
Greendale,upper-mid,-17.788932670242982,31.133788729081353,10.5,3,3,212,1164,20,0,1,0,1,383748.42
Kambuzuma,township,-17.858947524991763,30.96068161865591,9.45,3,3,107,200,0,0,1,0,0,45858.3
Marlborough,middle,-17.776146013806752,30.952841584104636,11.51,1,1,148,899,16,0,0,0,1,170653.3
Highlands,upper-mid,-17.78991694765364,31.06545512018332,5.06,1,1,153,562,0,0,1,0,1,352669.19
Mt Pleasant,premium,-17.781180544232743,31.01854711854611,6.21,4,4,376,3071,25,0,1,1,1,582825.83
Vainona,upper-mid,-17.774667254881145,31.07994448157606,7.27,2,1,294,1709,18,0,1,0,1,393152.63
Mabelreign,middle,-17.809240052062933,31.00516460159091,4.86,4,4,175,575,34,0,1,0,1,142133.64
Greendale,upper-mid,-17.793511648350368,31.127952786972404,9.72,2,2,286,1598,30,0,1,0,1,342024.6
Hatfield,middle,-17.86802570579702,31.09553204716661,6.75,1,1,235,536,16,0,0,1,1,139380.39
Mabelreign,middle,-17.802676985399838,30.982733474498808,7.31,1,1,278,1790,35,0,1,1,1,108224.98
Mt Pleasant,premium,-17.78050846962329,31.024484585531553,6.02,3,2,296,877,8,1,1,0,1,441977.61
Avonlea,middle,-17.76606486970778,30.98555669394914,9.58,4,3,156,601,16,0,0,0,1,250150.6
Kambuzuma,township,-17.859869027964155,30.956498487778052,9.9,4,3,98,496,34,0,0,0,1,47242.89
Greendale,upper-mid,-17.795658797529917,31.129852500578274,9.8,7,6,224,1691,23,0,1,0,1,502471.28
Glen Lorne,premium,-17.745411226576472,31.181769956109623,17.33,1,1,451,2571,0,0,1,1,1,555188.95
Glen View,township,-17.928518955388004,30.973407179793753,13.23,1,1,85,299,43,0,0,0,0,22453.58
Mufakose,township,-17.91064183193588,30.95817656898963,12.76,1,1,61,200,36,0,0,0,1,28761.18
Marlborough,middle,-17.780804188430984,30.952425278930217,11.28,4,4,245,1519,14,0,0,0,0,274296.6
Marlborough,middle,-17.775341367624776,30.945116290862615,12.25,4,3,101,445,7,0,1,0,1,261850.9
Highlands,upper-mid,-17.78403288742107,31.072875569112774,6.0,3,2,281,1368,14,0,1,0,1,457925.13
Mabelreign,middle,-17.806031578164117,30.99932987099995,5.58,5,4,160,947,21,0,0,1,1,140129.32
Marlborough,middle,-17.7852680937618,30.954078385979297,10.89,2,2,202,1388,14,0,1,0,1,201445.68
Borrowdale,premium,-17.74106636812897,31.099842214724127,11.56,4,4,370,1600,17,1,1,0,1,680273.83
Belvedere,middle,-17.853138585973518,31.020307506086233,3.59,2,1,82,539,31,0,0,0,1,138521.01
Kambuzuma,township,-17.858588504553083,30.95986008806799,9.52,1,1,71,332,15,0,0,0,1,39570.93
Mabelreign,middle,-17.810543357413945,30.988827240625096,6.37,2,2,240,1229,24,0,1,0,1,134483.53
Vainona,upper-mid,-17.782069607797112,31.074377295180852,6.27,2,1,246,1128,0,0,0,1,1,321302.32
Glen Lorne,premium,-17.748114138592967,31.174035699733473,16.48,1,1,383,1862,13,0,1,1,1,521481.98
Kambuzuma,township,-17.85386931550453,30.95425666132931,9.94,3,2,66,357,28,0,0,0,0,42001.33
Kambuzuma,township,-17.86391388460266,30.958378451706615,9.87,4,4,107,360,9,0,0,0,1,55909.4
Marlborough,middle,-17.785795929690334,30.945837074551356,11.64,5,4,152,801,22,1,0,0,1,264165.15
Belvedere,middle,-17.846415057902632,31.01782898321523,3.35,5,4,151,848,48,0,0,1,1,172219.73
Avondale,upper-mid,-17.783195607443332,31.02354632762342,5.78,3,2,219,1391,6,0,1,1,1,324351.93
Avondale,upper-mid,-17.79225007197201,31.034425188507946,4.45,3,2,197,1409,35,0,1,0,1,283887.06
Mt Pleasant,premium,-17.780682759152125,31.01902189705298,6.23,3,3,363,728,7,1,1,0,1,546609.36
Glen Lorne,premium,-17.744429558195574,31.175341724520727,16.83,6,6,406,1370,10,1,0,1,1,789290.59
Highlands,upper-mid,-17.78185201967911,31.073657978399634,6.25,1,1,252,1050,32,0,1,0,1,283931.5
Mabelreign,middle,-17.804993030011445,31.00600944988627,5.04,4,4,187,507,0,0,0,0,0,138476.12
Mt Pleasant,premium,-17.786073949677814,31.02380467531007,5.48,2,2,320,2255,44,1,1,1,1,370127.47
Highlands,upper-mid,-17.79356729084394,31.061778497324724,4.53,3,2,159,211,29,0,1,1,1,328471.46
Marlborough,middle,-17.77763519423924,30.94921847031695,11.75,5,4,173,842,10,0,0,1,0,286051.76
Highlands,upper-mid,-17.791173912154367,31.07579919408113,5.5,3,3,264,1397,17,0,0,0,1,396179.52
Ballantyne Park,premium,-17.759554342381875,31.07941199656462,8.74,2,2,351,1796,24,0,1,0,1,422880.73
Avonlea,middle,-17.769058926461547,30.984229440049226,9.43,3,2,220,472,36,1,1,1,1,214987.63
Greendale,upper-mid,-17.788989708150233,31.131662707893014,10.3,3,2,238,1014,2,0,1,1,1,366468.93
Avonlea,middle,-17.768540074799688,30.982441782352677,9.6,3,2,231,1480,5,0,1,0,1,260008.29
Glen View,township,-17.930655291414975,30.969702470975328,13.65,3,2,100,621,17,0,0,0,0,43876.11
Ballantyne Park,premium,-17.75250273250668,31.0816180898701,9.55,5,4,336,838,11,0,1,1,1,545773.59
Glen View,township,-17.926340694193346,30.96318966097287,13.69,5,5,99,527,13,0,0,0,0,58284.25
Glen View,township,-17.925671401553423,30.958821613025883,13.93,1,1,69,472,28,0,0,0,0,31112.39
Mabelreign,middle,-17.81191001849788,31.003227286105076,4.91,4,3,177,1171,13,0,0,1,0,156263.27
Avonlea,middle,-17.767651890737948,30.996339111108544,8.73,3,2,164,621,20,0,0,0,0,202537.73
Avonlea,middle,-17.767742916368405,30.988803675630628,9.21,4,4,175,843,8,0,1,1,1,290456.33
Belvedere,middle,-17.853439728088908,31.023117844807953,3.4,6,5,208,1656,25,0,1,0,1,229280.07
Belvedere,middle,-17.850575469757672,31.019958152930315,3.43,6,6,182,920,5,0,0,0,1,254516.66
Borrowdale,premium,-17.750547783053634,31.096276274536816,10.46,1,1,414,1876,11,1,0,1,1,517666.22
Kambuzuma,township,-17.863116459339782,30.971581924149017,8.55,4,3,61,200,0,0,0,0,1,54199.97
Avonlea,middle,-17.775935591815397,30.987287331899076,8.65,2,2,105,475,23,0,0,1,1,177540.16
Mabelreign,middle,-17.807717719006533,30.997882891591548,5.62,2,2,165,1089,4,0,1,0,0,139213.63
Greendale,upper-mid,-17.78832148044238,31.130687458287408,10.24,5,5,249,1693,15,1,1,0,1,540956.87
Borrowdale,premium,-17.74117314257185,31.09600512856285,11.35,4,3,366,943,20,1,0,1,1,563235.98
Marlborough,middle,-17.786187572219482,30.940933625750905,12.09,6,6,126,379,22,0,0,0,1,295364.5
Marlborough,middle,-17.786595268225646,30.946818170889056,11.51,3,3,155,888,17,0,1,1,1,243394.57
Avondale,upper-mid,-17.79416746929622,31.030415421293345,4.38,5,4,377,1800,9,0,0,0,0,385400.84
Vainona,upper-mid,-17.783617034245434,31.076463668947508,6.23,2,2,244,1370,26,0,1,1,1,339940.69
Highlands,upper-mid,-17.787422269711904,31.072182917917633,5.64,5,5,183,200,8,0,1,0,1,509979.91
Marlborough,middle,-17.781956582626854,30.956688107514882,10.82,2,1,238,1074,20,0,0,0,1,169040.35
Greendale,upper-mid,-17.794487922484123,31.126033881748118,9.49,2,1,249,680,0,1,1,1,1,395681.66
Budiriro,township,-17.94383572163921,30.94107015262426,16.68,2,2,100,516,2,0,0,0,1,34510.45
Ballantyne Park,premium,-17.76018453074621,31.076849118779723,8.57,7,6,403,1702,23,1,0,1,1,670611.29
Vainona,upper-mid,-17.776109263282745,31.082050386048554,7.26,4,3,227,991,9,0,1,0,1,398408.39
Vainona,upper-mid,-17.781347766226332,31.08718325852514,7.1,6,5,316,1521,32,1,0,0,1,453599.2
Marlborough,middle,-17.778054071974903,30.94779989107547,11.86,4,3,159,810,0,0,1,1,0,293653.25
Marlborough,middle,-17.782304210768544,30.946879996513154,11.71,1,1,138,780,27,0,0,1,1,132522.21
Belvedere,middle,-17.85156308871606,31.011532498503584,4.22,4,4,124,573,34,1,1,0,1,181337.3
Kambuzuma,township,-17.863546815256804,30.954798124937874,10.21,1,1,109,571,26,0,0,0,1,32798.86
Vainona,upper-mid,-17.782700387501492,31.082710957165233,6.69,3,3,199,1306,32,0,0,0,1,324579.59
Belvedere,middle,-17.849812561643844,31.012909222890723,3.99,4,4,180,1046,12,0,0,0,1,187227.29
Borrowdale,premium,-17.73585469166605,31.102283652532527,12.19,7,6,322,1544,17,1,0,1,1,828260.74
Highlands,upper-mid,-17.792793121367612,31.07417520635015,5.25,1,1,247,1048,8,0,1,1,1,323079.78
Avondale,upper-mid,-17.78581388199387,31.03325192485062,5.18,3,3,419,1691,23,0,0,1,1,375867.65
Borrowdale,premium,-17.74469177890067,31.09975424348272,11.21,5,4,423,1425,14,1,1,0,1,863078.23
Avonlea,middle,-17.7674968062684,30.99078475812305,9.1,3,3,227,1118,22,0,0,0,1,228600.64
Belvedere,middle,-17.843707288037606,31.0128935576265,3.68,2,2,202,882,21,0,0,0,1,158435.71
Hatfield,middle,-17.865141606114538,31.08039439673982,5.33,7,6,208,988,31,0,1,0,1,207833.33
Marlborough,middle,-17.772285924597817,30.952603110359085,11.76,1,1,183,839,10,1,1,0,1,226395.9
Avonlea,middle,-17.76894994352242,30.992449468672422,8.86,2,1,185,200,30,0,1,0,1,181273.41
Greendale,upper-mid,-17.799364442510626,31.126329652976636,9.3,2,2,194,237,14,0,1,0,1,377017.25
Borrowdale,premium,-17.73569968123102,31.103396179740464,12.27,5,5,342,1458,35,1,1,1,1,713674.51
Mt Pleasant,premium,-17.77790482603586,31.018023531340443,6.56,5,4,376,1899,31,1,1,1,1,607174.09
Belvedere,middle,-17.846120164666303,31.013718884379948,3.71,4,3,141,414,47,0,1,0,1,144938.25
Budiriro,township,-17.942871909050496,30.936375084524798,16.94,1,1,53,275,1,0,0,0,0,30569.06
Borrowdale,premium,-17.74548310779227,31.096738424913678,10.97,5,4,484,1892,33,0,1,1,1,625122.38
Marlborough,middle,-17.7806730401099,30.946190841299398,11.86,3,3,216,1247,40,0,0,0,1,197661.86
Hatfield,middle,-17.867840565975502,31.09366116923431,6.58,2,1,206,1005,0,0,0,0,1,145338.69
Mabelreign,middle,-17.800432660893087,30.992234824639418,6.54,2,1,141,753,30,0,0,0,0,81120.75
Marlborough,middle,-17.78283105658939,30.942898079741287,12.06,3,2,216,1254,17,0,1,0,1,233835.41
Avonlea,middle,-17.77747288996758,30.9893823268928,8.37,3,3,140,992,3,0,0,0,0,251644.18
Belvedere,middle,-17.84533054071494,31.025696366236946,2.59,4,3,153,1179,22,0,0,1,1,179546.64
Mufakose,township,-17.910436166767973,30.952658325511294,13.17,2,2,75,336,29,0,0,0,1,38236.35
Mt Pleasant,premium,-17.78140512291678,31.02189764091825,6.03,6,5,408,2167,0,0,1,1,1,658418.4
Glen View,township,-17.92210990624845,30.972277830255525,12.72,2,1,108,367,0,0,0,0,1,40040.69
Borrowdale,premium,-17.74468568401516,31.096849580046474,11.06,3,3,600,1572,15,1,1,1,1,736752.0
Mabelreign,middle,-17.807637061957077,30.996440416069248,5.76,6,5,138,440,1,0,1,0,1,188296.61
Glen Lorne,premium,-17.741353236247427,31.1784766162329,17.29,4,3,371,583,13,1,1,1,1,544786.2
Ballantyne Park,premium,-17.76020110359933,31.08125880907801,8.76,2,2,444,2138,20,1,0,1,1,466342.4
Borrowdale,premium,-17.734153076311458,31.09495671667921,12.0,1,1,408,1827,23,1,1,0,1,429446.52
Avondale,upper-mid,-17.79101993377575,31.032398184276854,4.64,3,2,306,1481,4,0,1,1,1,374725.0
Vainona,upper-mid,-17.78192357231296,31.078555176003302,6.51,2,1,279,1114,17,0,1,0,1,298471.44
Ballantyne Park,premium,-17.76498006034716,31.074240659039383,7.97,3,2,263,1354,10,1,0,1,1,486079.0
Avondale,upper-mid,-17.7898184406201,31.029281735269755,4.87,4,4,231,1109,24,0,1,0,1,315721.54
Greendale,upper-mid,-17.79592485011177,31.135115095573862,10.31,3,3,299,2091,6,0,0,1,1,441446.63
Hatfield,middle,-17.8728683180699,31.09063989877654,6.71,2,2,263,602,12,0,1,1,1,154193.09
Glen View,township,-17.926842256071932,30.97791463462078,12.81,1,1,80,537,18,0,0,0,0,30774.95
Belvedere,middle,-17.853458519866663,31.02615203921548,3.2,5,4,69,356,12,0,0,0,1,199109.93
Mt Pleasant,premium,-17.78174028679436,31.021533579880952,6.01,8,6,586,3532,25,1,1,1,1,840448.05
Vainona,upper-mid,-17.778964247779278,31.080129600186183,6.88,8,6,264,990,17,0,1,1,1,646254.49
Glen View,township,-17.930112746728085,30.968951291205645,13.65,6,5,40,214,8,0,0,0,1,62503.81
Glen Lorne,premium,-17.751696611904098,31.184943440514875,17.24,2,1,300,1858,14,1,0,0,1,413347.46
Greendale,upper-mid,-17.788817223213144,31.13386220256836,10.51,4,4,308,1625,6,0,1,1,1,425186.35
Kambuzuma,township,-17.864153902555817,30.954447621212335,10.27,1,1,110,647,23,0,1,0,1,34123.82
Kambuzuma,township,-17.85659308306608,30.962855611603906,9.15,1,1,119,467,25,0,0,0,1,30805.91
Greendale,upper-mid,-17.787563859235977,31.135996872556507,10.78,2,1,236,670,19,0,0,0,1,305121.75
Belvedere,middle,-17.846532771511562,31.016702473837395,3.46,2,1,174,1058,11,0,0,1,1,146522.13
Avondale,upper-mid,-17.787615906804277,31.02659299606929,5.2,1,1,237,1325,0,0,1,1,1,267562.19
Hatfield,middle,-17.868634391712266,31.09026590449855,6.36,3,2,147,466,18,0,1,1,1,130537.4
Borrowdale,premium,-17.74221428174213,31.097930542991236,11.35,3,3,394,2342,0,1,0,1,0,733294.66
Mt Pleasant,premium,-17.778855702126343,31.016157827624507,6.55,1,1,349,1153,37,1,1,1,1,376270.96
Avonlea,middle,-17.776884141036447,30.984250720409655,8.81,5,4,75,425,20,0,1,0,0,264403.71
Highlands,upper-mid,-17.796539517255773,31.06852195395031,4.57,2,1,231,971,29,1,1,0,1,319920.22
Belvedere,middle,-17.843021475594263,31.023745660272617,2.62,2,2,169,1362,13,0,1,0,1,193393.39
Greendale,upper-mid,-17.785969694861084,31.131176642356525,10.41,2,2,224,934,28,0,1,0,1,330305.19
Mufakose,township,-17.912994489957484,30.957140544599902,13.02,2,2,108,426,12,0,0,0,1,44716.08
Mabelreign,middle,-17.815878620869288,30.99953962297686,5.1,3,3,161,1036,43,0,0,1,1,113288.02
Marlborough,middle,-17.77789201314472,30.955886877580802,11.13,2,1,167,671,19,0,0,0,1,194109.36
Hatfield,middle,-17.87184747100295,31.095939860345123,7.05,5,4,133,638,27,0,1,0,1,189967.97
Vainona,upper-mid,-17.779661237651492,31.079310030028537,6.77,1,1,247,1304,9,0,1,1,1,328795.56
Marlborough,middle,-17.779789231003758,30.942464478318506,12.26,4,4,130,368,29,0,0,1,1,264298.51
Highlands,upper-mid,-17.781971147631605,31.06264995343378,5.76,2,2,353,1452,24,0,1,0,1,351179.26
Mufakose,township,-17.916937923792915,30.969124990644424,12.48,5,4,66,277,26,0,0,0,1,52517.47
Mabelreign,middle,-17.806282009628532,30.999907080809088,5.51,3,3,157,668,17,0,1,0,1,127288.12
Glen View,township,-17.933725074560627,30.973470674953333,13.7,2,2,80,466,26,0,0,0,0,35798.44
Mufakose,township,-17.916823387595866,30.96683413767915,12.63,2,2,97,595,8,0,0,0,1,51989.1
Kambuzuma,township,-17.860998347475345,30.961995020541607,9.4,1,1,110,372,17,0,0,0,0,28430.6
Highlands,upper-mid,-17.789817185984113,31.073358081674833,5.48,4,3,423,2088,21,1,0,1,1,480413.65
Kambuzuma,township,-17.857864407355464,30.945991272267804,10.9,3,3,124,834,23,0,0,0,0,37934.08
Avonlea,middle,-17.774146900285754,30.98938101367849,8.64,1,1,168,782,29,0,1,1,1,164402.52
Avondale,upper-mid,-17.79407045295823,31.037714629225675,4.18,1,1,258,647,0,0,1,1,0,293083.22
Marlborough,middle,-17.780332066392013,30.94029151583396,12.43,5,4,234,840,34,0,0,1,1,244806.94
Greendale,upper-mid,-17.79600239398942,31.131614588988533,9.96,1,1,318,1346,21,1,0,0,1,305253.28
Vainona,upper-mid,-17.784755584705252,31.068832786222192,5.73,1,1,225,1059,0,0,0,1,1,359567.1
Highlands,upper-mid,-17.79220213144952,31.069797209672647,5.05,3,2,275,1647,30,0,1,1,1,378900.53
Glen Lorne,premium,-17.73944878966428,31.17936951150372,17.49,1,1,284,1930,18,1,1,1,1,447796.17
Marlborough,middle,-17.78101454207666,30.947411994769965,11.73,4,3,254,1385,17,0,0,1,1,258121.71
Mufakose,township,-17.912592458340235,30.96679176003736,12.28,7,6,100,590,0,0,0,0,1,82405.57
Avonlea,middle,-17.78024707069246,31.004003464344894,7.12,2,2,161,1101,6,0,1,1,1,233763.31
Marlborough,middle,-17.77162913898491,30.94782192675215,12.22,4,4,153,900,36,0,0,1,1,270975.16
Avondale,upper-mid,-17.7872095977157,31.026911360435275,5.23,2,1,228,1108,18,0,1,1,1,277589.69
Avondale,upper-mid,-17.79163540987312,31.033831691569482,4.53,2,2,237,827,35,1,0,0,1,248107.56
Highlands,upper-mid,-17.786318402103102,31.06689640311237,5.48,2,2,342,2533,18,0,0,1,1,394482.69
Mabelreign,middle,-17.8114175896162,30.998694538414103,5.36,4,3,220,858,12,0,1,0,1,154820.86
Highlands,upper-mid,-17.794591741620756,31.06514072274478,4.58,5,4,215,1191,6,0,1,1,1,523419.26
Hatfield,middle,-17.867060811298515,31.094351673884272,6.59,5,5,209,1347,30,0,1,0,1,182221.35
Hatfield,middle,-17.872179408386543,31.08457157540942,6.21,4,3,166,634,10,0,1,0,1,143108.6
Avonlea,middle,-17.77468982759456,30.988093717792474,8.69,1,1,230,1595,24,0,1,0,1,181154.73
Mufakose,township,-17.90780496247717,30.956181632015845,12.7,4,3,99,579,12,0,0,0,0,58531.7
Vainona,upper-mid,-17.780720290080257,31.078050944720683,6.6,2,2,333,1589,30,0,1,1,1,349877.27
Mufakose,township,-17.907663636494295,30.968864690919947,11.73,3,3,114,900,0,0,0,0,1,64009.15
Hatfield,middle,-17.868375720554326,31.098603051210088,7.03,6,5,213,1502,4,0,1,0,1,234463.78
Mabelreign,middle,-17.806236560120233,30.997671550825125,5.72,1,1,243,1633,8,1,0,1,1,135027.64
Belvedere,middle,-17.850120484158005,31.015671882604487,3.76,5,4,111,268,22,0,0,1,1,201761.55
Mabelreign,middle,-17.806198955945533,30.999113692450347,5.59,4,3,191,1180,29,0,1,0,1,145379.54
Budiriro,township,-17.942669680902526,30.937510215235104,16.84,2,1,40,250,10,0,0,0,1,37351.51
Avondale,upper-mid,-17.78470255706639,31.02701344970516,5.49,1,1,368,1732,23,0,1,0,1,279503.42
Mabelreign,middle,-17.810720193758957,30.996363584120818,5.62,6,6,113,550,17,0,0,0,1,182136.49
Hatfield,middle,-17.874408020958526,31.085577715987515,6.46,3,3,230,1072,33,0,0,0,1,133789.89
Avondale,upper-mid,-17.78943522595013,31.02403673774192,5.13,4,4,316,1331,34,1,0,1,1,360045.54
Kambuzuma,township,-17.85927755792783,30.958989582778162,9.63,1,1,98,200,11,0,0,0,1,39216.1
Greendale,upper-mid,-17.7822355812431,31.13051118837427,10.55,3,2,245,1511,32,0,0,0,1,290673.42
Avonlea,middle,-17.77081097224762,30.98983218692286,8.88,2,1,219,1127,9,0,1,1,1,234394.9
Mt Pleasant,premium,-17.77966543568266,31.011133154788713,6.74,5,5,416,1914,13,0,1,1,1,506853.38
Highlands,upper-mid,-17.797428451525988,31.063208935879995,4.2,6,5,210,907,4,0,1,1,1,584184.35
Mabelreign,middle,-17.809093252410573,31.002017891423115,5.16,3,3,40,200,22,0,1,0,1,114714.04
Greendale,upper-mid,-17.795303266308515,31.12839351919927,9.68,2,2,202,1575,24,0,1,0,1,305472.13
Greendale,upper-mid,-17.78873657742266,31.127647576567465,9.93,5,5,325,1881,20,1,1,0,1,444152.64
Highlands,upper-mid,-17.79385727971951,31.069287019260976,4.87,4,3,337,1259,10,0,1,0,1,450533.14
Marlborough,middle,-17.78091350111499,30.947972810955953,11.68,3,3,211,888,17,0,0,0,1,243973.08
Mabelreign,middle,-17.812491240853316,30.993125938405317,5.86,5,4,136,1024,26,0,0,0,1,141388.05
Glen View,township,-17.93144578349177,30.970044604517447,13.7,6,6,110,495,35,0,0,0,0,52473.14
Glen Lorne,premium,-17.746328499806417,31.18476318130714,17.54,6,6,450,2012,0,0,1,0,1,770716.81
Avonlea,middle,-17.768826597841535,30.989570901702372,9.07,4,4,99,749,30,0,1,0,0,206957.97
Avondale,upper-mid,-17.788038704491655,31.03170346633692,4.98,3,3,254,1416,22,0,0,0,1,337133.64
Avonlea,middle,-17.767002831009027,30.99075905948424,9.14,6,5,231,966,22,0,0,0,1,283077.89
Avondale,upper-mid,-17.78810053714889,31.0325706504404,4.95,2,2,259,1578,12,1,0,1,1,307649.93
Greendale,upper-mid,-17.78746019919343,31.137713491383632,10.94,4,4,193,1241,37,0,1,0,0,341572.94
Avondale,upper-mid,-17.792168417424257,31.03560089320025,4.43,3,3,307,1381,22,0,1,0,1,345147.22
Avonlea,middle,-17.775876362756655,30.99526824550944,8.08,1,1,260,629,0,0,0,0,1,197815.65
Marlborough,middle,-17.778200577324345,30.94939834215616,11.7,2,2,190,1107,22,0,1,1,0,260346.2
Avondale,upper-mid,-17.78614771879279,31.032259240613026,5.17,3,2,358,2204,0,0,1,1,1,374718.04
Mabelreign,middle,-17.811986090496205,31.010672972743333,4.2,3,2,163,754,25,0,0,0,1,122023.69
Hatfield,middle,-17.87326033234693,31.082673503864406,6.16,4,4,128,714,18,0,0,1,1,172696.6
Vainona,upper-mid,-17.774203009710114,31.08091622989281,7.37,1,1,194,1416,22,0,1,0,1,328183.71
Mabelreign,middle,-17.813449694416587,31.004798414017706,4.68,5,5,242,1286,8,0,1,0,1,194618.16
Mabelreign,middle,-17.81085889776766,30.989209001396937,6.32,3,2,184,1420,22,0,1,1,0,139375.69
Ballantyne Park,premium,-17.767782294260876,31.078036344771377,7.85,4,3,408,2470,29,1,0,0,1,457283.53
Avonlea,middle,-17.76749424737012,30.98956916471785,9.18,1,1,196,941,17,0,1,0,1,193229.71
Vainona,upper-mid,-17.78114067514573,31.08837885573701,7.2,2,2,339,1439,35,0,0,1,1,285059.97
Hatfield,middle,-17.869452583792036,31.096160466282548,6.9,8,6,235,1552,18,0,1,0,1,242905.38
Highlands,upper-mid,-17.785848664802096,31.067914462940195,5.58,3,2,382,2336,0,0,1,0,1,498219.67
Belvedere,middle,-17.85045045558022,31.011176667537267,4.18,5,4,146,879,48,0,1,0,1,178106.28
Highlands,upper-mid,-17.789998092348398,31.06628119326775,5.09,2,1,206,903,25,1,1,1,1,335690.07
Marlborough,middle,-17.783930481656082,30.94776867542372,11.55,3,2,171,1148,36,0,0,0,1,193380.48
Kambuzuma,township,-17.85659937211235,30.956053415025064,9.84,3,2,84,630,19,0,0,0,1,44843.84
Greendale,upper-mid,-17.78188362951718,31.137626632965315,11.22,2,1,244,816,19,0,0,0,1,289952.88
Mufakose,township,-17.913466329334092,30.96045625949229,12.81,2,2,99,377,0,0,0,0,1,52364.85
Budiriro,township,-17.94386775185658,30.93365310023034,17.21,3,3,87,262,10,0,0,0,0,36844.47
Mufakose,township,-17.90438442505467,30.964085045494446,11.83,6,6,107,398,36,0,0,0,0,58432.22
Ballantyne Park,premium,-17.75965481074628,31.068217489342732,8.31,2,1,420,2154,28,0,0,1,1,323321.55
Mabelreign,middle,-17.80979375769485,31.00031967755762,5.29,7,6,220,986,27,0,0,0,1,168353.3
Borrowdale,premium,-17.738222008757546,31.110365067816126,12.42,1,1,333,1829,12,1,1,1,1,600063.38
Greendale,upper-mid,-17.785482682545243,31.13337750610475,10.64,2,2,248,898,13,0,1,1,1,324840.16
Mufakose,township,-17.909690471782955,30.96207489568323,12.39,3,3,91,502,21,0,0,0,1,42037.49
Belvedere,middle,-17.84795383303401,31.014359164395447,3.75,1,1,248,1092,30,0,0,0,1,151407.1
Marlborough,middle,-17.78670117947994,30.943987347803397,11.77,6,6,232,1543,31,0,1,0,1,307792.38
Greendale,upper-mid,-17.787542114222692,31.1299500807493,10.21,2,2,145,887,27,0,1,0,1,259577.99
Mabelreign,middle,-17.810331175378565,31.00283251120717,5.02,3,3,187,986,15,0,0,0,0,149711.53
Hatfield,middle,-17.864706196834614,31.082196296843456,5.44,5,4,137,820,5,0,1,0,1,206992.11
Avondale,upper-mid,-17.79654242543524,31.0318089227058,4.08,1,1,175,797,9,0,0,0,1,257022.17
Glen View,township,-17.928904440130722,30.96966338648845,13.49,6,5,97,276,8,0,1,0,0,64293.53
Highlands,upper-mid,-17.7913173575238,31.06550988579009,4.92,7,6,307,1970,0,0,1,0,1,577197.72
Ballantyne Park,premium,-17.751103717782456,31.079492178340896,9.61,2,1,392,2424,11,1,1,1,1,538022.14
Belvedere,middle,-17.848645107551523,31.0193739106763,3.35,5,4,169,843,14,0,1,0,1,195561.25
Budiriro,township,-17.929427252348162,30.93534717379478,15.95,2,1,90,677,32,0,0,0,1,30168.02
Highlands,upper-mid,-17.790733219263,31.065687310487224,4.98,3,2,244,1866,7,1,1,1,1,463984.46
Highlands,upper-mid,-17.79937952865596,31.059885310969864,3.85,4,3,267,965,13,0,1,0,1,448891.79
Mt Pleasant,premium,-17.779116824742786,31.022799481175383,6.23,4,4,340,2435,9,1,1,0,1,619960.65
Mufakose,township,-17.908829221661076,30.96027811766188,12.46,3,2,82,379,38,0,0,0,1,42795.05
Highlands,upper-mid,-17.79573135236152,31.07328579809018,4.93,4,3,229,1255,22,0,1,0,1,398496.34
Marlborough,middle,-17.77471015303749,30.953989938962554,11.49,3,3,120,549,32,0,1,0,1,192451.94
Budiriro,township,-17.933556092729752,30.946797056269173,15.43,1,1,106,253,10,0,0,0,1,30514.48
Borrowdale,premium,-17.737629592410496,31.09974350196617,11.89,4,4,341,2082,21,1,1,0,1,650507.41
Marlborough,middle,-17.77820879302668,30.942286833667072,12.36,4,3,200,915,22,0,0,0,1,232182.88
Marlborough,middle,-17.778197111848055,30.948983061874134,11.74,3,3,101,675,32,0,1,0,0,194176.46
Mabelreign,middle,-17.812848596940245,30.99784516270217,5.38,6,6,201,984,24,0,0,0,1,171250.62
Greendale,upper-mid,-17.79134537092125,31.13628832907857,10.62,2,2,235,895,11,0,1,0,1,323613.72
Greendale,upper-mid,-17.788470331934732,31.132991390714757,10.45,2,1,259,1348,20,0,1,0,1,338978.43
Ballantyne Park,premium,-17.76269712412112,31.0741522442765,8.2,3,2,324,1093,17,1,1,0,1,410190.86
Hatfield,middle,-17.87586891366853,31.082297645394217,6.36,4,4,227,1455,27,0,1,0,0,151580.43
Mabelreign,middle,-17.802799355177413,30.99586269926665,6.07,1,1,96,610,30,0,1,0,1,88449.64
Mt Pleasant,premium,-17.773961687953886,31.02557583603876,6.67,2,2,248,1833,32,0,0,0,1,343533.87
Greendale,upper-mid,-17.791513937087476,31.13420610837369,10.41,1,1,233,937,6,0,0,0,0,318301.05
Glen View,township,-17.926604908038165,30.97512742835078,12.95,2,2,101,703,4,0,0,0,1,49177.37
Borrowdale,premium,-17.74604231017794,31.100148627213894,11.11,4,3,247,1028,35,1,1,1,1,706084.52
Vainona,upper-mid,-17.78111039949491,31.07991992230294,6.67,3,3,231,951,0,1,0,0,1,373298.88
Marlborough,middle,-17.786258008432046,30.95319579843762,10.92,2,1,236,1238,31,0,0,1,1,198375.95
Vainona,upper-mid,-17.778561148017438,31.08444342773842,7.17,3,3,204,1193,20,0,1,1,1,324228.68
Vainona,upper-mid,-17.780867463814808,31.075301581926084,6.43,7,6,243,1302,17,0,1,0,1,538014.83
Avondale,upper-mid,-17.795930249506945,31.029317583256216,4.24,3,2,248,1515,38,0,1,0,1,269437.73
Ballantyne Park,premium,-17.758012566207114,31.085462308021842,9.18,1,1,360,2434,18,1,1,1,1,401057.93
Marlborough,middle,-17.775447271616677,30.95210207091916,11.61,1,1,193,502,19,0,1,1,0,201614.62
Belvedere,middle,-17.852413678349716,31.02043696040419,3.53,5,5,90,408,46,0,1,0,1,155340.98
Avonlea,middle,-17.77304833857216,30.988351085758854,8.8,3,3,184,1415,8,0,1,0,1,223788.01
Glen Lorne,premium,-17.742948149236096,31.166665408649607,16.18,3,2,448,2787,17,1,1,1,1,632108.67
Mabelreign,middle,-17.811421725181084,31.00260706412486,4.99,4,3,141,952,16,0,0,0,1,151745.55
Ballantyne Park,premium,-17.762067838004246,31.081086075005633,8.56,2,2,355,1718,27,1,1,1,1,465276.24
Hatfield,middle,-17.87587972931676,31.08198390597731,6.34,1,1,222,998,32,0,1,0,1,117233.88
Greendale,upper-mid,-17.78437961442587,31.122254352815602,9.68,2,1,240,1775,23,1,1,1,1,330569.52
Mabelreign,middle,-17.811816347936173,30.998722386844904,5.34,3,3,192,1011,37,0,0,1,1,132498.57
Highlands,upper-mid,-17.78941229462644,31.067245475654463,5.19,5,4,367,1593,37,0,1,1,1,557096.94
Ballantyne Park,premium,-17.75999257131052,31.085748265624986,9.0,6,6,399,2257,20,1,0,0,1,658449.25
Marlborough,middle,-17.785810615734476,30.951757764597268,11.08,1,1,137,843,7,0,0,0,1,171913.48
Borrowdale,premium,-17.740026144112043,31.10697551536443,12.06,1,1,389,2175,39,1,1,0,1,434532.23
Highlands,upper-mid,-17.78977454754692,31.081175906831476,5.97,2,2,367,1776,14,0,1,0,1,385419.44
Hatfield,middle,-17.872184559047508,31.09194702709809,6.76,4,4,121,725,19,0,0,0,1,136796.33
Mabelreign,middle,-17.812121973685688,30.994524212120723,5.74,3,2,183,697,20,0,0,1,1,140044.27
Glen Lorne,premium,-17.746224908219588,31.17851242980757,16.99,3,3,333,2381,33,0,1,1,1,509834.57
Mufakose,township,-17.905462102299026,30.964075296080896,11.91,1,1,74,243,19,0,0,0,1,39679.15
Mabelreign,middle,-17.810367631802333,30.998732833508477,5.41,4,3,157,852,8,0,0,1,1,157077.1
Mufakose,township,-17.91521330232164,30.962057331780276,12.83,1,1,77,467,38,0,0,0,1,31748.03
Belvedere,middle,-17.852088916332548,31.01719258047026,3.76,7,6,146,795,39,0,1,0,1,214096.53
Belvedere,middle,-17.847668562275643,31.021482807491292,3.1,4,3,226,1255,22,0,0,1,1,180304.11
Marlborough,middle,-17.78112101286355,30.954775669757204,11.05,4,4,200,1280,26,0,1,0,1,257300.64
Belvedere,middle,-17.845876634039687,31.024205274451717,2.75,4,3,205,1319,32,0,0,1,1,210844.28
Glen View,township,-17.933909232868686,30.966450829949938,14.14,2,1,80,310,21,0,0,0,0,37800.35
Mt Pleasant,premium,-17.78638055027463,31.021145131855565,5.57,4,3,289,1472,9,1,1,1,1,522496.12
Vainona,upper-mid,-17.78702801468149,31.0775126044333,5.98,5,5,225,1104,6,0,1,1,1,551987.08
Glen Lorne,premium,-17.741433305567355,31.18192763290142,17.59,2,2,364,2033,15,0,1,1,1,587275.7
Kambuzuma,township,-17.86014970929416,30.96166026694056,9.4,1,1,109,521,17,0,0,0,1,34657.58
Avondale,upper-mid,-17.794799299240314,31.03553831131751,4.15,1,1,212,820,17,0,0,1,1,256046.05
Belvedere,middle,-17.857739821320397,31.027168560551615,3.52,3,3,169,1270,0,0,0,0,1,167930.03
Mabelreign,middle,-17.807712023213707,30.992880831094492,6.09,4,3,107,200,16,0,0,1,0,124606.53
Budiriro,township,-17.933944075030443,30.9380193733873,16.1,1,1,40,215,19,0,0,0,0,28753.45
Ballantyne Park,premium,-17.765466226451718,31.080938730267153,8.22,2,1,291,927,22,1,1,0,1,358241.98
Mabelreign,middle,-17.803062426366893,30.997266439650076,5.93,5,4,136,651,38,0,0,0,1,125636.32
Mufakose,township,-17.908471561991018,30.963326244036587,12.2,4,4,92,606,5,0,0,0,1,52890.1
Glen Lorne,premium,-17.742502090409015,31.176372612598524,17.04,3,2,403,1884,29,0,1,1,1,511617.92
Hatfield,middle,-17.872095372432344,31.086562574782423,6.34,4,3,257,1171,29,0,0,0,1,159863.32
Greendale,upper-mid,-17.79505097087716,31.13666325706153,10.49,5,4,257,1879,26,1,1,0,1,438168.81
Belvedere,middle,-17.855001808891146,31.02258611707376,3.57,5,4,195,979,25,0,0,1,0,228155.23
Marlborough,middle,-17.782437228345145,30.943997708970937,11.98,2,1,196,200,16,0,0,0,1,211536.33
Highlands,upper-mid,-17.79424658377946,31.06757781469253,4.73,3,3,253,1530,22,0,1,0,1,471806.4
Mt Pleasant,premium,-17.78198992399653,31.026934759397136,5.78,3,3,478,2966,24,0,1,1,1,551680.03
Mt Pleasant,premium,-17.77861048314663,31.01946796809179,6.42,1,1,435,1763,32,0,0,1,0,352703.71
Mt Pleasant,premium,-17.79286612648211,31.01591143798093,5.24,6,5,375,2032,22,1,1,1,1,654543.86
Belvedere,middle,-17.849783118980316,31.022420468563684,3.17,3,2,189,1307,28,0,0,1,1,172398.7
Greendale,upper-mid,-17.788853786047298,31.128874394160835,10.04,4,4,225,1169,23,0,0,0,1,403029.88
Highlands,upper-mid,-17.790432078797295,31.060813347926185,4.81,7,6,311,1740,23,0,1,1,1,584045.5
Belvedere,middle,-17.850729618146488,31.01865323830467,3.55,3,3,172,837,31,0,0,0,1,153247.04
Belvedere,middle,-17.84886081621658,31.028261445622856,2.66,7,6,153,895,12,0,1,0,1,252059.69
Marlborough,middle,-17.78216718928293,30.959532974762034,10.55,2,2,166,427,48,0,0,1,1,180338.46
Kambuzuma,township,-17.861323508107745,30.954682908735677,10.14,2,1,107,583,14,0,0,0,0,35452.59
Greendale,upper-mid,-17.787606045555176,31.13065541651868,10.27,3,3,211,1320,18,0,1,0,1,366453.78
Mabelreign,middle,-17.812600371606322,31.005411424155195,4.66,3,3,124,454,29,0,1,1,1,108930.57
Glen Lorne,premium,-17.747115608370958,31.18121628138457,17.18,6,6,438,2090,19,0,1,0,1,758983.38
Hatfield,middle,-17.87549593596434,31.08809512482145,6.73,4,3,174,600,3,0,1,1,1,179403.43
Budiriro,township,-17.938727942283,30.934790131449436,16.72,2,2,55,200,25,0,0,0,0,29080.9
Mabelreign,middle,-17.808080215405287,30.99480098480773,5.89,8,6,160,247,46,0,1,0,1,173803.51
Avonlea,middle,-17.77280900361051,30.994347674322356,8.4,3,3,265,1429,28,0,1,0,1,240963.26
Avonlea,middle,-17.76596679841292,30.99220311687877,9.14,2,1,168,873,17,0,1,0,1,185262.57
Greendale,upper-mid,-17.78763522185909,31.12745945152378,9.97,8,6,226,1257,3,0,0,1,1,568217.11
Belvedere,middle,-17.84936249378496,31.024417700681475,2.99,3,3,201,1112,18,0,0,0,1,160577.61
Hatfield,middle,-17.87007732752021,31.09449852996721,6.81,1,1,153,550,25,0,0,0,1,86433.62
Budiriro,township,-17.943932598912323,30.946254352714973,16.34,1,1,94,643,31,0,0,0,1,26744.21
Marlborough,middle,-17.780213873916654,30.94657178318331,11.85,5,5,176,837,10,0,0,1,1,279257.46
Glen Lorne,premium,-17.744271155963663,31.173933741515906,16.71,5,5,356,1111,24,1,1,1,1,632439.05
Avonlea,middle,-17.77425399554347,30.99923940359093,7.96,3,3,198,1526,20,0,1,1,1,245934.74
Mt Pleasant,premium,-17.77667825333493,31.0245189707352,6.42,2,2,487,2742,35,0,1,0,1,420532.69
Highlands,upper-mid,-17.79436959304314,31.062204171298404,4.46,1,1,183,1193,21,0,1,0,1,316921.86
Vainona,upper-mid,-17.775191675373737,31.069792308789904,6.74,3,3,245,1687,26,0,1,1,1,418625.12
Hatfield,middle,-17.86888548796434,31.090734767672977,6.42,3,2,262,933,24,0,1,0,1,141947.93
Ballantyne Park,premium,-17.76440800805438,31.083264623193127,8.44,5,5,507,4205,27,0,1,1,1,589469.64
Ballantyne Park,premium,-17.75658102260019,31.080419280089064,9.09,3,2,328,2726,10,0,1,1,1,431155.63
Borrowdale,premium,-17.73951531005211,31.108128719494065,12.17,3,2,279,1308,3,0,0,0,1,640351.13
Mufakose,township,-17.916366253183245,30.96228224965795,12.91,3,3,40,286,34,0,1,0,1,38081.47
Belvedere,middle,-17.852597440554145,31.014071540051482,4.06,4,3,218,729,15,0,1,0,1,202284.49
Borrowdale,premium,-17.73720536327846,31.093898953350177,11.64,2,1,307,1260,20,1,1,1,1,547068.02
Borrowdale,premium,-17.740715436077725,31.096114428801155,11.41,4,3,382,3093,24,0,1,1,1,710695.38
Marlborough,middle,-17.78808009522939,30.951563324455623,10.98,2,1,138,964,10,0,0,0,1,192679.02
Vainona,upper-mid,-17.780430663507776,31.074576365054373,6.44,2,1,230,945,24,1,1,0,1,314280.66
Avonlea,middle,-17.772282633020914,30.99059686296133,8.71,5,5,151,879,10,0,1,0,1,294265.42
Avondale,upper-mid,-17.786123023251097,31.03197236160578,5.18,3,3,166,795,15,0,1,1,1,335549.53
Glen View,township,-17.93570789801414,30.969144384064347,14.14,4,3,59,200,19,0,0,0,0,36641.95
Vainona,upper-mid,-17.78282895584648,31.079605614612287,6.49,1,1,288,1543,20,1,1,0,1,363193.25
Belvedere,middle,-17.859960716296467,31.019151693672082,4.23,4,3,246,1375,12,0,0,0,1,216532.37
Glen Lorne,premium,-17.747970485913644,31.174173349205514,16.5,4,4,280,1483,27,0,1,0,1,583978.21
Kambuzuma,township,-17.862388773427764,30.96357425525581,9.3,3,2,100,483,18,0,0,1,1,45201.99
Budiriro,township,-17.937706557502512,30.933706345265158,16.72,3,3,101,275,14,0,1,0,0,43432.05
Hatfield,middle,-17.86904580505084,31.09064127328368,6.42,3,3,214,1035,0,0,1,0,1,172968.79
Avondale,upper-mid,-17.79625959042518,31.03013441820368,4.17,5,4,245,1606,11,1,1,1,1,433172.16
Highlands,upper-mid,-17.793432674319686,31.085675236496993,6.0,6,6,170,1008,44,0,1,0,1,449071.3
Mabelreign,middle,-17.812205825815084,30.98886153134092,6.3,3,2,169,776,4,0,0,0,1,118972.29
Hatfield,middle,-17.864932084919122,31.089296064253265,6.02,2,2,165,551,21,0,1,0,1,129669.96
Highlands,upper-mid,-17.78846075324168,31.065794197551742,5.22,3,2,318,1027,32,0,1,1,1,379376.32
Avondale,upper-mid,-17.78659999912798,31.027263290778944,5.28,1,1,305,1630,15,1,0,0,1,225848.06
Avondale,upper-mid,-17.787016755635683,31.034720447180035,5.01,6,6,129,659,4,0,0,0,1,417330.38
Mabelreign,middle,-17.816062923864905,30.99008617266367,6.05,1,1,157,636,28,0,1,1,1,91322.76
Belvedere,middle,-17.84675441987887,31.02557011707069,2.7,8,6,219,1054,32,0,0,0,1,252295.19
Belvedere,middle,-17.845654618177157,31.018158459796823,3.28,3,2,163,336,15,0,1,1,1,167747.46
Belvedere,middle,-17.850552350739537,31.016033739628078,3.76,2,2,91,580,25,0,0,0,0,137982.61
Vainona,upper-mid,-17.78436512959187,31.082096300504283,6.5,1,1,204,1176,34,0,1,1,1,226391.22
Greendale,upper-mid,-17.791135466904922,31.12960378088599,9.99,2,1,179,634,19,0,1,0,1,281924.51
Borrowdale,premium,-17.742287293360896,31.09909767343361,11.41,5,4,288,1078,28,0,0,1,1,666452.42
Mabelreign,middle,-17.80823913144996,30.996351804199445,5.74,2,2,131,920,3,1,0,0,1,143672.56
Avondale,upper-mid,-17.78738365383701,31.02398944665616,5.34,4,4,139,897,7,0,1,1,1,366661.79
Avondale,upper-mid,-17.787834343263274,31.03223256459384,4.99,4,4,245,1005,17,0,1,1,1,324572.81
Highlands,upper-mid,-17.787537639585242,31.075869991256138,5.83,3,2,183,1176,0,0,1,0,1,461274.48
Highlands,upper-mid,-17.793263214472116,31.07049301742161,4.99,1,1,289,1753,8,0,1,1,1,373803.92
Avonlea,middle,-17.770317935960662,30.992743964369794,8.73,1,1,278,1746,3,0,0,0,0,213005.71
Highlands,upper-mid,-17.789521204432653,31.07177465595565,5.41,3,2,245,1005,61,1,1,0,1,325870.65
Glen Lorne,premium,-17.74493777856282,31.176786839559288,16.92,3,3,357,2312,17,1,1,0,1,624342.25
Hatfield,middle,-17.868316300082036,31.086795269987256,6.07,3,3,186,660,19,0,1,1,1,134279.55
Greendale,upper-mid,-17.78933560913116,31.1301271288623,10.13,4,3,136,515,36,0,0,0,1,318015.4
Greendale,upper-mid,-17.790495875599568,31.1109499053428,8.31,1,1,207,1094,32,0,1,0,1,276169.17
Avondale,upper-mid,-17.788690509818036,31.02859262306978,5.02,2,2,240,826,20,0,0,0,1,262492.23
Mabelreign,middle,-17.810538278461873,30.99116024124409,6.14,2,1,90,400,4,0,0,0,1,108649.38
Vainona,upper-mid,-17.779052016519692,31.081951487232203,6.98,1,1,138,532,25,0,0,0,1,276708.37
Hatfield,middle,-17.869809115642227,31.09044236969192,6.46,1,1,203,848,24,0,1,0,1,127716.43
Kambuzuma,township,-17.854760636232317,30.964208094713687,8.95,2,2,117,520,20,0,0,0,0,40661.68
Belvedere,middle,-17.852337902648383,31.01360183425643,4.08,1,1,210,1319,18,0,1,1,1,169402.29
Avondale,upper-mid,-17.78909934983987,31.02713734517864,5.03,4,4,246,984,35,1,0,1,1,338061.5
Hatfield,middle,-17.87210385200708,31.0851405401263,6.24,3,3,161,851,17,0,0,0,0,149915.94
Avondale,upper-mid,-17.787018338625124,31.031484157805135,5.1,2,1,263,1246,1,0,1,1,1,277246.86
Greendale,upper-mid,-17.792664545046524,31.127136738302504,9.68,1,1,269,1097,9,0,1,0,1,310271.04
Marlborough,middle,-17.779093481527013,30.94810619311117,11.77,5,4,195,759,14,0,0,0,1,302781.61
Vainona,upper-mid,-17.7747869391302,31.082084920040803,7.38,3,3,201,1273,4,0,1,0,1,420494.6
Mt Pleasant,premium,-17.784259514018224,31.016652844838113,6.0,3,2,360,2778,12,1,0,0,1,466966.74
Avondale,upper-mid,-17.7916450142111,31.027643814076313,4.75,1,1,326,1595,0,1,1,0,1,348498.46
Mt Pleasant,premium,-17.78079675947368,31.02307670797027,6.05,1,1,315,1964,26,1,1,1,1,386503.04
Greendale,upper-mid,-17.79122153804044,31.141096045626398,11.09,6,6,266,1122,11,1,1,0,1,559125.0
Marlborough,middle,-17.77173053817783,30.947094844678187,12.28,3,3,196,777,29,0,0,0,1,217026.77
Kambuzuma,township,-17.861168657682327,30.9576186956315,9.84,1,1,70,384,13,0,0,0,1,32200.5
Borrowdale,premium,-17.73688866890529,31.092830718275707,11.63,6,5,490,2549,19,1,1,1,1,874583.18
Avonlea,middle,-17.767284618215417,31.00337710578398,8.34,4,3,146,747,21,0,1,0,1,242488.11
Avondale,upper-mid,-17.792170001409406,31.02621595835657,4.75,4,4,228,1418,39,1,1,0,1,323149.91
Borrowdale,premium,-17.742579363575725,31.10486535595384,11.7,4,3,442,3055,27,1,1,1,1,741934.32
Highlands,upper-mid,-17.784079180138253,31.073896285980144,6.05,3,2,200,751,15,0,1,0,1,388204.13
Mt Pleasant,premium,-17.781186580236312,31.019907761534572,6.14,3,2,397,1809,29,0,1,1,1,421600.91
Highlands,upper-mid,-17.796145812063045,31.066346978993234,4.49,4,4,372,1539,18,0,1,0,0,509383.28
Vainona,upper-mid,-17.782779560707084,31.07573674387326,6.27,4,4,210,1511,1,1,1,0,1,427365.84
Greendale,upper-mid,-17.797840287537863,31.131413071732027,9.86,5,4,241,1127,12,0,0,0,1,399586.09
Marlborough,middle,-17.776057904322908,30.947390079479156,12.0,3,2,246,1130,15,0,1,0,1,247967.62
Borrowdale,premium,-17.738222803294164,31.093950782266237,11.55,4,4,407,2532,20,1,1,1,1,851311.48
Ballantyne Park,premium,-17.762212203400964,31.08101177997348,8.55,5,4,511,2580,28,0,1,1,1,572017.91
Glen Lorne,premium,-17.74996915929935,31.17792505986047,16.71,3,3,411,1202,31,1,1,0,1,545303.31
Marlborough,middle,-17.78054919872165,30.953946716015572,11.15,2,2,204,936,19,0,0,1,1,189225.13
Vainona,upper-mid,-17.780961871958894,31.07734590747116,6.53,2,1,283,1581,18,0,1,0,1,308481.31
Marlborough,middle,-17.772180032362527,30.95044539171779,11.96,5,5,122,567,29,0,1,1,1,304595.51
Highlands,upper-mid,-17.792482619883373,31.06658134373656,4.85,1,1,241,924,34,1,1,0,1,331544.79
Borrowdale,premium,-17.740698569291183,31.096483479275616,11.43,4,4,214,1695,0,1,1,0,1,795707.53
Kambuzuma,township,-17.857113000372472,30.969982286767532,8.45,2,2,111,855,10,0,0,0,0,39605.12
Mt Pleasant,premium,-17.77998751895126,31.016978334278665,6.4,4,3,348,1705,0,1,1,1,0,542455.93
Mt Pleasant,premium,-17.780937936105467,31.02833867764548,5.84,3,2,277,1765,35,0,1,0,1,422298.2
Ballantyne Park,premium,-17.761098179611867,31.08481794887936,8.84,3,3,384,1866,17,1,1,1,1,505093.15
Budiriro,township,-17.937895789241583,30.940262671841275,16.25,1,1,86,257,22,0,0,0,0,28060.25
Avonlea,middle,-17.768278608485065,30.98966639710857,9.11,2,2,151,654,23,0,0,1,1,219756.98
Avonlea,middle,-17.766328031039933,30.976055348130828,10.25,4,4,145,749,15,0,1,0,1,274432.35
Budiriro,township,-17.93948098974714,30.93344397600867,16.88,1,1,82,515,44,0,0,0,0,23828.5
Glen Lorne,premium,-17.74342935736877,31.178894938930984,17.2,2,1,400,1911,16,1,1,1,1,542881.14
Budiriro,township,-17.936646094201375,30.939314087289052,16.22,3,2,97,467,24,0,0,0,1,33929.85
Highlands,upper-mid,-17.790442827003528,31.07260015236084,5.37,2,2,257,1230,3,1,0,1,1,401669.99
Avonlea,middle,-17.766621230902075,30.994588423983846,8.93,3,3,209,1107,13,0,1,0,1,243357.74
Avondale,upper-mid,-17.78854145074797,31.023277334274248,5.25,2,2,289,1559,15,1,0,1,1,329899.21
Greendale,upper-mid,-17.79221603136686,31.126403809207407,9.64,3,3,287,1249,25,0,1,1,0,316846.89
Kambuzuma,township,-17.863123425983556,30.960191837912564,9.66,3,3,74,335,9,0,0,0,1,48723.84
Ballantyne Park,premium,-17.76007333809751,31.086420242825927,9.02,4,4,377,1771,10,1,1,1,1,495858.42
Budiriro,township,-17.929771636333083,30.933235514373745,16.14,1,1,90,613,16,0,0,0,0,30700.24
Greendale,upper-mid,-17.782206136507973,31.12584026843915,10.13,6,5,218,1014,18,1,1,1,1,527939.45
Belvedere,middle,-17.85131724117654,31.028412489498855,2.86,4,3,125,776,28,0,1,0,1,190863.58
Budiriro,township,-17.943456626611447,30.940267167074534,16.71,1,1,76,300,2,0,0,0,1,32747.72
Glen Lorne,premium,-17.740147506086327,31.178145588536957,17.34,2,2,423,2569,35,1,1,1,1,484300.63
Glen View,township,-17.92944116358304,30.972509034634445,13.37,3,2,60,231,10,0,0,0,1,46270.83
Avonlea,middle,-17.769971780121523,30.98868442514576,9.03,1,1,213,1288,28,0,1,0,1,181291.79
Belvedere,middle,-17.852727836615163,31.01240030029926,4.21,2,1,149,699,6,0,0,0,1,162011.02
Ballantyne Park,premium,-17.75939256462081,31.075244383649164,8.58,4,4,344,1428,11,0,0,0,1,571976.35
Marlborough,middle,-17.779208031248817,30.950832057156347,11.51,2,1,204,1794,35,0,0,0,1,173044.07
Belvedere,middle,-17.85280541228135,31.02274185428565,3.38,4,4,150,845,30,0,1,0,1,202075.11
Avondale,upper-mid,-17.793693014689982,31.031103212751756,4.4,3,2,200,937,34,0,1,0,1,231247.85
Ballantyne Park,premium,-17.762289745696748,31.08512596461603,8.74,3,2,362,1711,9,1,1,1,1,469685.79
Highlands,upper-mid,-17.797200642020385,31.072428506038115,4.75,4,4,216,952,35,0,0,0,1,402193.96
Mufakose,township,-17.910656547668122,30.94855818728028,13.51,1,1,63,374,27,0,0,0,1,37043.17
Borrowdale,premium,-17.742123270804296,31.10147438081356,11.55,3,2,427,2147,21,1,1,0,1,639247.56
Hatfield,middle,-17.868904053699044,31.091031836250043,6.44,5,4,147,469,24,1,1,0,1,176387.35
Budiriro,township,-17.942667706894035,30.93472259020296,17.04,3,3,70,395,32,0,1,0,0,35468.66
Borrowdale,premium,-17.743398184107203,31.1048694831559,11.62,4,4,322,1390,27,0,0,1,1,531591.31
Ballantyne Park,premium,-17.76205996318961,31.08539364087507,8.78,1,1,181,1052,35,1,1,1,1,379854.1
Belvedere,middle,-17.85117071982171,31.025674686327577,3.04,4,4,153,574,14,0,0,0,1,222894.06
Glen Lorne,premium,-17.745109514348297,31.180513908603356,17.24,3,2,480,1770,41,1,1,1,1,600031.63
Avonlea,middle,-17.773795297759897,30.994842308806625,8.29,3,2,157,679,20,0,0,0,1,184444.83
Belvedere,middle,-17.850874719914657,31.01371047693173,3.98,5,5,98,296,31,0,1,0,1,190204.45
Avonlea,middle,-17.776841803856183,30.983466883782295,8.87,4,4,236,1239,30,0,1,0,1,264767.53
Greendale,upper-mid,-17.782032378693177,31.13382896353242,10.87,2,1,217,1471,11,1,1,0,1,320470.76
Belvedere,middle,-17.853689583097506,31.023506200728967,3.4,2,2,147,635,0,0,0,1,1,180962.03
Avonlea,middle,-17.76749055579248,30.985789695365906,9.44,3,2,236,1237,28,0,1,0,1,223321.68
Highlands,upper-mid,-17.79026006774552,31.074249499948838,5.49,5,4,244,1590,27,0,1,0,1,448749.21
Avonlea,middle,-17.771411956817293,30.98607381020319,9.1,3,2,206,1188,27,0,0,0,0,173093.66
Mufakose,township,-17.914081032518556,30.953876292168765,13.35,5,4,109,528,35,0,0,0,0,44813.3
Belvedere,middle,-17.84281596319609,31.01990087853957,2.96,3,2,171,1006,43,0,1,0,1,136884.19
Avondale,upper-mid,-17.7879494089342,31.024953199309735,5.24,4,3,263,1580,12,0,0,1,1,366873.74
Vainona,upper-mid,-17.78013202272913,31.074485732560483,6.46,4,4,143,535,7,1,0,0,1,364035.3
Glen Lorne,premium,-17.73930524050277,31.18092666643742,17.64,4,4,304,1830,13,0,0,1,1,615014.42
Highlands,upper-mid,-17.790937907840338,31.059152248729035,4.7,3,3,293,1898,25,0,0,0,1,322060.02
Borrowdale,premium,-17.739378605499667,31.1071529945991,12.13,4,3,424,2569,20,1,1,1,1,776048.18
Budiriro,township,-17.93916213355294,30.947749972779416,15.83,7,6,60,306,25,0,0,0,1,51827.53
Highlands,upper-mid,-17.791825899523218,31.068729168815832,5.03,2,2,266,1229,43,0,1,0,1,302330.14
Mabelreign,middle,-17.811127816210675,31.00178189963549,5.08,3,2,145,686,24,1,1,0,1,136178.3
Ballantyne Park,premium,-17.762669447236014,31.074589005723194,8.22,5,4,296,811,4,1,1,1,1,519398.98
Vainona,upper-mid,-17.773904668694467,31.076675519634836,7.18,3,2,240,730,27,0,1,0,1,291524.99
Avondale,upper-mid,-17.795174850937432,31.032942746865146,4.18,7,6,275,1711,15,0,1,1,1,453263.05
Vainona,upper-mid,-17.78398467002564,31.07574568306067,6.16,1,1,325,1320,5,1,1,0,1,363015.32
Mabelreign,middle,-17.806363668969887,31.00630261894905,4.93,3,2,150,714,26,0,0,0,0,117205.04
Kambuzuma,township,-17.85520401700602,30.960881710205552,9.3,1,1,94,329,35,0,0,0,1,27193.42
Mufakose,township,-17.915869637398277,30.95623352908551,13.32,3,3,40,254,32,0,0,0,0,38475.9
Ballantyne Park,premium,-17.764190028786423,31.0779157820051,8.21,4,4,397,1898,19,1,1,1,1,551694.63
Hatfield,middle,-17.869525347924984,31.0903854883931,6.44,4,3,122,980,21,0,0,0,1,127977.82
Ballantyne Park,premium,-17.764440524663804,31.082719372577543,8.41,4,4,381,1115,17,1,1,0,1,526823.21
Glen View,township,-17.927229548449702,30.973706456805182,13.09,1,1,139,459,16,0,0,0,0,29190.16
Marlborough,middle,-17.781966402492536,30.946632834047634,11.75,4,4,207,748,21,0,0,0,1,258417.64
Vainona,upper-mid,-17.788676104226,31.07657397757395,5.77,6,6,311,517,18,0,0,1,1,434588.46
Ballantyne Park,premium,-17.766008735202497,31.086565815727337,8.46,5,4,512,2659,38,0,1,0,1,466594.82
Borrowdale,premium,-17.738380624230178,31.100733291674025,11.87,4,4,387,1969,40,1,1,1,1,677553.13
Highlands,upper-mid,-17.79038550435248,31.063348789962916,4.92,7,6,378,1863,44,0,1,0,1,572272.42
Glen View,township,-17.925905304111808,30.96718427985138,13.39,4,3,40,219,34,0,0,0,1,39383.07
Mabelreign,middle,-17.806723573302076,30.997949253654767,5.67,4,3,212,1196,2,0,1,0,1,158573.67
Budiriro,township,-17.940986682244795,30.944873826527264,16.18,3,2,74,200,26,0,0,0,1,34546.61
Mt Pleasant,premium,-17.775577727290845,31.02424685986994,6.54,2,1,220,631,30,1,1,1,1,373771.36
Avonlea,middle,-17.770354444890167,30.985122946699903,9.26,5,5,273,1371,2,0,1,0,1,331562.58
Highlands,upper-mid,-17.788173771409966,31.068196182443604,5.36,2,2,287,1350,5,0,1,0,1,372170.22
Marlborough,middle,-17.78369559055508,30.95492547548064,10.89,2,2,165,520,3,0,0,0,0,219695.08
Vainona,upper-mid,-17.785219310554798,31.078581470289677,6.21,1,1,352,1489,25,0,1,0,1,315684.55
Vainona,upper-mid,-17.78019381243825,31.076871837418256,6.58,3,2,196,1141,14,0,1,1,1,399164.76
Avonlea,middle,-17.7767974017202,30.985210368600484,8.74,2,1,166,797,7,0,0,0,1,196123.4
Ballantyne Park,premium,-17.753298334603848,31.078154127831855,9.33,2,2,686,4220,34,1,1,0,1,569895.6
Avondale,upper-mid,-17.790398626146473,31.022344717655198,5.11,1,1,323,1023,29,0,0,0,1,228846.38
Belvedere,middle,-17.850738936761307,31.02372490724219,3.14,2,2,205,1034,7,0,0,0,1,185583.06
Mt Pleasant,premium,-17.78082825786748,31.020690841363677,6.14,5,4,339,2359,20,0,0,1,1,503110.15
Kambuzuma,township,-17.858685675613227,30.96451917319773,9.06,2,1,50,200,15,0,0,0,1,32314.65
Marlborough,middle,-17.785500503257175,30.944512108952612,11.78,2,2,126,590,14,0,0,0,0,178673.91
Mabelreign,middle,-17.809901237800077,30.997433986859903,5.56,5,5,239,1234,0,0,0,1,1,175633.3
Belvedere,middle,-17.85759285041519,31.021627041949774,3.86,2,1,233,1291,20,0,0,0,1,152328.25
Hatfield,middle,-17.86243611186944,31.092487441660666,6.12,4,3,146,624,22,0,1,0,1,169791.39
Hatfield,middle,-17.879574233508688,31.08997344905394,7.2,3,3,214,616,5,0,1,0,1,176176.82
Mufakose,township,-17.908405917953182,30.966806176516997,11.94,3,2,99,769,12,0,0,0,1,56603.41
Avonlea,middle,-17.771311712016377,30.98789733795942,8.98,1,1,83,291,22,0,0,0,1,157941.22
Vainona,upper-mid,-17.781758187457825,31.08273230084755,6.78,5,5,289,2081,23,1,1,1,1,497498.57
Mt Pleasant,premium,-17.776145071611555,31.029402951646627,6.32,4,3,384,1625,18,1,1,1,1,486332.29
Avonlea,middle,-17.76382210418484,30.99493603631434,9.16,2,1,145,321,36,0,0,0,1,153590.08
Glen Lorne,premium,-17.74783066814003,31.173179697022583,16.42,1,1,533,2692,32,1,1,1,1,527587.86
Highlands,upper-mid,-17.788493655900826,31.069120486641374,5.37,5,4,184,913,24,0,1,0,1,454275.27
Glen Lorne,premium,-17.74596261575292,31.178220139870973,16.98,2,1,345,1347,50,1,0,1,1,361875.79
Marlborough,middle,-17.771868805897245,30.94630028850891,12.35,3,2,222,1091,19,0,0,1,1,198099.49
Ballantyne Park,premium,-17.760884247255447,31.074650588981736,8.4,2,2,349,1476,38,0,1,1,1,377382.74
Avonlea,middle,-17.77234395901268,30.986021303612855,9.03,1,1,152,727,22,0,1,1,1,199180.02
Mabelreign,middle,-17.811792954092628,30.99685752436468,5.53,1,1,200,648,9,0,1,1,1,114481.55
Mabelreign,middle,-17.808223587972556,30.99895971706464,5.49,5,4,184,852,18,0,1,1,1,179439.77
Vainona,upper-mid,-17.772056489793183,31.07923894146088,7.49,2,1,127,607,14,0,1,0,0,289772.46
Marlborough,middle,-17.783887322732845,30.94755943701624,11.57,3,3,302,1079,11,0,1,1,0,260359.35
Avonlea,middle,-17.774917244943033,30.986410727564536,8.8,5,5,123,788,13,0,0,0,1,231150.01
Avondale,upper-mid,-17.79013380546304,31.03157102211332,4.76,4,3,289,1011,31,1,1,0,1,307839.29
Belvedere,middle,-17.85061834040678,31.025560686537215,3.0,1,1,265,840,40,0,0,0,1,119198.58
Highlands,upper-mid,-17.792748300738452,31.0772518025541,5.45,4,4,211,1212,2,0,0,0,1,440912.37
Budiriro,township,-17.93338326481676,30.931932006910923,16.52,2,1,117,325,10,0,0,0,0,32524.23
Mt Pleasant,premium,-17.790660795285852,31.01981353519053,5.22,2,1,427,1956,16,0,1,1,1,456148.88
Mabelreign,middle,-17.806277617677175,30.99420998659014,6.04,5,5,251,200,2,0,0,1,1,203336.35
Avonlea,middle,-17.765394075960316,30.985396324396543,9.65,1,1,199,528,19,0,1,1,1,196021.26
Highlands,upper-mid,-17.794154120876055,31.074503122843716,5.15,3,3,203,1140,59,0,0,1,1,269010.08
Hatfield,middle,-17.87043466116541,31.092382664893687,6.66,1,1,108,458,31,0,1,1,1,106433.82
Glen Lorne,premium,-17.748763397146927,31.17861168349555,16.84,2,2,301,1482,27,0,0,0,1,454052.62
Hatfield,middle,-17.86533340855689,31.09381474389334,6.42,2,2,173,1245,15,0,1,0,1,144135.38
Avonlea,middle,-17.772416819190788,30.9773167434676,9.68,2,1,145,887,6,0,0,0,1,187026.99
Mt Pleasant,premium,-17.777611294104556,31.022469324873875,6.4,5,5,340,1846,13,1,1,1,1,566378.31
Glen Lorne,premium,-17.744511951462943,31.176538668669494,16.92,2,2,364,3407,21,1,1,0,1,630526.32
Hatfield,middle,-17.871443043801264,31.097131228764816,7.12,2,1,143,264,41,0,1,0,1,104417.65
Vainona,upper-mid,-17.774722897167972,31.080981454054672,7.33,1,1,308,1343,8,0,1,1,1,321791.86
Mufakose,township,-17.911621974048387,30.955623386883076,13.03,3,2,88,415,13,0,0,0,1,47477.95
Hatfield,middle,-17.868449494466425,31.09440366682196,6.68,4,3,188,973,28,0,0,0,1,137834.64
Belvedere,middle,-17.855127270804534,31.018752405057732,3.86,3,2,224,885,14,0,1,1,1,182288.82
Vainona,upper-mid,-17.77985995682087,31.074784329813514,6.5,2,2,228,1146,11,0,1,0,1,321610.41
Hatfield,middle,-17.87141374642807,31.093088002040354,6.79,3,2,144,643,17,0,1,0,1,135454.38
Kambuzuma,township,-17.862726273497795,30.956059048612875,10.05,5,4,69,314,27,0,0,0,0,46034.86
Glen Lorne,premium,-17.74534213633365,31.180390744428628,17.21,4,3,221,957,33,1,1,0,0,551273.99
Vainona,upper-mid,-17.779236529768287,31.082924728948683,7.02,2,2,232,386,7,0,0,1,1,285222.9
Highlands,upper-mid,-17.786945416675245,31.067365669121234,5.44,6,5,205,826,14,0,1,1,1,541320.7
Greendale,upper-mid,-17.793009681073926,31.13583690782706,10.5,3,3,274,977,16,1,1,0,1,413314.14
Hatfield,middle,-17.870570861521934,31.08826710066536,6.35,5,5,171,1056,48,0,1,0,0,170555.58
Avondale,upper-mid,-17.78784997200448,31.028913412227805,5.09,3,2,295,1346,44,1,1,0,1,294789.11
Avonlea,middle,-17.766077348526967,30.987397994266463,9.45,2,1,210,767,37,0,0,0,0,142441.09
Vainona,upper-mid,-17.779170778307183,31.07869404053622,6.78,3,3,178,1366,15,1,1,1,1,347055.04
Mt Pleasant,premium,-17.77401074847482,31.021961954225116,6.79,1,1,350,2241,10,1,0,1,1,447142.31
Highlands,upper-mid,-17.790388183356058,31.063752398223734,4.93,1,1,203,1028,11,0,0,0,1,326910.9
Mufakose,township,-17.911260267650942,30.944388043219735,13.89,4,3,122,693,12,0,0,0,1,60303.68
Avonlea,middle,-17.773184780967057,30.986888770730232,8.9,5,5,103,311,19,0,0,0,1,215064.53
Greendale,upper-mid,-17.790499382262404,31.130891950460768,10.15,3,2,133,677,25,0,0,1,1,307450.44
Mabelreign,middle,-17.806220061607487,30.9936607362125,6.09,7,6,174,1336,32,1,1,0,0,183233.57
Glen Lorne,premium,-17.74785704758334,31.17909622777751,16.94,1,1,313,1934,18,1,1,1,1,450064.79
Highlands,upper-mid,-17.789809844887596,31.07241919248001,5.42,3,3,258,608,8,0,0,0,1,374039.46
Highlands,upper-mid,-17.79025429445286,31.074001633477366,5.47,7,6,174,697,0,0,1,0,1,498126.05
Budiriro,township,-17.949077346259788,30.934874647766417,17.56,8,6,80,527,47,0,0,0,1,50398.47
Belvedere,middle,-17.849758912899585,31.0219773331309,3.21,4,4,194,1480,1,0,0,0,1,206470.82
Avonlea,middle,-17.767407707648733,30.991518030797288,9.06,3,2,196,608,23,0,1,1,1,233137.03
Borrowdale,premium,-17.73479674370743,31.10550224185213,12.47,3,3,362,1867,32,0,1,1,1,615329.33
Ballantyne Park,premium,-17.764843647187462,31.084498545050344,8.46,2,2,531,1963,23,0,1,0,1,456220.31
Belvedere,middle,-17.850361938805882,31.020543685321762,3.37,1,1,175,411,17,0,0,0,1,130500.28
Greendale,upper-mid,-17.795587411408118,31.1307778307973,9.9,2,1,212,1131,44,1,1,1,1,319475.65
Glen View,township,-17.926574846361266,30.966438520817764,13.49,3,2,100,533,29,0,0,0,1,41200.75
Hatfield,middle,-17.87001289128775,31.078032899379288,5.57,5,5,171,755,23,0,0,0,1,172968.73
Avondale,upper-mid,-17.791871899173504,31.0287912458528,4.68,4,4,214,1170,24,0,1,0,0,319712.06
Hatfield,middle,-17.866037805908388,31.097202097943264,6.76,2,1,160,708,5,0,1,1,1,142957.81
Budiriro,township,-17.94121678570309,30.93119316955053,17.18,1,1,67,431,33,0,0,0,1,24346.14
Avondale,upper-mid,-17.78949304297352,31.033882272180577,4.76,2,1,165,856,44,0,0,1,1,199309.57
Belvedere,middle,-17.854239809795608,31.010784427032963,4.45,4,4,153,667,39,0,1,0,0,180144.62
Glen View,township,-17.933608762259805,30.975166517124734,13.59,2,1,108,200,30,0,0,0,0,31057.69
Highlands,upper-mid,-17.788359050970016,31.07597933838651,5.77,3,3,293,1721,29,1,1,1,1,388009.57
Mufakose,township,-17.90496566337651,30.957866290867777,12.36,1,1,84,485,6,0,0,0,1,40930.92
Glen Lorne,premium,-17.743233773095607,31.178963661748245,17.22,1,1,333,781,39,0,1,1,1,372774.9
Belvedere,middle,-17.85477861463703,31.01908987837585,3.81,4,3,165,799,16,0,1,0,1,191870.64
Mabelreign,middle,-17.808579301121885,31.00899976136758,4.55,4,4,202,1088,17,0,1,0,1,150037.61
Avonlea,middle,-17.770615922070203,30.985449915691635,9.21,6,5,255,1447,18,1,1,0,1,342075.47
Marlborough,middle,-17.77806716228079,30.95609125270937,11.1,3,2,87,404,7,0,0,0,1,204502.83
Avonlea,middle,-17.76999674252185,30.988678344336407,9.03,3,2,194,744,11,0,1,0,1,262630.17
Ballantyne Park,premium,-17.753572323460748,31.072425191087614,9.09,1,1,467,3542,15,0,1,1,1,402756.12
Highlands,upper-mid,-17.790362995491844,31.07094998943104,5.29,1,1,246,550,15,1,1,1,1,344207.32
Vainona,upper-mid,-17.782392570728636,31.07935794728712,6.51,5,4,201,996,11,1,1,0,1,496459.7
Avonlea,middle,-17.772173457022088,30.984148725120242,9.18,2,2,102,424,21,0,1,0,1,176086.29
Avondale,upper-mid,-17.78982692321949,31.036361703371494,4.67,4,3,260,769,19,0,0,1,1,311650.24
Highlands,upper-mid,-17.7869470058845,31.076506998424385,5.93,5,5,177,1290,12,0,1,0,1,501434.92
Mufakose,township,-17.90410897082314,30.957532815169994,12.32,1,1,77,424,3,0,0,0,0,37932.35
Greendale,upper-mid,-17.793325661370545,31.13176099922302,10.1,2,2,213,1161,18,0,1,1,1,353469.3
Avondale,upper-mid,-17.789405801548984,31.02827901186051,4.95,3,3,219,1065,13,1,1,1,1,353177.07
Greendale,upper-mid,-17.78979373635199,31.129430664039567,10.04,3,3,304,1623,5,0,1,0,1,379175.12
Ballantyne Park,premium,-17.763040328051208,31.07461280083331,8.18,4,4,348,1455,36,0,1,0,1,428530.35
Hatfield,middle,-17.87643186840791,31.086919403042003,6.72,3,2,181,752,21,0,0,0,1,127922.25
Avondale,upper-mid,-17.785935020155755,31.023830938004103,5.49,4,4,240,1280,15,0,0,1,1,320923.76
Borrowdale,premium,-17.736496724100135,31.096372875363947,11.83,5,5,416,1273,24,0,1,1,1,766801.64
Budiriro,township,-17.938468325153668,30.935275498804053,16.66,2,1,132,654,34,0,0,0,1,28980.82
Mabelreign,middle,-17.813933321947573,30.992228808261626,5.9,1,1,246,1503,24,0,1,0,1,119505.72
Hatfield,middle,-17.873552545535887,31.092156294486216,6.88,3,3,232,1263,11,0,1,0,1,188639.14
Mufakose,township,-17.913324353700247,30.959635631371295,12.86,3,2,79,255,5,0,0,0,1,52463.87
Glen View,township,-17.931856941068713,30.970683751561072,13.7,1,1,91,587,9,0,0,0,1,29859.28
Vainona,upper-mid,-17.782433907697396,31.081983291524452,6.67,4,4,171,1293,2,0,1,1,1,452791.68
Avonlea,middle,-17.77165030542277,30.98125171092285,9.44,2,1,120,364,34,0,0,0,1,148361.1
Avonlea,middle,-17.772246404885585,30.99137150727797,8.66,5,5,188,832,20,0,1,0,1,281285.52
Highlands,upper-mid,-17.783587514265978,31.073059688005195,6.05,5,5,140,826,16,1,1,0,1,435761.51
Highlands,upper-mid,-17.791735489652805,31.069698937941887,5.09,5,5,270,1866,38,0,1,0,1,468205.1
Mt Pleasant,premium,-17.78308249790673,31.016612664631857,6.12,3,2,393,1160,26,0,1,1,1,492481.51
Belvedere,middle,-17.848875091191573,31.022606541806322,3.09,1,1,206,751,0,0,1,0,0,147798.12
Mabelreign,middle,-17.815584549661924,30.992965578350915,5.77,3,2,217,893,7,0,1,0,1,154445.1
Hatfield,middle,-17.869388573192097,31.080270159698586,5.67,2,1,168,453,0,0,0,0,1,112333.47
Vainona,upper-mid,-17.77973507131013,31.07945806773406,6.77,4,4,181,1048,15,0,1,0,1,378762.54
Highlands,upper-mid,-17.79064914389536,31.06788780327651,5.1,1,1,254,718,30,0,0,0,1,276213.7
Avondale,upper-mid,-17.790360922027546,31.02408475009212,5.03,4,3,296,1479,18,0,1,1,1,327422.26
Marlborough,middle,-17.780417780702937,30.947936182056974,11.71,2,2,145,607,33,0,0,1,1,192371.79
Glen View,township,-17.93390136022444,30.9662915500289,14.15,2,2,78,200,31,0,0,0,1,33656.61
Mufakose,township,-17.90925482381338,30.958802138200653,12.61,4,4,87,346,26,0,0,0,0,50578.96
Glen View,township,-17.926671259675505,30.965062232239788,13.59,3,2,88,338,29,0,0,0,1,45538.58
Mabelreign,middle,-17.808435483423025,30.99999795081202,5.38,1,1,172,835,1,0,0,0,1,120361.95
Budiriro,township,-17.941600807140244,30.934375231805646,16.98,4,3,95,484,31,0,0,0,1,44327.08
Avondale,upper-mid,-17.7984335127995,31.03607225568724,3.74,3,2,252,936,28,0,1,1,1,292030.92
Borrowdale,premium,-17.73624076584671,31.085437277497274,11.37,1,1,291,1820,0,1,1,1,1,661636.12
Glen Lorne,premium,-17.745129669396043,31.17757911577204,16.98,1,1,310,2465,15,0,1,0,1,419201.44
Greendale,upper-mid,-17.78871972906635,31.127417692600464,9.91,1,1,298,2627,11,0,0,0,1,318249.63
Highlands,upper-mid,-17.786440331387574,31.064912101764026,5.38,3,2,364,1300,4,0,1,1,1,475274.58
Ballantyne Park,premium,-17.763292038043826,31.076035049692646,8.21,6,6,405,2738,9,1,1,0,1,589700.16
Kambuzuma,township,-17.857905175266836,30.962013255687253,9.28,2,2,97,636,3,0,0,0,1,44933.47
Highlands,upper-mid,-17.791095752630778,31.07426987589775,5.41,3,3,316,452,16,0,1,0,1,387018.21
Kambuzuma,township,-17.8600172612185,30.957530533273665,9.8,5,4,56,360,23,0,0,0,1,58774.4
Hatfield,middle,-17.874251002544487,31.0887297081582,6.67,1,1,117,415,0,0,0,0,1,106922.97
Belvedere,middle,-17.849729112175297,31.029433602826252,2.66,6,5,150,640,30,0,0,0,1,212158.58
Belvedere,middle,-17.85008064506695,31.01248268260842,4.04,2,2,147,203,18,0,0,1,1,136080.01
Vainona,upper-mid,-17.779060704748094,31.085191002952723,7.17,5,4,125,747,30,0,1,0,1,458937.6
Belvedere,middle,-17.852957151615428,31.01914187527235,3.67,1,1,134,304,9,0,0,0,1,135748.71
Ballantyne Park,premium,-17.759283770037232,31.078543239599377,8.73,2,2,535,2335,28,1,1,1,1,458829.37
Kambuzuma,township,-17.863116121718726,30.958412981028445,9.84,3,2,121,477,20,0,1,0,1,37877.67
Vainona,upper-mid,-17.77687800329601,31.07715213277526,6.91,3,2,312,2533,14,1,1,0,1,421508.91
Highlands,upper-mid,-17.790389472785,31.055374007155947,4.65,5,5,325,1812,28,1,1,0,1,486813.46
Hatfield,middle,-17.868272395583567,31.086251572247196,6.02,6,6,127,785,18,0,1,0,1,211163.95
Belvedere,middle,-17.853859198102832,31.025134105071004,3.3,5,4,205,1197,0,0,0,0,1,228073.82
Avondale,upper-mid,-17.784136985795755,31.03180976182415,5.39,2,1,431,2679,33,0,0,0,1,305047.74
Avonlea,middle,-17.7749221064523,30.99310059566491,8.31,3,2,126,516,9,0,1,0,1,214301.25
Ballantyne Park,premium,-17.765317053482843,31.08291276993553,8.33,5,4,359,1357,21,0,1,1,1,494047.57
Belvedere,middle,-17.845847846902714,31.022895685761707,2.86,6,5,76,576,2,0,0,1,1,243425.3
Vainona,upper-mid,-17.78245661897529,31.08144380334823,6.63,1,1,375,1068,21,0,0,0,1,267168.08
Vainona,upper-mid,-17.78437259558215,31.077422138093333,6.22,3,3,278,1181,24,0,1,1,1,412091.58
Ballantyne Park,premium,-17.765713606953696,31.086206420552468,8.47,1,1,277,704,20,0,0,1,1,264383.39
Vainona,upper-mid,-17.781401766643246,31.090226950182835,7.3,5,5,190,693,25,0,1,0,1,453324.43
Vainona,upper-mid,-17.780216429301078,31.0852818845698,7.08,1,1,279,1175,32,1,1,0,1,328140.43
Avondale,upper-mid,-17.792155056377037,31.02248730688417,4.93,1,1,243,1489,12,1,1,1,1,305710.93
Ballantyne Park,premium,-17.761082647105393,31.0784572520743,8.54,3,2,459,1631,7,1,1,0,0,558900.45
Ballantyne Park,premium,-17.763177069184394,31.078772354954122,8.35,3,3,399,3289,21,0,1,1,1,421884.24
Marlborough,middle,-17.781440028082297,30.947435072710533,11.71,1,1,61,321,35,0,1,0,1,149821.45
Mt Pleasant,premium,-17.77963999935603,31.02217764590577,6.2,4,3,400,1557,19,0,1,0,1,574557.91
Belvedere,middle,-17.846486602100505,31.020670562459568,3.1,5,4,158,696,26,0,1,0,1,215125.86
Kambuzuma,township,-17.856596705390864,30.960875802351453,9.35,1,1,65,315,14,0,0,0,1,33129.24
Avondale,upper-mid,-17.790721652844876,31.031421431057367,4.7,6,6,378,2115,2,1,0,0,0,428371.65
Glen View,township,-17.925314097583957,30.969681544625836,13.17,3,2,79,415,24,0,0,0,0,41027.38
Mt Pleasant,premium,-17.78579526636346,31.01258369707334,6.09,3,2,449,3035,21,0,1,0,1,490288.98
Borrowdale,premium,-17.733161125082304,31.103733044514577,12.53,3,2,384,1239,14,1,1,1,1,697982.85
Hatfield,middle,-17.87147236218226,31.098001241409168,7.19,5,4,227,873,20,0,0,0,1,169094.18
Hatfield,middle,-17.861023776411585,31.100289478288424,6.74,4,4,159,474,25,0,1,0,1,160070.0
Mabelreign,middle,-17.80887486514597,30.991758020056785,6.15,4,3,187,833,3,0,1,1,1,179620.84
Glen Lorne,premium,-17.743462039573743,31.166743607991393,16.15,3,2,369,2263,19,0,1,1,1,524422.85
Hatfield,middle,-17.87467481574407,31.083273737870012,6.32,7,6,198,1164,9,0,0,0,1,235331.28
Greendale,upper-mid,-17.79160280907548,31.121388182730605,9.2,5,5,271,1088,24,0,1,0,1,425715.71
Vainona,upper-mid,-17.784117699541707,31.08096679528265,6.46,3,2,270,1244,3,0,0,1,1,409089.36
Ballantyne Park,premium,-17.76970133123414,31.081866370657025,7.85,6,6,262,1155,5,1,1,1,1,556107.76
Budiriro,township,-17.943296684962945,30.94926802988249,16.08,1,1,86,314,0,0,0,0,1,32026.67
Glen Lorne,premium,-17.745220140160214,31.179155518444567,17.11,5,5,310,1647,16,1,1,1,1,697532.99
Mabelreign,middle,-17.807409660648304,31.002801822900803,5.18,3,2,154,548,24,0,1,0,1,121561.29
Belvedere,middle,-17.853176437156343,31.017963461509055,3.78,5,4,159,1098,21,0,1,1,1,232938.27
Hatfield,middle,-17.868045753644843,31.08778091290522,6.12,3,2,216,1176,16,0,1,1,1,165746.77
Hatfield,middle,-17.865178628768593,31.101329165117257,7.07,4,4,200,1035,40,0,0,1,0,150421.44
Mufakose,township,-17.907299398912773,30.96280777648082,12.15,5,4,93,605,13,0,0,0,1,54577.66
Ballantyne Park,premium,-17.76024516212674,31.08394362218208,8.88,5,5,343,2083,26,1,1,1,1,572407.64
Borrowdale,premium,-17.747890780357128,31.099510394560536,10.9,6,5,201,882,14,0,1,1,1,694755.46
Avonlea,middle,-17.769437888581948,30.995973323830558,8.59,1,1,229,1429,33,0,1,0,0,169706.7
Greendale,upper-mid,-17.79243169136121,31.13169626219672,10.13,3,2,277,1452,14,1,1,0,1,420136.15
Mt Pleasant,premium,-17.78380867513372,31.01859633470008,5.95,1,1,304,1699,12,0,1,1,1,345923.84
Ballantyne Park,premium,-17.756592211262475,31.083246823843663,9.21,1,1,356,1802,18,0,1,1,1,385908.47
Vainona,upper-mid,-17.778557741481077,31.08439001536336,7.17,1,1,305,2002,22,0,0,0,1,303891.85
Glen Lorne,premium,-17.749788626889163,31.178549221196878,16.78,3,2,415,1657,30,1,1,0,1,595129.78
Glen Lorne,premium,-17.742850730996555,31.185257076471217,17.79,1,1,336,1930,9,1,1,1,1,489432.34
Glen View,township,-17.92728790209898,30.967694680695136,13.47,1,1,76,487,6,0,0,0,1,42747.46
Vainona,upper-mid,-17.77919349993318,31.0855451388676,7.18,4,4,222,591,31,1,1,0,1,447561.12
Budiriro,township,-17.935492789201728,30.941766399220576,15.95,1,1,129,571,12,0,0,0,1,31435.07
Budiriro,township,-17.937168220383914,30.938159834252012,16.35,1,1,128,872,18,0,0,0,0,33715.69
Mt Pleasant,premium,-17.782717711662915,31.01985219466479,5.99,3,2,317,344,22,1,0,0,1,387998.4
Hatfield,middle,-17.869965138653622,31.093078712174886,6.68,1,1,237,417,33,0,1,0,1,104140.8
Avonlea,middle,-17.768112571428365,30.990900131614236,9.04,3,2,191,903,5,0,1,0,1,242672.28
Belvedere,middle,-17.856277282285525,31.016202765838283,4.15,7,6,261,1027,21,0,1,0,0,231505.31
Glen Lorne,premium,-17.746692160468946,31.178522093445828,16.96,3,3,386,1146,25,0,1,0,1,553677.33
Ballantyne Park,premium,-17.759724312795154,31.09048920416237,9.27,5,5,404,3088,9,1,1,1,1,579336.6
Glen Lorne,premium,-17.753100472927272,31.185955302292903,17.26,1,1,364,2098,23,1,1,1,1,491302.34
Avonlea,middle,-17.764446306591218,30.99057868683501,9.38,1,1,176,961,38,0,1,0,0,136134.76
Budiriro,township,-17.940287541940055,30.944912492883766,16.12,4,4,70,441,33,0,0,0,1,42677.99
Belvedere,middle,-17.85178109754433,31.020286791100755,3.49,5,4,227,1090,23,0,1,0,1,231907.05
Hatfield,middle,-17.87437444540668,31.08587689521496,6.48,1,1,157,602,14,0,0,1,1,118743.92
Budiriro,township,-17.93915805645043,30.939333474974806,16.42,3,3,83,421,20,0,0,0,0,32122.82
Belvedere,middle,-17.850102336271064,31.020947335546193,3.32,2,2,229,1420,14,0,0,0,1,161910.59
Borrowdale,premium,-17.743988672608488,31.111020511300232,11.94,7,6,305,1229,12,0,1,0,1,690261.9
Mufakose,township,-17.912774066540845,30.95174727308721,13.42,6,6,58,321,10,0,0,0,1,77485.81
Greendale,upper-mid,-17.78852401462548,31.131134581746842,10.27,5,4,302,2735,14,0,1,0,1,452886.6
Borrowdale,premium,-17.741802149325572,31.09471934704012,11.23,2,1,402,2003,31,0,1,1,1,546873.11
Marlborough,middle,-17.782815613038473,30.954969321050648,10.93,5,5,205,1435,26,0,0,0,1,297769.08
Kambuzuma,township,-17.857805250924528,30.956476541786213,9.83,3,2,110,416,6,0,0,0,1,44491.55
Highlands,upper-mid,-17.789628439907275,31.06830443909219,5.22,4,4,201,284,22,0,1,0,1,383036.93
Marlborough,middle,-17.779002275717108,30.941973106267366,12.35,1,1,158,743,15,0,0,0,1,142876.84
Ballantyne Park,premium,-17.757457031697204,31.075353655337057,8.79,4,4,377,1246,4,0,0,0,1,541929.25
Glen Lorne,premium,-17.74673894358961,31.18743869946611,17.75,4,3,470,3354,17,1,1,1,1,738532.2
Glen Lorne,premium,-17.74424886241745,31.18229227104615,17.45,3,2,381,651,7,1,1,1,1,663912.83
Hatfield,middle,-17.876121532541333,31.087973387735925,6.77,2,2,112,509,0,0,1,0,1,123296.51
Mufakose,township,-17.911465252130448,30.963153885879738,12.45,5,4,63,437,7,0,0,0,1,61547.76
Mt Pleasant,premium,-17.779855060487254,31.017382852984344,6.39,4,4,512,1772,0,1,1,1,1,680087.43
Vainona,upper-mid,-17.780577582801342,31.080147375800003,6.73,6,5,231,1320,15,0,1,0,1,446950.87
Ballantyne Park,premium,-17.758414364755087,31.08108172213865,8.93,1,1,444,3662,7,1,1,1,1,462753.27
Borrowdale,premium,-17.741906414883235,31.106808981274966,11.87,3,2,410,1956,4,1,1,1,1,674261.25
Marlborough,middle,-17.777297129718608,30.94877131247074,11.81,2,1,218,1341,24,0,0,0,1,166953.92
Belvedere,middle,-17.847668403517417,31.014294096093263,3.74,4,3,162,996,25,0,1,0,1,167420.46
Belvedere,middle,-17.851129118024467,31.02237203970203,3.28,5,4,122,716,22,0,1,1,1,219868.19
Greendale,upper-mid,-17.791579495879198,31.132033640404984,10.2,4,4,212,1204,26,0,1,1,1,392774.28
Marlborough,middle,-17.781139529193066,30.951726441179925,11.32,3,3,173,897,14,0,0,0,1,252565.27
Glen Lorne,premium,-17.74493828384365,31.179083117639223,17.12,3,3,451,2077,31,1,1,1,1,577583.3
Ballantyne Park,premium,-17.757985999872492,31.07622002210757,8.77,8,6,288,626,18,1,1,1,1,609444.35
Kambuzuma,township,-17.861446878685925,30.96853431796756,8.77,1,1,72,200,14,0,0,0,1,33054.22
Hatfield,middle,-17.864451976668647,31.091592070013753,6.18,3,3,173,805,37,0,0,0,1,108790.62
Glen View,township,-17.93178368330033,30.96476481689633,14.06,3,2,60,271,25,0,0,0,0,35551.95
Glen View,township,-17.928534573116412,30.95639077054623,14.34,4,4,84,200,35,0,0,0,1,50404.39
Belvedere,middle,-17.85626470567671,31.0140285984001,4.32,2,1,251,1217,14,0,0,1,0,152486.41
Kambuzuma,township,-17.857361343231197,30.95747141799346,9.72,4,4,87,653,19,0,1,0,1,53669.37
Avondale,upper-mid,-17.78966524969189,31.03707018759258,4.67,1,1,262,1004,21,0,1,0,1,238863.89
Borrowdale,premium,-17.73885812869831,31.105226317306464,12.07,4,3,440,2490,10,0,1,1,1,750059.45
Glen Lorne,premium,-17.745822809161087,31.18595805593369,17.68,4,4,466,2346,27,1,1,1,1,635582.86
Mt Pleasant,premium,-17.779348361489568,31.022287890999866,6.23,1,1,469,2281,13,1,1,1,1,464768.84
Glen Lorne,premium,-17.73902265790489,31.17407175761197,17.07,1,1,466,1938,25,1,1,1,1,563732.17
Greendale,upper-mid,-17.787807795867916,31.114952435196024,8.83,6,5,259,1131,24,1,1,1,1,446782.95
Belvedere,middle,-17.84696540925896,31.027631386031285,2.56,6,5,170,928,8,0,0,0,0,207620.65
Mabelreign,middle,-17.812479521838256,31.008955961194125,4.34,6,5,127,567,11,0,1,1,1,189447.61
Avonlea,middle,-17.76377431689504,30.992189527203355,9.33,2,1,220,200,38,0,1,1,1,165812.99
Ballantyne Park,premium,-17.76177569362007,31.083776663844155,8.72,3,2,357,2354,24,1,1,1,1,503045.61
Hatfield,middle,-17.874191661170528,31.08909187690474,6.7,4,4,78,525,16,0,0,0,1,157399.12
Greendale,upper-mid,-17.78506459551038,31.136795364633386,10.98,1,1,180,1169,13,0,1,1,1,281427.28
Borrowdale,premium,-17.73763667911275,31.102399648136057,12.03,3,2,407,1809,10,1,1,0,1,780448.35
Vainona,upper-mid,-17.775077395391982,31.076263287530665,7.04,7,6,314,1621,2,0,1,0,1,626887.64
Vainona,upper-mid,-17.781897505655497,31.088485164352033,7.14,5,4,354,2371,24,0,1,0,1,495601.29
Vainona,upper-mid,-17.784661529422813,31.076180428318033,6.12,4,4,234,1255,35,1,1,0,1,458399.75
Mabelreign,middle,-17.813125218493834,30.998254496021552,5.33,4,4,152,630,32,0,1,0,1,126018.32
Hatfield,middle,-17.868349172276552,31.08941541373869,6.27,1,1,218,1137,7,0,0,0,1,123275.71
Belvedere,middle,-17.847199676738306,31.019847029913972,3.21,5,4,163,433,20,0,1,0,1,201162.94
Mt Pleasant,premium,-17.771915146338834,31.03034179609172,6.75,2,2,394,1753,5,1,0,1,1,471921.34
Mabelreign,middle,-17.806099132328725,31.00857182007026,4.75,3,2,197,200,0,1,0,0,1,173967.92
Belvedere,middle,-17.855667574305244,31.017073464505952,4.03,3,3,227,946,15,0,0,0,1,173555.57
Ballantyne Park,premium,-17.766366554942,31.08148851840982,8.16,1,1,354,2032,18,0,1,0,1,332247.17
Belvedere,middle,-17.84782867858735,31.013048695405672,3.87,4,4,171,729,15,0,0,0,1,173417.4
Avondale,upper-mid,-17.786930436962063,31.036839262081784,4.98,1,1,305,420,36,0,0,0,1,213679.37
Avondale,upper-mid,-17.78931166222413,31.03076999094884,4.87,4,3,192,794,64,0,1,1,1,241248.66
Mt Pleasant,premium,-17.779305587101646,31.01837999171874,6.4,5,4,385,1827,25,1,1,0,1,570690.19
Marlborough,middle,-17.776126462770186,30.94617565470703,12.11,6,6,137,415,32,0,0,0,1,293277.59
Mt Pleasant,premium,-17.775557221682465,31.020593371830977,6.68,3,2,264,1780,2,0,1,0,1,476111.81
Ballantyne Park,premium,-17.760464851326894,31.07617139377746,8.51,1,1,399,2191,27,0,1,0,1,367424.63
Mt Pleasant,premium,-17.77663153073678,31.02060249256705,6.57,4,3,369,1649,11,1,1,1,1,614702.39
Kambuzuma,township,-17.847766042150802,30.962537236784318,8.93,3,2,110,596,36,0,0,0,0,32223.76
Vainona,upper-mid,-17.778124432131374,31.084161648849207,7.19,4,4,396,1932,23,0,1,1,1,538039.27
Greendale,upper-mid,-17.78960363721386,31.134069664042496,10.49,1,1,190,879,34,0,1,1,0,256314.52
Vainona,upper-mid,-17.774831962033055,31.08785372173397,7.72,2,1,257,1604,19,0,0,0,1,282746.34
Glen View,township,-17.92390587867931,30.96090045158302,13.64,3,2,88,413,24,0,0,0,1,42788.69
Avonlea,middle,-17.769244884056643,30.987640399901746,9.17,4,3,129,883,22,0,0,0,1,202604.02
Glen View,township,-17.929371791961923,30.966239038531175,13.75,3,2,70,387,1,0,0,0,0,48302.65
Vainona,upper-mid,-17.773536027290625,31.08125815437456,7.45,2,2,326,1360,31,0,0,1,1,330469.78
Mt Pleasant,premium,-17.779130580369266,31.020293039196424,6.33,4,4,323,2267,41,0,0,1,1,508003.05
Marlborough,middle,-17.77819201535294,30.953063416993665,11.37,3,2,208,1041,17,0,0,1,1,236145.58
Greendale,upper-mid,-17.793108829699896,31.134000272361458,10.32,1,1,249,1427,26,1,1,0,1,303379.62
Mabelreign,middle,-17.80958079527157,30.990170053315452,6.27,4,3,184,1200,24,0,0,0,1,137228.17
Mufakose,township,-17.91417382389748,30.958168399214678,13.04,3,2,129,658,27,0,0,0,0,46494.43
Avondale,upper-mid,-17.796917030046885,31.030643619358756,4.08,3,2,258,1401,0,1,0,0,1,337393.57
Budiriro,township,-17.940342521753585,30.93280886049506,16.99,1,1,80,510,36,0,0,0,0,22441.37
Marlborough,middle,-17.778737166260957,30.948708443309133,11.73,3,3,199,1359,32,0,0,0,1,251687.51
Vainona,upper-mid,-17.787720075043964,31.072029180237248,5.6,1,1,240,1095,10,0,1,0,1,340044.87
Marlborough,middle,-17.78225142746283,30.947492909905115,11.66,2,1,102,459,43,0,1,1,1,168885.66
Borrowdale,premium,-17.741102839042956,31.108315942467414,12.04,1,1,288,1293,19,0,1,1,1,486735.8
Mabelreign,middle,-17.81049102747447,31.002812167914662,5.01,2,2,150,307,26,0,1,1,1,94892.48
Mt Pleasant,premium,-17.78402964763846,31.020689189290955,5.82,2,2,393,1902,39,1,1,0,1,392618.91
Vainona,upper-mid,-17.786533127063027,31.079175693577035,6.13,4,4,256,1564,21,0,1,0,1,412954.7
Avonlea,middle,-17.779192043134394,30.990354895183753,8.16,4,3,147,860,13,0,1,0,1,213211.84
Borrowdale,premium,-17.745996584569802,31.109442906019574,11.66,2,2,320,1112,11,1,1,1,1,570035.01
Glen Lorne,premium,-17.747038069844184,31.178673493484787,16.96,2,1,493,2333,32,0,0,1,1,378055.77
Belvedere,middle,-17.846563790278346,31.018104231158542,3.33,4,3,231,970,4,0,1,1,1,224155.57
Glen Lorne,premium,-17.74922294941384,31.185114283989314,17.4,3,2,312,1836,18,1,0,0,1,512521.41
Avondale,upper-mid,-17.79331632323216,31.031804949372138,4.42,1,1,235,1004,2,0,0,0,1,274216.18
Vainona,upper-mid,-17.780197758190262,31.074691326895767,6.46,2,2,216,1133,33,0,1,1,1,326882.8
Highlands,upper-mid,-17.7882543435721,31.077702553636442,5.88,5,4,337,1335,39,0,0,1,1,395982.28
Ballantyne Park,premium,-17.762939999077492,31.082674801514354,8.55,2,1,204,1358,15,1,1,0,1,374994.23
Hatfield,middle,-17.86425086800252,31.0904996218799,6.07,8,6,181,1045,5,0,0,0,1,214270.68
Kambuzuma,township,-17.85398503052958,30.954483354167458,9.92,4,3,73,537,16,0,0,0,1,44998.07
Mt Pleasant,premium,-17.77693504331127,31.021275017463132,6.52,4,4,256,1101,21,1,0,1,1,446185.47
Kambuzuma,township,-17.859653540626457,30.96342231303836,9.2,3,3,83,494,33,0,0,0,1,37591.61
Avonlea,middle,-17.766842797532902,30.987509385994464,9.38,1,1,131,505,16,0,1,0,0,186522.49
Belvedere,middle,-17.84130022693858,31.020230565752332,2.86,2,1,212,761,13,0,0,0,1,154446.35
Hatfield,middle,-17.868185272807366,31.091200017868605,6.4,4,3,135,720,38,0,1,0,1,125528.61
Belvedere,middle,-17.85943846341941,31.025913363307637,3.75,2,1,218,1215,16,0,1,0,1,165673.01
Mabelreign,middle,-17.805249494218753,30.996091118294196,5.92,1,1,170,804,23,0,0,0,1,94343.49
Avondale,upper-mid,-17.788281800674593,31.02701861785344,5.12,2,2,321,1557,16,1,1,1,1,334405.54
Marlborough,middle,-17.778405210223635,30.949818491143592,11.65,1,1,171,514,31,0,1,0,1,165365.85
Vainona,upper-mid,-17.783380711581383,31.071588268381475,6.0,1,1,223,1022,21,0,1,1,1,344647.24
Mt Pleasant,premium,-17.77426349241495,31.024698011284315,6.66,3,2,423,2567,12,0,1,0,1,512091.9
Belvedere,middle,-17.847697751155977,31.012939871231396,3.87,3,2,219,917,0,0,0,1,1,190647.63
Borrowdale,premium,-17.74141475204327,31.099444721801085,11.51,5,4,432,3204,10,1,1,1,1,829995.52
Vainona,upper-mid,-17.773347722820862,31.079460326848213,7.38,2,2,214,1290,13,1,0,0,1,349108.4
Glen Lorne,premium,-17.74584843218971,31.181631945530956,17.29,1,1,406,2114,6,1,1,1,1,565027.85
Ballantyne Park,premium,-17.758715648718226,31.077090269866797,8.73,2,2,277,1099,25,1,1,0,1,443152.23
Belvedere,middle,-17.851274202936604,31.01227194164512,4.13,1,1,189,494,14,0,0,0,1,143237.63
Avonlea,middle,-17.773067074964942,30.990322343086135,8.66,6,5,204,778,19,0,0,1,1,261664.28
Avondale,upper-mid,-17.796380201096948,31.027281635523856,4.28,1,1,139,968,9,0,0,1,1,271729.4
Glen Lorne,premium,-17.745012673881938,31.16952391367901,16.29,2,2,329,2773,24,1,1,0,1,448993.87
Avondale,upper-mid,-17.79392920923171,31.02691707656158,4.54,4,4,257,1862,13,0,1,1,1,405074.83
Greendale,upper-mid,-17.78518602571162,31.13144134642026,10.47,4,4,249,909,52,0,0,0,1,312016.39
Hatfield,middle,-17.873033347230127,31.084377739221882,6.26,2,2,190,1203,0,0,1,0,1,150498.52
Avonlea,middle,-17.775934892227436,30.98621497717256,8.73,2,2,137,562,23,0,0,1,1,199675.69
Marlborough,middle,-17.773362031358882,30.949007573206163,12.01,4,4,229,1023,4,0,1,0,1,323893.25
Avondale,upper-mid,-17.79173422901706,31.03039452489061,4.63,1,1,279,1733,30,0,1,0,1,220596.14
Budiriro,township,-17.93435671617318,30.942686508516264,15.79,4,3,94,521,13,0,0,0,0,32730.57
Hatfield,middle,-17.87028370521653,31.093020294942672,6.7,5,5,186,902,6,0,0,0,1,188950.67
Marlborough,middle,-17.782437068464276,30.947917152218057,11.61,4,3,150,236,6,0,1,0,1,308398.12
Avondale,upper-mid,-17.78536580391431,31.023875265305403,5.55,3,3,366,2230,14,0,0,0,1,328205.85
Borrowdale,premium,-17.739381829862662,31.102044302600813,11.84,2,1,492,2138,13,1,1,1,1,599485.42
Kambuzuma,township,-17.865752266579364,30.966127660604684,9.2,5,5,81,443,40,0,0,0,1,49613.06
Vainona,upper-mid,-17.777869046649986,31.07928239032694,6.93,5,4,290,1683,32,0,1,0,1,373220.65
Highlands,upper-mid,-17.789405743934555,31.066035497606443,5.13,4,4,255,1802,15,0,1,1,1,471145.91
Budiriro,township,-17.942863272023256,30.936660505621987,16.92,3,2,90,335,24,0,0,0,0,35311.83
Hatfield,middle,-17.87049445796725,31.084587420696153,6.07,4,4,135,904,9,0,1,0,1,186383.75
Borrowdale,premium,-17.738892860969575,31.09956600099569,11.76,1,1,357,2534,19,1,1,0,1,509365.87
Glen Lorne,premium,-17.736558787305725,31.182197044826605,17.92,2,1,341,2225,31,0,1,1,1,487300.94
Borrowdale,premium,-17.737486167800597,31.10421048512462,12.14,6,5,364,2345,17,0,1,1,1,823258.48
Avonlea,middle,-17.769379125785132,30.996211273903597,8.58,1,1,155,533,16,0,0,0,1,163522.84
Glen Lorne,premium,-17.744858005761124,31.177723471362818,17.01,4,4,337,1113,19,1,1,1,1,599899.42
Kambuzuma,township,-17.853877667931304,30.962225598852495,9.12,1,1,96,397,33,0,0,0,0,27796.64
Kambuzuma,township,-17.854226440340028,30.959032095506515,9.46,1,1,135,686,25,0,0,0,1,31864.85
Marlborough,middle,-17.77877926247819,30.94938551467595,11.67,1,1,196,1026,25,0,0,0,1,191341.9
Avonlea,middle,-17.767242510832908,30.98865566535546,9.27,6,5,191,1466,25,0,1,0,1,279613.8
Vainona,upper-mid,-17.779452808224573,31.082709634510902,6.99,4,4,318,1161,23,0,0,1,1,414335.43
Glen Lorne,premium,-17.74890763065318,31.171173078262537,16.18,2,1,562,2842,21,1,1,1,1,612884.07
Hatfield,middle,-17.861503632789137,31.087890192603346,5.67,4,3,167,627,36,0,1,0,1,140024.18
Mt Pleasant,premium,-17.78636198775108,31.017361546255515,5.76,5,4,470,2925,14,1,1,0,1,681218.81
Glen Lorne,premium,-17.736201055855652,31.18148164805006,17.89,3,2,492,3180,28,1,0,0,1,579093.62
Vainona,upper-mid,-17.77512892423069,31.08695962262905,7.64,1,1,236,537,19,1,0,1,1,339595.14
Borrowdale,premium,-17.749339700158476,31.105063473427926,11.09,2,2,345,665,11,0,1,1,1,602055.61
Avondale,upper-mid,-17.789218317443268,31.034629736468876,4.77,5,5,358,2249,14,1,1,1,1,523827.41
Hatfield,middle,-17.869003830102464,31.08956590903113,6.33,5,5,191,917,6,1,0,1,1,201294.87
Mabelreign,middle,-17.812625240872954,31.004724095831495,4.73,1,1,158,731,12,0,0,1,1,114078.98
Avonlea,middle,-17.76881710998788,30.998941276931003,8.46,1,1,86,413,29,0,0,1,1,148395.53
Mabelreign,middle,-17.80965008338915,31.006311445725107,4.73,4,3,162,1123,27,1,0,0,1,147787.53
Greendale,upper-mid,-17.78867974132804,31.137793075210045,10.89,2,2,298,1195,24,0,0,1,1,316304.75
Mabelreign,middle,-17.81075348047778,31.00161954706461,5.11,1,1,185,1289,5,0,1,0,1,116173.56
Marlborough,middle,-17.779364897986927,30.952072652732113,11.39,2,1,128,715,21,0,0,1,1,172548.96
Highlands,upper-mid,-17.788494050578713,31.073505888094385,5.61,8,6,286,1050,13,0,0,1,1,650587.27
Kambuzuma,township,-17.860149328932337,30.95224986069746,10.34,2,2,124,406,21,0,0,0,1,41547.45
Vainona,upper-mid,-17.774801931448362,31.092796585288585,8.04,2,2,239,1161,15,0,1,0,1,346273.49
Borrowdale,premium,-17.738430838831015,31.10958350378467,12.36,3,3,374,1805,12,1,1,1,1,734511.79
Highlands,upper-mid,-17.792971126138056,31.065801032128597,4.77,4,3,291,2219,11,0,1,1,1,465191.49
Greendale,upper-mid,-17.79011790627578,31.119668584980356,9.12,1,1,199,1463,24,1,1,1,1,357882.61
Greendale,upper-mid,-17.792133084722714,31.13860835639356,10.81,1,1,233,1053,17,1,1,1,1,330149.34
Marlborough,middle,-17.77708631795402,30.947515765666353,11.94,3,2,213,1202,26,0,0,0,1,181041.78
Mufakose,township,-17.909336425398532,30.958141362064662,12.66,5,4,45,200,27,0,0,0,0,50579.57
Vainona,upper-mid,-17.778730827876952,31.070065532782266,6.39,3,2,257,1470,7,1,1,0,1,403095.37
Marlborough,middle,-17.786241287049545,30.94771086797114,11.44,3,3,111,613,13,0,0,1,0,226614.72
Vainona,upper-mid,-17.78300557161698,31.076355939129506,6.28,4,3,177,611,0,1,1,0,1,454875.39
Mabelreign,middle,-17.81041695999901,30.995077690807506,5.76,3,3,201,755,21,0,1,0,1,137293.99
Ballantyne Park,premium,-17.765338808595935,31.078257382405255,8.11,2,2,337,2069,32,1,1,1,1,424942.14
Mt Pleasant,premium,-17.778363150198505,31.028058354722127,6.12,4,4,370,2254,17,1,1,1,1,658595.39
Marlborough,middle,-17.778934816344275,30.951356147508715,11.48,2,2,177,1126,22,0,1,0,1,196060.18
Belvedere,middle,-17.847321210658755,31.02353308970434,2.91,2,2,189,891,22,0,0,0,1,155440.27
Mabelreign,middle,-17.810683224414163,30.989914444820812,6.25,3,3,179,1380,16,0,0,0,1,133816.58
Avonlea,middle,-17.764496597944728,30.996111421686717,9.03,3,2,166,576,19,0,0,1,1,212164.83
Hatfield,middle,-17.877733399574957,31.088286630521125,6.93,4,3,144,757,17,0,0,1,1,153516.99
Greendale,upper-mid,-17.790046904685312,31.129613959011316,10.05,3,2,284,1188,10,1,0,0,1,456293.8
Borrowdale,premium,-17.737831668546384,31.102833104900242,12.03,2,2,355,1139,18,1,1,1,1,676313.97
Mt Pleasant,premium,-17.782078907532014,31.019909222884127,6.05,4,4,369,1748,4,1,1,1,1,584456.87
Borrowdale,premium,-17.73633722974213,31.103248752516265,12.2,5,5,406,1107,12,0,1,0,1,769040.56
Vainona,upper-mid,-17.779634170143805,31.08443327726051,7.07,1,1,204,1550,26,1,0,0,1,286573.0
Marlborough,middle,-17.787062303824218,30.949566295260315,11.22,5,5,123,708,44,0,0,0,1,276493.94
Greendale,upper-mid,-17.786380816912278,31.130949807387314,10.36,1,1,199,909,30,0,0,1,1,249467.7
Marlborough,middle,-17.781581822008608,30.950604804632192,11.4,3,3,175,669,29,0,0,0,1,240559.91
Avondale,upper-mid,-17.784929230376925,31.029215839706897,5.39,4,4,330,1121,20,0,1,0,1,389442.81
Belvedere,middle,-17.84460080666505,31.016807492338405,3.35,1,1,122,604,8,0,0,1,1,144193.19
Belvedere,middle,-17.848198761524305,31.02067817838002,3.21,5,4,168,715,32,0,0,1,1,223700.09
Vainona,upper-mid,-17.783920861232936,31.08549894019561,6.77,6,6,276,1219,24,0,1,0,1,507803.58
Greendale,upper-mid,-17.792760011049324,31.137880262967297,10.71,1,1,283,1294,28,0,1,1,1,322881.01
Avonlea,middle,-17.77570209646972,30.994779634187438,8.13,3,3,196,833,5,0,0,0,1,250948.08
Avonlea,middle,-17.771032208321124,30.982949494725418,9.36,2,1,162,756,16,0,0,0,1,188223.47
Vainona,upper-mid,-17.78062799868087,31.07596818213273,6.49,1,1,325,740,3,1,1,0,1,353579.46
Vainona,upper-mid,-17.782823242185934,31.08544513851836,6.86,2,1,302,1792,12,0,1,1,1,393673.65
Belvedere,middle,-17.84941888615499,31.014764431831267,3.8,1,1,201,823,11,0,1,0,0,158153.97
Belvedere,middle,-17.846453505655713,31.02180170927793,3.0,3,3,90,522,12,0,0,1,1,164659.0
Mt Pleasant,premium,-17.780250520948954,31.023145879981094,6.1,4,3,193,390,0,1,0,1,1,474470.02
Avondale,upper-mid,-17.789913007774967,31.02978926146883,4.84,6,6,280,718,13,0,0,1,1,406546.4
Glen View,township,-17.925379686132523,30.97874813293008,12.62,4,4,70,474,14,0,0,0,0,46963.39
Borrowdale,premium,-17.74439205142825,31.104758871505997,11.52,3,2,398,810,40,0,1,1,1,528887.72
Mufakose,township,-17.914352117997563,30.958977915518936,12.99,3,3,95,517,27,0,0,0,0,44511.99
Ballantyne Park,premium,-17.761893252872547,31.07681224692699,8.39,7,6,288,1947,20,1,1,1,1,579804.52
Marlborough,middle,-17.78143624321268,30.945948812342987,11.85,2,2,131,602,16,0,1,0,1,208367.69
Avondale,upper-mid,-17.793152658281727,31.029869829289524,4.5,2,2,277,1628,3,0,1,1,1,331523.49
Borrowdale,premium,-17.7353506905133,31.105470021927765,12.41,3,3,387,2240,26,0,1,0,1,634503.15
Glen View,township,-17.93379432013429,30.963657621163872,14.31,2,2,87,525,15,0,1,0,1,43590.57
Avondale,upper-mid,-17.78674274371225,31.026236829955558,5.31,3,2,278,1386,43,0,0,0,1,252225.01
Kambuzuma,township,-17.863823589622754,30.958672580779062,9.84,4,4,59,333,38,0,0,0,1,47226.85
Vainona,upper-mid,-17.780026376470982,31.082772993139322,6.94,4,4,238,1042,28,0,0,0,1,404605.31
Mufakose,township,-17.91266957085134,30.95349821768845,13.28,2,1,68,251,15,0,0,0,1,45160.65
Glen View,township,-17.924744596570203,30.971815538858813,12.99,1,1,84,399,18,0,0,0,0,35809.65
Marlborough,middle,-17.779165857845214,30.942879551239315,12.25,3,2,222,886,27,0,1,0,1,218238.51
Highlands,upper-mid,-17.787016447466453,31.065984180040235,5.37,1,1,212,1094,21,1,1,0,1,280023.27
Belvedere,middle,-17.84974694354403,31.020211910904237,3.35,3,2,194,1378,47,0,1,0,0,133516.77
Marlborough,middle,-17.7814440615643,30.95171136738143,11.31,2,1,157,566,17,0,1,0,1,184052.43
Kambuzuma,township,-17.861929341206213,30.962676295496767,9.37,3,3,112,617,26,0,1,0,0,35585.29
Avondale,upper-mid,-17.79197516640245,31.023011392831357,4.92,3,3,241,648,19,0,1,1,1,278216.04
Vainona,upper-mid,-17.77965091678887,31.079565653807908,6.78,2,1,227,1739,28,0,1,0,1,316557.1
Mt Pleasant,premium,-17.78114147963137,31.02657888207966,5.88,4,4,494,3567,15,1,1,1,1,642373.92
Belvedere,middle,-17.85068644513079,31.019815223290685,3.45,2,2,241,1690,11,0,0,0,1,192890.06
Budiriro,township,-17.94202705164751,30.94468664641851,16.28,3,2,106,480,35,0,0,0,1,29393.27
Borrowdale,premium,-17.736507209180733,31.104507360490466,12.25,1,1,364,2265,18,1,0,1,1,509778.02
Hatfield,middle,-17.877846150482046,31.094896750870774,7.42,3,2,189,1274,13,0,0,0,0,153451.04
Kambuzuma,township,-17.86545339811757,30.960501378229576,9.73,1,1,85,294,15,0,0,0,1,37205.08
Glen Lorne,premium,-17.738816746585155,31.1685696382905,16.62,4,3,350,869,26,0,0,1,1,552963.87
Mt Pleasant,premium,-17.778322888319583,31.013384399841776,6.75,3,2,275,1515,22,0,1,0,1,435547.31
Belvedere,middle,-17.849010698320527,31.020274306138045,3.3,3,3,139,577,29,0,1,1,1,187220.67
Belvedere,middle,-17.85394803646286,31.028797153620673,3.07,3,2,141,666,0,0,0,1,1,183900.17
Glen Lorne,premium,-17.74641984535995,31.172545506797285,16.46,1,1,289,1791,20,1,1,1,1,465571.51
Mabelreign,middle,-17.810944412510448,31.004367245933423,4.85,1,1,148,650,45,0,0,0,1,84487.36
Marlborough,middle,-17.78505930437273,30.949075776683035,11.37,1,1,86,299,24,0,1,1,1,164662.35
Glen View,township,-17.93402622677312,30.974661614756677,13.66,4,4,70,216,8,0,0,0,0,48585.11
Mufakose,township,-17.908099800429056,30.963371833356916,12.17,1,1,73,286,14,0,0,0,0,38217.15
Mabelreign,middle,-17.80442701000311,31.005882146765938,5.09,2,1,184,591,8,0,0,0,1,118202.58
Marlborough,middle,-17.778473225985756,30.951529517820397,11.49,2,2,146,1123,16,0,0,1,1,216606.09
Highlands,upper-mid,-17.789677970551665,31.076067165795305,5.65,2,2,314,831,8,0,1,0,1,380700.64
Marlborough,middle,-17.777725721616953,30.952654950631675,11.43,2,1,120,656,21,0,1,1,1,198762.33
Mt Pleasant,premium,-17.779709515068514,31.021026918762377,6.24,4,3,313,2489,22,0,1,0,1,454999.33
Belvedere,middle,-17.851891779863774,31.02362168000954,3.24,5,5,220,703,12,0,1,0,1,231155.25
Mt Pleasant,premium,-17.776204475246516,31.020728209089405,6.61,1,1,330,873,14,1,1,1,1,429647.9
Marlborough,middle,-17.77509164700118,30.951737139184107,11.67,5,5,185,344,24,0,1,0,0,261514.2
Glen Lorne,premium,-17.753168109111535,31.17329138348503,16.11,3,3,416,1027,39,0,1,1,1,472917.28
Vainona,upper-mid,-17.77732968474048,31.079863886290127,7.02,3,2,135,495,3,1,1,0,1,430696.54
Highlands,upper-mid,-17.7931328496854,31.067328780086513,4.83,2,1,301,1695,5,0,0,0,1,384118.08
Avonlea,middle,-17.77389584616074,30.998462142051196,8.04,2,2,194,897,4,0,1,0,1,231335.09
Mabelreign,middle,-17.80549332264035,30.989633290092247,6.51,7,6,179,1018,15,0,1,0,1,201845.67
Glen Lorne,premium,-17.744499738142675,31.17843363996933,17.09,3,3,447,1839,14,1,1,1,1,677951.51
Mabelreign,middle,-17.813544614082144,31.003531773040574,4.8,4,4,238,643,19,0,0,0,0,145761.92
Mufakose,township,-17.912363888249146,30.96011830795434,12.75,4,4,76,245,9,0,0,0,0,59160.07
Greendale,upper-mid,-17.787230899058788,31.13133012669381,10.35,3,2,334,1173,28,1,1,1,1,373462.26
Belvedere,middle,-17.85189728642565,31.01839366018159,3.65,5,4,204,1092,7,0,1,1,1,249055.37
Greendale,upper-mid,-17.791657496446742,31.125589001512665,9.59,4,3,358,2796,21,0,1,1,1,440670.0
Ballantyne Park,premium,-17.763390091813964,31.0798209019198,8.37,4,3,237,1013,33,1,1,1,1,450985.24
Marlborough,middle,-17.771543278948627,30.948728970826004,12.15,6,6,158,554,21,0,0,0,1,273096.63
Glen Lorne,premium,-17.751073066018957,31.177005979863328,16.56,5,4,331,1927,47,0,0,1,1,552221.18
Mufakose,township,-17.90912094972325,30.95253091542385,13.09,1,1,79,279,13,0,0,0,1,38209.16
Glen View,township,-17.933607541696183,30.967005727519624,14.08,6,5,88,200,4,0,0,0,1,52102.51
Mabelreign,middle,-17.80990076477838,31.008675881680215,4.5,3,2,202,381,2,0,1,0,1,146245.73
Avonlea,middle,-17.768474685177633,30.995087538639176,8.73,6,5,167,458,18,0,1,0,1,250216.07
Marlborough,middle,-17.782907128218767,30.955906145441027,10.84,5,4,232,771,20,0,0,0,1,256734.1
Budiriro,township,-17.942604854707266,30.942472770101443,16.48,6,5,114,864,0,0,1,0,0,65847.12
Highlands,upper-mid,-17.792782795232334,31.0713745490543,5.08,3,3,262,1305,12,0,1,0,1,440328.13
Glen Lorne,premium,-17.74584164524788,31.187122713050726,17.78,1,1,233,1620,30,1,1,1,1,443795.77
Avonlea,middle,-17.783443505042207,30.986779292787855,8.12,6,6,180,1035,50,0,1,0,1,279811.18
Vainona,upper-mid,-17.783606688693474,31.080563304985464,6.48,3,3,293,2322,9,1,1,0,1,458125.11
Vainona,upper-mid,-17.77835812603802,31.076574014137584,6.74,1,1,150,451,10,0,1,1,1,251952.62
Borrowdale,premium,-17.744576815663198,31.097548656556064,11.1,6,6,274,2144,23,0,1,1,1,699431.97
Avonlea,middle,-17.76915885917014,30.987600274588218,9.18,1,1,174,746,22,0,0,0,1,152036.31
Highlands,upper-mid,-17.789453637370464,31.068185098900756,5.23,5,5,192,1120,27,0,1,1,1,467757.62
Ballantyne Park,premium,-17.75259754115313,31.081367475797656,9.53,2,1,244,1312,12,1,1,1,1,396272.01
Borrowdale,premium,-17.7375027561433,31.09258031573074,11.55,3,2,292,2510,0,0,1,1,1,763606.67
Greendale,upper-mid,-17.789872880060447,31.12498239416955,9.62,2,1,247,1473,6,1,1,0,1,363208.59
Mufakose,township,-17.910167676980112,30.955161604714824,12.96,2,2,97,351,15,0,1,0,1,49166.6
Vainona,upper-mid,-17.78080312801795,31.076465541676537,6.5,5,5,227,864,27,0,0,0,1,448770.12
Belvedere,middle,-17.85285743881973,31.01941782088531,3.64,1,1,185,1365,17,0,0,0,1,147054.38
Hatfield,middle,-17.873043110153166,31.089909512438297,6.67,1,1,178,614,24,0,1,0,1,122470.25
Vainona,upper-mid,-17.77824772326676,31.087534919279292,7.39,1,1,209,1017,23,1,1,1,1,338034.68
Mabelreign,middle,-17.815787700524407,30.997435511665945,5.31,1,1,146,893,19,0,0,0,1,103431.64
Belvedere,middle,-17.849208470705495,31.013515019588475,3.9,6,6,211,1070,31,0,1,0,1,206498.27
Marlborough,middle,-17.780809004412163,30.955481390427327,11.0,2,1,138,633,24,0,1,0,1,172380.22
Borrowdale,premium,-17.745535646715417,31.096916820844324,10.98,5,4,303,1191,18,1,1,1,1,672736.1
Borrowdale,premium,-17.73905331776149,31.09463989302927,11.5,3,3,410,2576,0,1,1,0,1,857901.69
Budiriro,township,-17.934501158818133,30.941191902193594,15.91,2,1,102,405,0,0,0,0,1,34411.55
Mabelreign,middle,-17.804553655719605,30.995311896769845,6.03,2,2,246,657,32,0,0,0,1,94418.31
Kambuzuma,township,-17.863335435193296,30.955726364377718,10.11,3,3,56,262,29,0,0,0,1,35026.85
Glen View,township,-17.931597148534493,30.965575452964558,13.99,1,1,88,495,16,0,0,0,1,29357.9
Borrowdale,premium,-17.735528216718684,31.10105780176914,12.16,3,3,311,2051,1,0,1,1,1,711958.69
Mabelreign,middle,-17.81560602968135,30.9949052656745,5.57,7,6,136,610,25,0,0,0,1,201881.34
Avondale,upper-mid,-17.789510564359425,31.025382939037115,5.06,1,1,268,1345,19,0,1,1,1,268841.45
Mabelreign,middle,-17.810788799615008,31.0010203738949,5.17,2,2,147,455,2,0,1,0,1,130329.59
Borrowdale,premium,-17.732269568888366,31.102801479253042,12.57,2,1,382,2023,20,0,1,1,1,569979.46
Vainona,upper-mid,-17.785570909553424,31.08485079040599,6.58,3,2,361,2248,8,0,1,0,1,414724.88
Hatfield,middle,-17.873664239211084,31.088099405725018,6.58,1,1,107,653,16,0,0,0,1,107367.28
Mabelreign,middle,-17.805251296942252,30.999664597878258,5.59,2,2,127,508,15,0,1,0,1,114663.77
Avonlea,middle,-17.772761506211708,30.994137966537533,8.42,4,3,185,1451,0,0,1,1,1,263733.34
Vainona,upper-mid,-17.77724075006332,31.072099002115753,6.63,4,4,215,1636,0,1,1,1,1,453693.07
Vainona,upper-mid,-17.77251558200085,31.078591116713298,7.41,4,3,283,1386,15,0,1,0,1,331143.27
Budiriro,township,-17.938327251468444,30.941086194336552,16.23,1,1,60,380,32,0,0,0,1,25829.85
Avondale,upper-mid,-17.78845824691656,31.03759480235874,4.79,4,3,243,984,22,0,0,0,1,305921.56
Avondale,upper-mid,-17.79655502462598,31.03162707941859,4.08,4,4,214,1610,23,1,1,1,1,418290.59
Marlborough,middle,-17.7741647122528,30.952730988557356,11.63,1,1,167,943,13,0,1,1,1,200290.44
Greendale,upper-mid,-17.788213893259236,31.129088531850588,10.09,5,4,107,336,28,0,1,1,1,374757.23
Marlborough,middle,-17.784496869030058,30.941654090809138,12.1,1,1,110,445,0,0,1,1,1,218511.79
Avondale,upper-mid,-17.786176807708262,31.027523704000966,5.32,4,4,244,1342,12,0,1,0,1,338780.14
Mabelreign,middle,-17.805720171339164,30.99505840302341,5.99,5,4,189,1181,22,0,0,0,1,168225.98
Glen View,township,-17.931222383195387,30.967673196486782,13.83,2,2,69,252,27,0,0,0,0,33640.71
Kambuzuma,township,-17.858153121442815,30.965062233985655,8.98,7,6,89,369,10,0,0,0,0,68678.04
Avonlea,middle,-17.765351052245446,30.990787538831185,9.29,3,2,143,698,18,0,1,1,1,203802.3
Avondale,upper-mid,-17.78857616754039,31.02396811167106,5.22,6,5,376,2605,32,0,1,0,1,334230.65
Belvedere,middle,-17.861616241161848,31.02170836423528,4.2,2,2,150,452,30,0,0,0,0,112253.01
Mabelreign,middle,-17.812899635137722,30.99454876128759,5.71,6,6,173,908,17,0,1,0,0,173995.73
Avonlea,middle,-17.761708045287147,30.989409158865527,9.7,3,2,200,939,3,0,0,0,1,222148.11
Belvedere,middle,-17.846423408962558,31.029295690142984,2.39,4,3,96,491,34,0,0,0,1,173692.19
Hatfield,middle,-17.867553658498217,31.09643806726703,6.79,1,1,142,786,38,0,0,0,1,93429.13
Belvedere,middle,-17.845409795583166,31.016027157952124,3.46,1,1,178,465,35,0,0,0,1,99447.68
Hatfield,middle,-17.882573927925847,31.087593186676926,7.29,5,5,174,931,7,0,1,0,1,192972.61
Highlands,upper-mid,-17.79034718076019,31.066678452194797,5.07,5,5,404,1440,24,0,1,0,1,545736.76
Marlborough,middle,-17.788359811716845,30.938965378114872,12.19,1,1,110,702,9,1,0,0,1,205167.94
Avonlea,middle,-17.76414607087613,30.996323646231552,9.05,2,2,163,603,29,0,0,0,1,175839.02
Borrowdale,premium,-17.735078556604076,31.10614031951627,12.48,3,3,355,2306,15,1,1,1,1,674939.42
Mufakose,township,-17.917116594628908,30.95408796699365,13.57,2,2,107,512,25,0,1,0,1,46721.44
Avonlea,middle,-17.768183526927096,30.97361506743095,10.29,8,6,231,1224,21,0,0,0,1,348982.15
Mt Pleasant,premium,-17.774579474463557,31.02423111140984,6.65,4,4,413,2594,50,1,1,0,1,457187.48
Mabelreign,middle,-17.810146791463552,30.999633972993315,5.33,2,2,177,726,4,0,1,0,1,126347.96
Hatfield,middle,-17.862864768346338,31.088523037766194,5.81,1,1,191,726,30,0,0,0,1,90673.45
Hatfield,middle,-17.87038172837268,31.086781518179805,6.22,2,1,173,663,29,0,0,0,1,114377.01
Greendale,upper-mid,-17.793799466210324,31.126656667041942,9.58,1,1,269,1700,29,0,1,1,1,335202.34
Mufakose,township,-17.909933080302153,30.954070142920905,13.02,2,2,91,218,21,0,0,0,0,44667.22
Greendale,upper-mid,-17.787996376620796,31.13416339637185,10.58,3,3,309,1779,42,1,1,0,1,360289.2
Avonlea,middle,-17.7750238969893,30.992988710588673,8.31,1,1,149,585,12,0,1,0,1,162502.29
Borrowdale,premium,-17.739492522902456,31.095426400515148,11.49,1,1,201,865,29,1,1,1,1,466427.17
Belvedere,middle,-17.842634783347716,31.016381547953415,3.29,5,5,186,924,17,0,0,0,1,223784.65
Hatfield,middle,-17.866708063600186,31.090677523965645,6.26,5,5,221,984,25,0,0,0,1,176968.12
Avonlea,middle,-17.778085275880766,30.985464871124712,8.62,2,2,191,1256,14,0,1,0,1,212318.09
Marlborough,middle,-17.777385488052563,30.947313038556825,11.94,3,2,139,791,43,0,1,0,1,194978.66
Mabelreign,middle,-17.813446344567133,30.992189893259287,5.92,2,2,202,1180,14,0,1,0,1,150331.89
Belvedere,middle,-17.848020368307296,31.024480132576507,2.88,1,1,207,1327,14,0,1,1,1,164641.28
Vainona,upper-mid,-17.784057379211212,31.08100598863138,6.46,3,3,193,1016,6,0,0,0,1,345511.11
Kambuzuma,township,-17.85698106941128,30.96839885465406,8.61,1,1,113,505,19,0,1,0,0,30467.73
Belvedere,middle,-17.853234515157197,31.02125423840292,3.53,7,6,180,778,24,0,0,1,1,276991.72
Budiriro,township,-17.940603781335472,30.944274671982473,16.19,3,2,93,572,32,0,0,0,1,36444.63
Budiriro,township,-17.94689563571058,30.936931113579966,17.23,1,1,106,507,18,0,0,0,0,26428.54
Glen View,township,-17.93201373205004,30.972744144427036,13.59,3,2,91,347,38,0,0,0,1,32106.72
Hatfield,middle,-17.872394626588893,31.089479832513806,6.58,3,3,133,951,35,0,1,1,0,145703.35
Avonlea,middle,-17.768266459952045,30.98994838443887,9.09,3,3,264,1427,32,0,1,0,1,254795.53
Ballantyne Park,premium,-17.753720913993092,31.073460395895868,9.11,6,6,341,1734,37,1,1,0,0,565666.23
Marlborough,middle,-17.781878276598253,30.952978416866284,11.17,1,1,213,1143,11,0,1,0,0,180268.85
Hatfield,middle,-17.870668160634473,31.094971808192355,6.89,2,1,119,877,26,0,0,1,1,107663.9
Marlborough,middle,-17.77944652936617,30.944162205153887,12.12,5,4,202,1361,25,0,0,0,1,275871.95
Mufakose,township,-17.907033155146156,30.959888137129305,12.35,4,3,101,377,29,0,0,1,0,50895.29
Mt Pleasant,premium,-17.781412690497852,31.023931344778706,5.95,2,2,476,1272,3,0,0,1,1,410527.99
Greendale,upper-mid,-17.797827831513466,31.130050577439757,9.73,1,1,311,1670,23,0,1,0,1,319996.79
Marlborough,middle,-17.77856974238044,30.957911342856345,10.91,3,3,200,1098,0,0,0,1,0,257885.42
Avondale,upper-mid,-17.790860352685897,31.0247607221095,4.95,1,1,262,1927,22,0,0,0,1,237476.93
Mt Pleasant,premium,-17.785623045962904,31.01100472963404,6.2,3,3,167,732,46,0,0,0,1,311280.18
Ballantyne Park,premium,-17.75885629457348,31.07634853059189,8.68,3,2,307,1209,4,1,1,1,1,460290.17
Mabelreign,middle,-17.80726217187919,31.005350397577605,4.96,2,1,211,1156,30,0,0,0,1,110254.61
Avondale,upper-mid,-17.785093120564355,31.037769135491388,5.16,3,2,298,1666,21,0,1,0,1,299769.18
Borrowdale,premium,-17.738599981952046,31.098316667118794,11.72,6,5,206,974,27,0,0,1,1,668415.7
Borrowdale,premium,-17.734770463722434,31.09741160314268,12.05,2,1,218,788,17,1,1,1,1,572404.26
Avondale,upper-mid,-17.789213131064166,31.02388401388979,5.16,5,4,292,2269,31,1,1,0,1,407048.16
Ballantyne Park,premium,-17.758044455374023,31.084678403765363,9.14,2,2,410,1142,23,0,1,0,1,419331.94
Belvedere,middle,-17.853544943322678,31.012673097468056,4.24,2,2,222,1244,13,0,0,0,1,155458.71
Mabelreign,middle,-17.808131921723408,31.001775178130643,5.23,4,4,222,879,23,1,0,0,1,141935.3
Highlands,upper-mid,-17.784853374588543,31.063568241576288,5.49,3,3,327,1189,28,0,1,0,1,377424.72
Avonlea,middle,-17.766174555961026,30.9811841993721,9.88,6,5,115,809,16,0,1,0,1,248094.91
Ballantyne Park,premium,-17.760021390767132,31.074927789712333,8.5,1,1,313,2214,16,0,1,0,1,371350.76
Vainona,upper-mid,-17.784479231305497,31.083448770003645,6.58,6,6,256,1165,17,1,1,1,1,531499.83
Mufakose,township,-17.91558665598469,30.96668599883896,12.54,1,1,112,328,16,0,0,0,1,40103.49
Marlborough,middle,-17.779591749909255,30.94916474025389,11.65,4,4,177,735,22,0,1,0,1,235862.2
Mufakose,township,-17.908928907557755,30.9531345673049,13.02,1,1,76,451,11,0,0,0,1,42268.57
Highlands,upper-mid,-17.79229305174884,31.0694942582277,5.02,6,5,375,1774,13,1,1,0,1,543969.34
Vainona,upper-mid,-17.777559434501846,31.080414447905103,7.03,4,4,197,1006,40,0,1,0,1,352862.05
Avondale,upper-mid,-17.797265445409252,31.03586186764863,3.87,4,4,184,1188,12,0,0,1,1,327232.38
Avondale,upper-mid,-17.79412982276664,31.024683457974188,4.63,2,1,329,1468,7,0,1,0,1,324858.8
Budiriro,township,-17.94221365947489,30.93467952136652,17.01,2,2,113,550,20,0,0,0,0,34319.99
Mt Pleasant,premium,-17.77303223686467,31.0234339646059,6.84,1,1,386,1465,35,1,1,1,1,393189.64
Mabelreign,middle,-17.810994975298765,30.994398612676232,5.8,4,4,228,1050,6,0,0,0,1,166691.18
Mufakose,township,-17.910294704422707,30.957788569156136,12.76,3,3,87,248,26,0,0,0,1,46885.56
Marlborough,middle,-17.786135253648347,30.95460000605494,10.79,2,2,206,517,18,0,1,0,1,215298.09
Greendale,upper-mid,-17.79339353940965,31.131459222236465,10.06,5,5,206,1184,1,1,1,0,1,452941.68
Marlborough,middle,-17.781682572951315,30.953703363138708,11.11,3,3,210,1322,31,0,0,0,1,199097.76
Vainona,upper-mid,-17.77870968849607,31.08369365502822,7.11,3,2,264,1661,16,0,1,0,1,382900.45
Mabelreign,middle,-17.8080878578394,31.005009681991275,4.94,1,1,222,734,22,0,0,0,1,104888.74
Marlborough,middle,-17.778446650750162,30.949888437657282,11.64,2,2,136,736,28,0,0,0,1,185271.78
Glen View,township,-17.933685179791134,30.97455934514697,13.64,5,5,118,395,27,0,1,0,1,58770.41
Avonlea,middle,-17.771983899633607,30.98700554551643,8.99,7,6,221,1106,23,0,1,0,1,338376.3
Marlborough,middle,-17.779114524245045,30.959547997399362,10.73,2,2,147,1036,31,0,1,0,1,186859.86
Hatfield,middle,-17.87288882347596,31.08482089189575,6.28,4,3,135,545,7,0,0,0,1,159281.3
Marlborough,middle,-17.784197527829978,30.946752428767375,11.63,4,4,223,1247,16,0,0,1,1,279277.89
Glen View,township,-17.924979120820776,30.970989087438596,13.06,1,1,108,325,28,0,0,0,0,30253.92
Ballantyne Park,premium,-17.760519073629574,31.07528223832869,8.47,2,2,393,1673,21,0,1,0,1,404706.56
Budiriro,township,-17.937066827583077,30.93231129315667,16.77,3,2,40,275,25,0,0,0,1,35104.72
Mabelreign,middle,-17.811031820123443,30.990527344308862,6.18,2,2,207,507,22,0,0,0,1,104640.96
Mufakose,township,-17.906846802046037,30.96925852829712,11.64,6,6,123,200,31,0,0,0,1,60374.88
Avondale,upper-mid,-17.779866247541538,31.031848447366524,5.85,1,1,217,1170,35,0,0,1,1,212308.24
Mabelreign,middle,-17.814254959642184,31.00145323694174,4.97,4,4,208,658,10,0,1,1,1,168708.16
Vainona,upper-mid,-17.785614472703106,31.07793450727599,6.13,5,4,162,1087,31,0,0,0,1,297868.51
Hatfield,middle,-17.868359165095878,31.089632442309224,6.29,7,6,170,824,14,0,0,0,1,208776.46
Mt Pleasant,premium,-17.784951356526054,31.030408242437723,5.35,3,2,284,1161,20,0,1,0,1,399732.05
Vainona,upper-mid,-17.779472925952227,31.080566535550076,6.86,4,3,89,628,25,1,1,0,1,390123.19
Avondale,upper-mid,-17.78886399836297,31.026760284073625,5.07,3,2,324,1150,22,1,0,1,1,317725.54
Vainona,upper-mid,-17.786184621200928,31.078943462219396,6.14,2,1,186,391,28,0,0,1,1,293692.47
Greendale,upper-mid,-17.792380116815494,31.120224019919597,9.05,4,4,252,843,13,0,1,1,1,425020.77
Mabelreign,middle,-17.813050095007544,30.993536036387518,5.8,2,2,115,300,17,0,0,0,1,109883.46
Highlands,upper-mid,-17.79323191043379,31.070197620377968,4.98,3,2,289,838,25,0,1,0,1,395605.28
Hatfield,middle,-17.87297817170885,31.098810111107742,7.36,4,4,199,1112,20,0,0,0,1,142744.59
Glen Lorne,premium,-17.745452951591826,31.18829158106688,17.91,1,1,290,1641,27,1,1,1,1,439544.19
Hatfield,middle,-17.869819850202322,31.088529304449008,6.31,2,1,131,454,21,0,1,1,1,123892.08
Mabelreign,middle,-17.805877720009413,31.000236299604747,5.5,5,4,172,1303,19,0,0,0,1,162002.66
Greendale,upper-mid,-17.788390723563314,31.122202647117838,9.45,6,5,203,883,36,0,1,0,1,451996.9
Hatfield,middle,-17.871555641770506,31.080382794050106,5.86,5,4,201,1164,10,0,0,1,1,182254.79
Glen View,township,-17.914961540745598,30.971011322288476,12.18,3,2,93,525,20,0,0,0,1,40961.96
Mabelreign,middle,-17.810910190089324,30.992127204677224,6.03,3,3,144,496,0,0,0,0,1,129076.11
Greendale,upper-mid,-17.78962356469513,31.127564075599057,9.88,3,3,198,1352,11,0,1,1,1,374544.95
Avondale,upper-mid,-17.78866328370893,31.029545179948705,4.98,8,6,241,1530,18,0,1,0,1,413285.53
Hatfield,middle,-17.86886588625715,31.090783126728358,6.42,5,4,169,826,46,0,1,0,1,153109.67
Vainona,upper-mid,-17.77853770431247,31.084668782103986,7.19,2,1,268,1825,12,1,1,0,1,391283.27
Mabelreign,middle,-17.805102489926533,30.99717235486208,5.82,4,4,133,502,29,0,0,0,1,120107.7
Vainona,upper-mid,-17.780066367320437,31.08228766042835,6.9,4,4,334,2197,16,0,1,0,1,370810.72
Mabelreign,middle,-17.808566623992125,31.003189818509217,5.08,2,1,168,1129,16,1,0,1,1,120113.55
Glen Lorne,premium,-17.746938994385214,31.187695909045107,17.77,1,1,589,4516,32,1,1,1,1,606990.82
Borrowdale,premium,-17.73696078444577,31.1092990301724,12.48,6,5,437,1799,15,0,1,1,1,841592.16
Budiriro,township,-17.940070723696568,30.936748597842534,16.68,6,6,102,723,34,0,0,0,1,46905.68
Mufakose,township,-17.909441079279738,30.95573145256122,12.86,2,2,113,585,23,0,0,0,1,39631.16
Mufakose,township,-17.91200723162396,30.954153623901977,13.17,2,1,48,314,6,0,0,0,1,42297.34
Kambuzuma,township,-17.862547879655367,30.966595755127745,9.01,1,1,104,632,19,0,0,0,1,34123.69
Avondale,upper-mid,-17.787713080446903,31.02657774495208,5.19,2,1,245,1783,11,0,1,1,1,333178.73
Vainona,upper-mid,-17.78938176468956,31.08350647180836,6.17,7,6,347,1335,9,0,1,1,1,554005.99
Mt Pleasant,premium,-17.782883473194566,31.016097105428926,6.16,1,1,344,1365,10,0,1,1,1,429329.77
Marlborough,middle,-17.78353561000678,30.943981199333706,11.93,2,2,171,562,4,0,1,0,1,265705.57
Highlands,upper-mid,-17.784906771433427,31.06379998808387,5.5,5,5,203,1437,0,0,1,0,1,444124.84
Kambuzuma,township,-17.85818269199106,30.957766907648953,9.72,4,3,126,716,33,0,0,0,1,49224.64
Borrowdale,premium,-17.743704121719215,31.096683773114865,11.14,4,3,395,2812,21,1,0,1,1,692747.72
Mt Pleasant,premium,-17.779764621715557,31.02143372618906,6.22,2,2,271,1184,36,1,1,1,1,419699.18
Highlands,upper-mid,-17.791585509104817,31.067289858507856,4.98,6,5,419,1281,21,0,1,0,1,499186.49
Highlands,upper-mid,-17.79977950257373,31.071865270445667,4.49,1,1,260,1597,20,0,1,0,1,319499.47
Highlands,upper-mid,-17.79653209520468,31.067620522889705,4.52,1,1,385,1881,20,1,1,1,1,340550.99
Belvedere,middle,-17.84530805419504,31.015589179593903,3.5,1,1,252,970,0,0,0,1,1,148648.75
Vainona,upper-mid,-17.78225043035149,31.06983282433617,6.02,3,3,330,1857,32,0,0,1,1,395901.12
Avonlea,middle,-17.770572577105757,30.988130639098117,9.02,6,6,215,1556,13,0,0,0,1,287630.03
Glen View,township,-17.92986599760343,30.969218065150017,13.61,3,2,99,429,35,0,0,0,1,34087.37
Avonlea,middle,-17.76981538033884,30.988043116111857,9.09,2,1,169,992,27,0,0,0,1,174865.78
Belvedere,middle,-17.854791486796717,31.026324718930134,3.3,3,2,175,989,20,0,0,0,1,162739.28
Greendale,upper-mid,-17.784485437073315,31.134645669264735,10.81,2,2,221,1097,49,0,1,1,1,316645.49
Ballantyne Park,premium,-17.769172903840094,31.0816372450723,7.89,4,4,353,1220,14,0,1,0,1,495184.14
Vainona,upper-mid,-17.776001266072544,31.100926961880734,8.51,2,2,186,896,16,0,0,1,1,340422.58
Budiriro,township,-17.935394708193343,30.937000281302762,16.29,4,4,102,455,11,0,0,0,1,47039.23
Avonlea,middle,-17.76941052045371,30.98277054674117,9.5,3,3,230,1001,23,0,0,0,1,206773.68
Vainona,upper-mid,-17.781835510625637,31.07198690545615,6.17,5,5,284,1473,22,1,0,1,1,465920.83
Avondale,upper-mid,-17.79032668431157,31.029120431826158,4.82,1,1,180,768,7,0,1,1,1,248189.02
Mabelreign,middle,-17.81005580653561,30.997525740815675,5.54,3,2,171,1185,14,0,0,0,1,124578.03
Belvedere,middle,-17.846368875970484,31.016670313322127,3.45,6,5,117,507,15,0,1,0,1,219124.41
Marlborough,middle,-17.778619020567227,30.95310339463396,11.34,1,1,167,658,15,0,1,1,1,189099.54
Mufakose,township,-17.91075877175596,30.95237987782935,13.22,1,1,73,434,24,0,0,0,1,35270.89
Belvedere,middle,-17.840856919955847,31.020420643317525,2.82,3,3,228,1922,19,0,0,1,1,182888.67
Belvedere,middle,-17.85482717019857,31.020811535948607,3.68,2,2,190,1186,34,0,0,0,1,151642.11
Ballantyne Park,premium,-17.753159028496732,31.087994052456892,9.78,3,3,404,2044,56,1,0,1,1,365964.27
Mt Pleasant,premium,-17.783677837829664,31.0230871308396,5.75,5,4,404,3135,33,1,1,0,1,521211.63
Budiriro,township,-17.93441527964799,30.936356648879638,16.26,4,4,40,250,27,0,0,0,0,39124.99
Avonlea,middle,-17.76550301543663,30.995574024145906,8.97,4,4,189,850,3,0,0,0,1,287755.94
Avondale,upper-mid,-17.783227392352874,31.034159135316408,5.43,1,1,317,1130,14,1,1,1,1,277425.78
Avonlea,middle,-17.765622743395827,30.97895612820568,10.09,7,6,241,905,0,0,1,0,1,358584.66
Glen Lorne,premium,-17.743703649663985,31.177351711925432,17.05,3,2,358,1674,19,0,1,1,1,625655.54
Mabelreign,middle,-17.80630991434942,30.99563639597268,5.9,1,1,81,423,13,0,1,0,1,109367.51
Highlands,upper-mid,-17.790010204899865,31.07002235893636,5.27,6,5,256,936,11,0,1,1,1,500386.03
Mabelreign,middle,-17.819563970634114,31.005757228896496,4.34,4,3,198,593,28,0,1,0,1,131832.7
Marlborough,middle,-17.77929080012268,30.944754730834582,12.07,4,4,234,869,13,0,0,0,1,257990.06
Vainona,upper-mid,-17.780019945073235,31.088829061722013,7.33,3,2,222,1008,24,0,1,0,1,327724.57
Borrowdale,premium,-17.744030798759557,31.105122701822868,11.58,2,2,480,2172,50,1,1,0,1,491972.69
Mabelreign,middle,-17.80548908031407,31.001836293042174,5.38,2,2,148,615,23,0,0,0,1,112729.39
Ballantyne Park,premium,-17.75978814078818,31.076820023549516,8.61,1,1,308,1298,0,1,1,0,1,398049.54
Glen Lorne,premium,-17.74292404265794,31.18013216731387,17.34,2,2,297,2063,21,1,1,1,1,463888.04
Hatfield,middle,-17.870085661794736,31.086870976774133,6.21,2,2,225,856,11,0,0,0,0,133337.38
Greendale,upper-mid,-17.79398031289546,31.139805133439594,10.85,3,2,323,1931,17,1,0,0,1,391770.48
Greendale,upper-mid,-17.790535392362422,31.128903806034597,9.96,1,1,318,1673,24,1,1,0,1,349317.83
Highlands,upper-mid,-17.7897920950911,31.06504667747657,5.05,6,5,321,1778,25,0,0,1,1,460133.96
Mufakose,township,-17.913643521744653,30.95941622250064,12.9,2,1,134,498,29,0,0,0,1,42357.23
Vainona,upper-mid,-17.777759703559486,31.08358461199299,7.19,4,4,175,693,33,1,0,0,1,383796.61
Highlands,upper-mid,-17.791635596433107,31.07342238980806,5.31,2,1,343,1664,17,0,1,1,1,382995.5
Vainona,upper-mid,-17.780034407450028,31.072350996761678,6.36,1,1,194,1498,28,0,1,1,1,261137.09
Highlands,upper-mid,-17.792656031351804,31.07253028620542,5.16,1,1,237,562,26,0,1,1,1,310286.42
Vainona,upper-mid,-17.77582112312066,31.079381052901432,7.13,7,6,135,1030,32,0,1,1,1,517308.13
Glen Lorne,premium,-17.745358451485252,31.18320669641807,17.46,2,1,496,1734,1,1,0,0,1,400990.9
Ballantyne Park,premium,-17.75824853662655,31.08252441704541,9.01,4,3,340,2302,0,0,1,1,1,563884.86
Avondale,upper-mid,-17.790244144863927,31.02729919827026,4.9,7,6,205,1059,23,0,1,1,1,459452.22
Mufakose,township,-17.91216110046648,30.96120989513628,12.65,4,3,82,441,20,0,0,0,0,51388.54
Glen Lorne,premium,-17.743362591770296,31.179963843854306,17.3,6,5,252,871,0,0,1,1,1,700283.25
Highlands,upper-mid,-17.78270963522908,31.06586434045595,5.81,3,3,161,609,26,1,1,0,1,354197.37
Glen View,township,-17.928153299847256,30.956066937483126,14.33,1,1,106,814,7,0,0,0,0,41281.53
Mufakose,township,-17.910860967551947,30.957343518124436,12.84,3,3,72,429,0,0,0,0,1,53182.7
Belvedere,middle,-17.85393868357038,31.016449114804363,3.95,1,1,210,623,30,0,1,0,1,124169.4
Highlands,upper-mid,-17.790949045587112,31.06541635787266,4.95,7,6,235,1520,30,0,0,0,1,518099.71
Avondale,upper-mid,-17.79221718889915,31.025204220589416,4.79,2,2,276,1334,34,0,1,0,1,232958.26
Highlands,upper-mid,-17.790184572765003,31.073925920295906,5.47,2,2,293,1515,14,0,1,1,1,441640.83
Mt Pleasant,premium,-17.77898381054326,31.021047118507813,6.32,3,2,343,2145,0,1,1,0,1,622382.05
Greendale,upper-mid,-17.79051259741928,31.131228320788136,10.18,6,5,191,516,27,1,1,1,1,421546.15
Avonlea,middle,-17.764685430855046,30.991550179236793,9.29,1,1,99,579,12,0,0,0,1,160175.68
Greendale,upper-mid,-17.796897122084303,31.123851149457636,9.17,5,5,283,1188,17,0,1,1,1,461972.5
Avonlea,middle,-17.76929514813085,30.99155013403692,8.89,8,6,192,920,3,0,0,0,1,377512.57
Vainona,upper-mid,-17.780206337892196,31.07095707450033,6.28,3,2,322,1376,26,1,1,0,1,347029.96
Greendale,upper-mid,-17.791285581258748,31.14521815271338,11.49,8,6,347,1448,16,0,0,0,1,549214.27
Mabelreign,middle,-17.813362651057993,31.00202436301646,4.95,5,4,300,1438,0,0,0,1,1,168651.16
Mufakose,township,-17.911426504421804,30.963062495052593,12.46,3,3,88,327,30,0,0,0,0,39885.02
Vainona,upper-mid,-17.78087393067417,31.086060315370414,7.07,4,4,201,329,27,0,1,1,1,425651.7
Avonlea,middle,-17.772856824331615,30.98591328659103,9.0,3,3,178,802,29,0,1,0,0,231004.92
Vainona,upper-mid,-17.780815561419463,31.086517550934573,7.1,3,2,279,314,13,0,0,0,1,324118.75
Glen Lorne,premium,-17.74652228783319,31.17440219140981,16.61,2,1,310,2562,17,0,1,0,1,402110.35
Hatfield,middle,-17.873459072633192,31.095428635785588,7.13,5,5,141,867,42,0,0,1,0,146746.54
Ballantyne Park,premium,-17.759761022933656,31.08239021019009,8.86,1,1,487,2591,16,1,0,1,1,437197.38
Avondale,upper-mid,-17.78512927632175,31.01709225020377,5.89,4,3,405,1503,0,1,1,1,1,423935.89
Avondale,upper-mid,-17.78799776857172,31.033658419860057,4.93,3,2,304,1490,26,1,1,0,1,283551.3
Ballantyne Park,premium,-17.74901171937262,31.078496710579454,9.78,4,3,341,1894,21,1,1,0,1,525934.32
Glen Lorne,premium,-17.750127480478298,31.17849509656829,16.75,3,3,260,1582,19,0,1,0,1,486950.58
Greendale,upper-mid,-17.78991086783925,31.131450569502455,10.23,2,1,330,1556,20,0,1,1,1,318337.26
Kambuzuma,township,-17.857704375513492,30.967786324291126,8.7,2,1,133,743,0,0,0,0,0,41781.41
Avonlea,middle,-17.771794918548565,30.988650667884727,8.88,1,1,179,889,39,0,0,1,1,147991.44
Greendale,upper-mid,-17.800234069999345,31.131204497656267,9.75,1,1,372,2359,20,0,0,0,1,311092.1
Borrowdale,premium,-17.738969590002814,31.095858765562053,11.56,5,4,322,1051,22,0,1,1,1,664503.41
Avonlea,middle,-17.771734573341057,30.995600356112632,8.41,2,2,177,799,30,0,1,1,1,222394.44
Glen Lorne,premium,-17.744835598216124,31.18102530574761,17.3,4,4,378,2213,0,1,1,0,1,694903.55
Marlborough,middle,-17.777163072904056,30.951446747859457,11.57,2,2,199,1277,25,0,0,0,1,197816.17
Hatfield,middle,-17.868615562003047,31.084048947774363,5.88,2,1,213,1010,7,0,1,0,1,135830.6
Avondale,upper-mid,-17.781941430433875,31.023245595924998,5.92,5,5,209,200,15,0,0,1,1,363880.47
Vainona,upper-mid,-17.78269989250142,31.08039757294611,6.55,3,3,176,927,41,0,1,1,1,328142.94
Borrowdale,premium,-17.741208213986063,31.104502317847786,11.81,4,3,337,1913,0,1,0,0,1,722861.57
Borrowdale,premium,-17.74204620476237,31.101647907151104,11.57,4,4,341,1029,32,0,0,0,1,638898.26
Avondale,upper-mid,-17.787302242804156,31.018501811383814,5.61,1,1,315,1200,0,0,1,1,1,251863.38
Mufakose,township,-17.91196127112556,30.958097186032923,12.87,5,4,104,543,39,0,0,0,0,52720.63
Highlands,upper-mid,-17.783466957825368,31.068334051405035,5.83,3,2,370,2239,32,1,1,1,1,483988.36
Avonlea,middle,-17.771560182689306,30.993050575421805,8.6,3,3,270,1456,31,0,1,0,1,245771.04
Belvedere,middle,-17.853083148230617,31.017021103353073,3.85,1,1,119,727,19,0,0,1,0,118967.95
Glen Lorne,premium,-17.738897826096224,31.18874880970929,18.35,5,5,398,1644,13,1,1,1,1,620764.04
Ballantyne Park,premium,-17.7676404909632,31.087803518771114,8.38,2,2,107,339,6,0,1,1,1,348971.16
Vainona,upper-mid,-17.780538825987325,31.07384072558543,6.39,5,5,384,2103,13,0,1,1,1,501642.81
Belvedere,middle,-17.853758459789884,31.023519751404958,3.4,4,4,119,446,37,0,0,0,1,177084.88
Avondale,upper-mid,-17.786564230720284,31.03628031331132,5.03,3,2,198,587,27,0,0,1,1,255558.95
Hatfield,middle,-17.86529685756579,31.087385312601295,5.89,1,1,240,1182,25,0,1,0,1,116124.88
Mufakose,township,-17.904055751997905,30.955934446130847,12.44,1,1,90,460,26,0,0,0,1,36053.75
Hatfield,middle,-17.86917857622618,31.088754520247562,6.28,3,3,177,741,16,0,0,0,1,165144.2
Budiriro,township,-17.935809526458673,30.94039264572179,16.07,4,3,107,210,24,0,0,0,0,42582.76
Hatfield,middle,-17.864848577574083,31.096337658323876,6.61,3,3,201,1607,5,0,0,1,1,175869.66
Mabelreign,middle,-17.80858931592858,30.999311187413195,5.44,5,4,234,889,0,0,1,0,1,159937.28
Mabelreign,middle,-17.80680008508694,30.99531289362425,5.91,2,1,232,910,16,1,0,1,1,111450.77
Hatfield,middle,-17.87043577808672,31.092151507274192,6.64,3,2,186,685,37,0,1,0,1,117687.96
Mabelreign,middle,-17.81515182079622,30.998724273602335,5.21,1,1,141,629,3,0,1,0,1,122360.46
Kambuzuma,township,-17.85560342079515,30.953217340968212,10.09,2,2,82,487,21,0,0,0,0,33070.19
Avondale,upper-mid,-17.79137479250277,31.030869301446675,4.65,6,5,357,1858,30,0,0,0,1,427694.11
Belvedere,middle,-17.854276073570325,31.02518931335101,3.33,5,4,163,981,0,0,0,0,1,222329.46
Marlborough,middle,-17.779892401068505,30.947275751412352,11.8,3,2,171,495,44,0,0,0,1,185986.56
Mabelreign,middle,-17.808245506122667,30.99639253151672,5.73,3,3,160,559,19,0,0,0,1,141256.86
Avondale,upper-mid,-17.792215103888044,31.021028176186096,5.0,6,5,188,1426,5,0,1,1,1,446873.41
Mabelreign,middle,-17.812525409937226,30.99468016449394,5.71,2,2,139,1018,44,0,0,0,1,80055.18
Mabelreign,middle,-17.813438397827504,30.996071128183697,5.54,4,3,201,592,7,1,1,0,1,143653.59
Kambuzuma,township,-17.855240663772385,30.960414324699258,9.35,1,1,116,774,34,0,0,0,0,31698.02
Highlands,upper-mid,-17.781978080463166,31.076607745980006,6.4,2,1,249,1390,34,0,0,1,1,293330.06
Hatfield,middle,-17.869309030110422,31.098915239553424,7.12,3,2,155,581,27,0,1,0,0,122460.06
Hatfield,middle,-17.880888667367557,31.091625175691497,7.42,5,5,180,708,27,0,1,0,1,163542.63
Kambuzuma,township,-17.860629049771596,30.959769181584246,9.6,4,3,109,237,27,0,0,0,1,49604.48
Glen View,township,-17.93024101997525,30.979532619076824,13.03,1,1,119,667,32,0,1,0,1,31026.03
Avonlea,middle,-17.763609649503504,30.992375333265212,9.34,1,1,166,633,8,0,1,0,1,175760.08
Avonlea,middle,-17.76626014557667,30.996173555549262,8.86,2,2,164,620,19,0,1,0,1,242300.07
Ballantyne Park,premium,-17.75580919719614,31.079338982690622,9.12,8,6,285,708,6,0,1,1,1,642747.76
Budiriro,township,-17.94181975921247,30.942590062272053,16.41,2,2,77,304,23,0,0,0,0,32783.99
Highlands,upper-mid,-17.797377175743154,31.071386090613597,4.67,2,1,272,1266,32,0,1,0,1,289901.17
Hatfield,middle,-17.87046038853574,31.090385289357236,6.51,7,6,178,991,28,0,1,0,1,187328.6
Mabelreign,middle,-17.804582036574793,30.994559338685505,6.09,5,4,173,1437,23,0,0,0,1,168279.72
Avondale,upper-mid,-17.796078471959447,31.038436128779374,3.94,6,6,269,1577,23,0,1,1,1,476011.07
Highlands,upper-mid,-17.796132689931518,31.071252156744638,4.77,3,3,311,1275,14,0,1,0,1,408171.35
Ballantyne Park,premium,-17.759546667167562,31.082515976619636,8.88,1,1,463,821,16,0,1,1,1,411103.95
Mufakose,township,-17.912001807686405,30.96106518991462,12.65,1,1,100,461,16,0,0,0,1,40511.08
Marlborough,middle,-17.778451559839272,30.955319003159094,11.15,1,1,251,1379,11,0,1,0,0,219654.63
Glen Lorne,premium,-17.744508435524672,31.18284702663938,17.48,3,3,414,1642,16,0,1,1,1,584635.11
Hatfield,middle,-17.8780005154755,31.102094648987833,7.99,7,6,148,590,32,1,0,0,1,186231.44
Highlands,upper-mid,-17.797738023299193,31.07538805821199,4.9,3,3,364,2280,8,0,1,0,1,430424.63
Mufakose,township,-17.90983782186889,30.954994264979053,12.95,1,1,122,443,14,0,0,0,1,40643.96
Vainona,upper-mid,-17.782829975958336,31.08078799142453,6.56,1,1,315,1743,16,1,1,0,1,324703.68
Highlands,upper-mid,-17.788662552898046,31.078601350971176,5.9,4,4,201,1032,17,0,1,0,1,441841.54
Glen Lorne,premium,-17.744442162165594,31.18058403985004,17.28,5,4,477,2369,0,1,1,1,1,840935.58
Marlborough,middle,-17.785538037521405,30.946403669708815,11.6,2,1,139,568,10,0,0,1,1,179611.99
Avondale,upper-mid,-17.792288977250937,31.036906602390133,4.39,1,1,163,1083,22,0,1,1,1,233123.03
Hatfield,middle,-17.870843450850252,31.084193835628934,6.07,1,1,177,569,5,0,0,0,1,123006.41
Avondale,upper-mid,-17.785729784868728,31.026758945096603,5.39,3,2,183,599,33,1,1,0,1,260312.16
Greendale,upper-mid,-17.787371124667036,31.128096470615514,10.05,5,5,195,856,5,0,1,1,1,421984.47
Highlands,upper-mid,-17.790438919280515,31.06328098911501,4.91,6,6,222,1133,19,1,1,1,1,573834.15
Vainona,upper-mid,-17.774759621396445,31.07640161418189,7.08,4,3,348,1874,0,0,1,0,0,479560.0
Kambuzuma,township,-17.863441414044562,30.954366220227374,10.25,4,4,62,200,19,0,0,0,0,47626.33
Ballantyne Park,premium,-17.755460735170608,31.083505818968106,9.34,1,1,389,2001,1,1,1,1,1,477242.36
Budiriro,township,-17.948473842597494,30.937464093792258,17.32,4,4,88,214,41,0,0,0,0,37632.71
Vainona,upper-mid,-17.778098443106828,31.0814177410354,7.03,1,1,204,1499,21,0,0,0,1,294914.77
Glen Lorne,premium,-17.7453488082056,31.171954194459243,16.47,4,4,435,3132,31,1,1,1,1,553886.38
Highlands,upper-mid,-17.782286988365552,31.066101584690315,5.86,5,5,226,1158,6,0,1,1,1,543768.81
Glen Lorne,premium,-17.74735228664175,31.187358368415964,17.71,5,4,401,2080,26,1,1,0,1,774672.5
Mabelreign,middle,-17.80904661525148,30.99945522854197,5.4,3,2,206,1159,30,0,0,1,1,136928.51
Marlborough,middle,-17.781245351413077,30.947060383047432,11.75,1,1,182,453,12,0,0,1,0,179988.62
Vainona,upper-mid,-17.784587903635007,31.093340858696955,7.27,2,1,293,1564,7,0,1,0,1,391870.54
Belvedere,middle,-17.848238331546085,31.02096112943461,3.19,3,3,161,913,6,0,1,0,1,207391.54
Avonlea,middle,-17.76911504765293,30.985735581921436,9.31,3,2,124,722,21,0,0,0,1,191124.19
Kambuzuma,township,-17.861234214379053,30.96424131353208,9.19,2,1,111,718,12,0,0,0,1,37793.71
Kambuzuma,township,-17.85687017223436,30.96206844013922,9.24,4,4,99,706,17,0,0,0,0,44137.48
Belvedere,middle,-17.853653268887744,31.024321774585594,3.34,1,1,226,1073,3,0,0,0,1,160596.39
Mabelreign,middle,-17.803613069063804,30.995156551889618,6.09,2,2,233,1263,33,0,0,0,1,111018.89
Mabelreign,middle,-17.803669162286234,30.999359545302713,5.71,5,5,201,730,21,0,1,1,1,177148.83
Marlborough,middle,-17.785107907606395,30.95389048526433,10.91,8,6,270,1833,20,0,1,0,1,394723.15
Belvedere,middle,-17.85050360333898,31.01397254765661,3.94,6,5,124,813,0,0,0,0,1,280746.36
Glen Lorne,premium,-17.742056110986912,31.19494899052101,18.71,5,4,481,3269,17,0,1,1,1,636728.81
Hatfield,middle,-17.869599657093655,31.0910065974088,6.49,1,1,136,694,14,0,0,0,1,108117.0
Kambuzuma,township,-17.862457638181603,30.96030233110376,9.62,3,3,96,309,16,0,0,0,0,44670.96
Glen Lorne,premium,-17.739838083830204,31.1861300067157,18.06,1,1,452,1812,32,0,1,0,1,414872.2
Mabelreign,middle,-17.815621633334867,31.000584961166478,5.0,3,2,196,790,25,0,1,0,1,130913.58
Kambuzuma,township,-17.86041363114294,30.962385919331496,9.34,3,3,76,357,34,0,1,0,1,45305.48
Highlands,upper-mid,-17.791256747863144,31.073149940915926,5.33,1,1,325,1719,15,1,1,1,1,368830.57
Marlborough,middle,-17.780999099211755,30.95468715142626,11.06,3,2,259,1312,22,0,1,0,1,266035.96
Kambuzuma,township,-17.854336793936856,30.9619101035294,9.17,2,1,93,576,22,0,0,0,0,29170.21
Kambuzuma,township,-17.856331443517067,30.96538091331584,8.89,4,3,46,201,26,0,0,0,0,46443.08
Mt Pleasant,premium,-17.779465884693472,31.02085329022878,6.27,1,1,203,1506,4,0,1,0,1,379376.6
Greendale,upper-mid,-17.793820240894696,31.126508907141286,9.57,3,3,335,1718,33,1,0,0,1,372628.27
Belvedere,middle,-17.846874621343673,31.01438611279591,3.69,2,1,180,934,12,0,0,0,1,136579.78
Highlands,upper-mid,-17.786950617983702,31.074103188768888,5.79,1,1,288,1919,40,0,0,1,1,273385.98
Vainona,upper-mid,-17.781791707281243,31.07762981459445,6.47,2,2,312,1195,19,0,0,1,1,326891.42
Borrowdale,premium,-17.74448890466203,31.10807864474787,11.71,3,3,291,2206,26,1,1,1,1,669244.4
Ballantyne Park,premium,-17.765522308908913,31.086969657096144,8.53,1,1,369,1540,20,1,1,1,1,416965.83
Avonlea,middle,-17.76711594579887,30.981938732220467,9.75,2,2,126,1009,0,0,0,1,1,197153.1
Belvedere,middle,-17.85221415145889,31.02557629898724,3.13,2,1,149,704,30,0,1,0,1,130789.15
Belvedere,middle,-17.84357089874461,31.018122440799548,3.17,3,3,158,633,14,0,1,0,1,182412.21
Hatfield,middle,-17.87417048214094,31.087758668013496,6.6,2,1,180,816,15,0,0,0,1,136913.55
Avondale,upper-mid,-17.79180283912234,31.03214691366279,4.57,2,2,216,1113,5,0,1,0,1,286822.23
Vainona,upper-mid,-17.77894208808707,31.075894665167336,6.65,2,2,254,2084,10,0,1,0,1,387492.23
Borrowdale,premium,-17.733813388718097,31.09043484602969,11.83,3,3,395,1920,19,1,1,1,1,693541.35
Highlands,upper-mid,-17.796620914576035,31.064424444993787,4.34,4,3,337,2389,28,0,0,1,1,452868.95
Vainona,upper-mid,-17.78294898503892,31.082208588136808,6.64,1,1,243,1178,0,1,1,0,1,386036.84
Ballantyne Park,premium,-17.761626666151564,31.07429214630885,8.31,3,3,419,1351,16,1,1,1,1,521253.04
Borrowdale,premium,-17.73469066256103,31.09028954741739,11.73,4,3,276,1151,23,1,0,1,1,629922.16
Ballantyne Park,premium,-17.760736337443806,31.083485581946498,8.81,3,3,261,758,4,1,0,1,1,497291.87
Belvedere,middle,-17.851148181536413,31.012881332814214,4.07,2,1,118,590,23,0,0,1,1,135061.55
Avonlea,middle,-17.76470519067321,30.99291252546365,9.21,5,4,97,690,10,0,1,0,1,246697.7
Kambuzuma,township,-17.859689117103738,30.95737937251045,9.81,4,4,90,688,23,0,0,0,1,51917.83
Mabelreign,middle,-17.80605098769636,30.998215182333347,5.68,5,5,142,596,12,0,1,1,1,158352.48
Avonlea,middle,-17.764294147342728,30.994173757875107,9.16,2,1,134,723,37,0,1,0,0,143431.43
Mt Pleasant,premium,-17.77731219309517,31.013885521375443,6.82,5,4,287,2082,0,0,1,1,1,626234.74
Avonlea,middle,-17.767708930873244,30.989862700222396,9.14,6,6,199,938,24,0,1,0,0,303881.58
Glen Lorne,premium,-17.734741583939755,31.181099478817217,17.95,8,6,300,1304,32,1,0,1,1,872115.76
Avondale,upper-mid,-17.79080746774677,31.036379037059124,4.56,3,2,270,1706,11,1,0,0,1,310077.35
Greendale,upper-mid,-17.79094307789798,31.130205434420596,10.06,5,4,128,557,16,0,0,1,1,390543.83
Avondale,upper-mid,-17.78498744445032,31.027573435715112,5.44,1,1,187,1108,7,0,1,0,1,223098.75
Vainona,upper-mid,-17.784976977269537,31.075212767912387,6.03,2,1,223,1217,14,0,0,1,1,294829.34
Belvedere,middle,-17.85034671398892,31.01223271022065,4.08,2,2,209,982,8,0,0,1,1,158753.4
Mabelreign,middle,-17.80957194954457,31.000440755182176,5.28,4,4,235,1471,14,0,0,0,0,147702.89
Hatfield,middle,-17.867359103649157,31.089009597366807,6.17,5,5,199,671,39,0,1,0,1,192832.05
Avonlea,middle,-17.765338776379764,30.98651864536301,9.57,3,3,238,503,0,0,0,1,1,255554.57
Marlborough,middle,-17.783852215674926,30.95214999619451,11.14,1,1,121,525,9,0,0,0,1,181668.95
Borrowdale,premium,-17.744232879263368,31.099778547697042,11.26,4,3,362,1894,2,1,1,0,1,732314.69
Hatfield,middle,-17.865282463589494,31.093913360246944,6.43,4,3,165,1203,33,0,0,0,1,139188.57
Marlborough,middle,-17.782851299628952,30.94442177705131,11.92,2,1,190,539,29,0,1,0,1,206807.08
Vainona,upper-mid,-17.781895758641912,31.07607013033441,6.37,3,2,245,937,4,0,1,0,1,382224.65
Vainona,upper-mid,-17.780573658938877,31.07889807984757,6.66,1,1,414,1950,26,0,1,1,1,291413.9
Kambuzuma,township,-17.863212720934815,30.95041475471143,10.63,4,3,130,647,21,0,0,0,1,49971.91
Avonlea,middle,-17.77590892290208,30.987165716550237,8.66,1,1,209,1319,15,0,0,0,1,216243.54
Avondale,upper-mid,-17.794816980452023,31.0363338086549,4.13,2,2,284,737,43,1,1,0,1,234357.88
Avonlea,middle,-17.76503167708523,30.984263612351434,9.75,5,5,111,660,32,1,1,0,1,261286.52
Greendale,upper-mid,-17.795803205706694,31.13707489166796,10.5,3,3,180,567,21,1,0,1,0,380576.86
Avondale,upper-mid,-17.788607756528016,31.028147941982418,5.04,4,3,263,1210,8,0,1,0,1,379882.55
Vainona,upper-mid,-17.778162289179793,31.069316552058694,6.41,5,4,180,1075,19,0,1,0,1,420861.08
Avondale,upper-mid,-17.790888201561575,31.024402929389073,4.96,2,2,257,664,5,0,1,1,1,320286.97
Belvedere,middle,-17.86040274175566,31.015389367165838,4.53,1,1,276,1651,38,0,0,0,1,119223.22
Borrowdale,premium,-17.739250441819134,31.09789475315167,11.64,7,6,354,2764,16,1,0,0,1,897142.69
Mabelreign,middle,-17.812547564773986,30.99611448805193,5.57,8,6,172,1034,14,0,1,0,1,193244.83
Vainona,upper-mid,-17.785021840736118,31.08305179747276,6.51,2,1,277,1051,22,0,1,0,1,337058.96
Belvedere,middle,-17.84327134796703,31.01500029233455,3.46,3,3,186,1080,14,0,0,0,1,185366.69
Belvedere,middle,-17.850602663251863,31.013619106506436,3.97,4,4,251,1300,9,0,0,0,1,206767.85
Belvedere,middle,-17.85629153126503,31.018741060937643,3.95,3,3,154,744,8,0,0,1,1,178117.01
Avonlea,middle,-17.769608696366227,30.983560896559055,9.43,3,3,163,786,8,0,1,0,1,232050.05
Kambuzuma,township,-17.865313415047467,30.958025470414746,9.97,1,1,83,469,3,0,0,0,1,40591.36
Marlborough,middle,-17.779603663847567,30.942743334784517,12.24,1,1,127,351,15,0,0,0,1,153415.52
Hatfield,middle,-17.87420786277515,31.076758860950687,5.86,5,4,199,1145,22,0,1,1,1,168115.57
Belvedere,middle,-17.850399528427694,31.01745395557317,3.63,2,2,196,806,14,0,0,0,1,165976.47
Highlands,upper-mid,-17.78561174006989,31.064676202540625,5.46,4,3,269,707,28,0,1,0,1,395300.23
Vainona,upper-mid,-17.78523669923095,31.084267499468286,6.57,5,4,239,1610,38,0,1,1,1,379654.65
Avondale,upper-mid,-17.794583236026114,31.023314603957957,4.65,2,2,232,1048,10,1,1,1,1,324423.58
Vainona,upper-mid,-17.78309765922408,31.076299082094152,6.27,1,1,284,1144,5,0,1,1,0,317897.46
Greendale,upper-mid,-17.786352582912208,31.132186941181036,10.48,2,1,234,755,7,1,1,0,1,311848.42
Greendale,upper-mid,-17.787301612812463,31.13448268629295,10.65,5,5,236,1785,48,1,0,1,1,409025.82
Avonlea,middle,-17.773781895319953,30.99669091468135,8.16,5,4,173,1151,16,0,0,0,1,309393.28
Highlands,upper-mid,-17.78877008688908,31.074635313912268,5.65,4,3,279,1724,7,0,1,1,1,493505.71
Mabelreign,middle,-17.81796559650614,30.99416086957281,5.57,2,1,193,888,18,0,0,0,1,121763.15
Avondale,upper-mid,-17.792938562943313,31.039010504782734,4.28,4,3,318,1824,27,1,0,1,1,388633.47
Belvedere,middle,-17.842594598316705,31.019746042962744,2.97,3,2,127,590,15,0,0,1,1,177431.84
Glen Lorne,premium,-17.748771109305363,31.179454809294725,16.92,3,2,369,2015,18,0,1,0,1,587428.72
Avondale,upper-mid,-17.791213984959775,31.031728093134237,4.64,2,2,309,1076,21,0,1,0,1,265772.21
Borrowdale,premium,-17.744772990141,31.091060167134703,10.76,1,1,298,1730,20,0,1,1,1,457277.64
Belvedere,middle,-17.843147222849428,31.012990486789477,3.65,4,4,144,548,23,0,1,1,1,162464.74
Greendale,upper-mid,-17.786946002831613,31.128764895522004,10.13,2,2,287,2151,20,0,0,0,1,315591.31
Kambuzuma,township,-17.85584842124437,30.96471933929789,8.94,3,3,46,200,25,0,0,0,0,36730.89
Vainona,upper-mid,-17.78284672183412,31.086832928826915,6.95,4,4,254,428,31,1,0,0,1,391258.4
Avonlea,middle,-17.773700017453763,30.997225088086836,8.14,3,2,159,532,30,0,0,0,1,193527.0
Highlands,upper-mid,-17.7863309580255,31.066539882264973,5.47,2,2,304,1636,19,1,1,0,1,399608.19
Avonlea,middle,-17.765979385106657,30.984842582176267,9.64,3,2,124,393,38,0,0,0,1,167915.19
Avondale,upper-mid,-17.79569580014533,31.039459709149167,3.97,3,3,202,726,31,0,1,0,0,251427.01
Greendale,upper-mid,-17.786705847797847,31.12659948357292,9.94,4,4,194,812,30,1,1,1,1,390417.65
Highlands,upper-mid,-17.787739811511727,31.06613109141182,5.31,4,3,200,1001,15,0,0,1,1,417424.2
Mt Pleasant,premium,-17.780810418767686,31.019786810737333,6.19,4,4,509,2754,13,0,1,1,1,609680.31
Mt Pleasant,premium,-17.773028898589605,31.019352057133172,6.99,4,3,380,1445,25,0,1,1,1,488825.39
Budiriro,township,-17.944902571962654,30.93701386795,17.06,3,2,85,466,7,0,0,0,0,37956.4
Greendale,upper-mid,-17.794191473277042,31.13464436138423,10.34,3,3,294,1930,10,0,1,0,1,413120.36
Borrowdale,premium,-17.740073908982332,31.103403585802784,11.85,6,5,383,2138,0,1,0,0,1,854325.31
Kambuzuma,township,-17.858429844720902,30.958201592384174,9.68,1,1,123,572,24,0,0,1,1,31224.79
Borrowdale,premium,-17.741660448871997,31.104062258136214,11.74,4,3,369,2233,33,0,1,0,1,588420.17
Avondale,upper-mid,-17.79674227931641,31.02557765954038,4.33,2,2,289,1684,0,0,0,0,1,314127.05
Hatfield,middle,-17.8755408023822,31.091661050482802,6.99,1,1,248,1233,26,0,1,1,1,119850.44
Glen View,township,-17.929435163082456,30.976534969136107,13.13,2,2,86,315,0,0,0,0,1,43287.93
Hatfield,middle,-17.874277723084095,31.075170823826422,5.78,3,2,127,402,24,1,0,1,1,140405.03
Avondale,upper-mid,-17.79842929214504,31.027408216635113,4.07,4,4,209,1374,0,0,1,0,1,350921.15
Budiriro,township,-17.940533922289212,30.947203165968993,15.98,1,1,43,264,37,0,0,0,0,23471.01
Borrowdale,premium,-17.73895056706358,31.093484498095094,11.45,1,1,568,3454,19,0,1,0,1,699994.73
Budiriro,township,-17.939475772235888,30.936895582768184,16.62,4,4,95,589,27,0,0,0,1,44749.5
Mabelreign,middle,-17.812923283975213,31.001327752763217,5.04,1,1,177,902,34,0,0,1,1,78102.68
Kambuzuma,township,-17.86288931203392,30.96014619045408,9.66,2,1,79,410,28,0,0,0,0,29287.22
Highlands,upper-mid,-17.791445193565,31.067129203713797,4.98,2,2,166,831,11,0,1,0,1,363796.91
Mt Pleasant,premium,-17.777538656871354,31.019838912365532,6.51,4,3,303,892,17,0,1,0,1,498262.4
Belvedere,middle,-17.84856872826621,31.010192748488294,4.17,4,3,190,1422,25,0,1,0,1,193256.21
Marlborough,middle,-17.78074915150027,30.949027131064653,11.6,4,4,149,556,30,0,0,1,1,253322.53
Marlborough,middle,-17.777697148922144,30.95141492650658,11.55,2,1,130,456,15,0,0,0,1,179193.95
Glen View,township,-17.931228781308185,30.97465566741328,13.4,4,3,102,444,29,0,0,0,0,41848.09
Avonlea,middle,-17.77030218676673,30.985962644668977,9.2,2,1,142,898,23,0,0,1,1,175784.81
Vainona,upper-mid,-17.77753456950899,31.079534066578333,6.98,1,1,188,1125,25,1,1,1,1,325965.82
Greendale,upper-mid,-17.787668329151636,31.121416189446563,9.42,3,3,265,1432,43,0,1,1,1,336877.45
Mt Pleasant,premium,-17.77953862455415,31.01795044678047,6.4,5,4,349,1778,11,1,1,1,1,633925.02
Ballantyne Park,premium,-17.767746656470646,31.078068119319532,7.86,2,1,483,3442,14,0,1,0,1,477478.57
Mt Pleasant,premium,-17.782362943205783,31.023559893982384,5.87,5,5,444,634,22,1,0,0,1,553539.41
Mabelreign,middle,-17.816792848126273,30.994414272332353,5.58,4,4,249,1678,15,0,0,0,1,172133.34
Belvedere,middle,-17.84950266705107,31.023169096047823,3.09,3,2,138,739,8,0,1,0,1,153927.07
Marlborough,middle,-17.78674640106737,30.953437479892845,10.87,3,2,130,494,21,0,1,0,1,190750.35
Greendale,upper-mid,-17.79675446371755,31.13423181079325,10.19,6,5,327,2005,60,1,0,0,1,414853.31
Belvedere,middle,-17.839447684163055,31.02071584031833,2.74,2,1,160,803,48,0,1,0,1,119615.24
Mabelreign,middle,-17.81356057366595,31.000342556959872,5.11,3,2,208,1169,24,0,0,0,1,123247.98
Mufakose,township,-17.90469445143467,30.96684866698599,11.64,2,1,104,659,30,0,0,0,1,37877.55
Marlborough,middle,-17.788286775374875,30.944379215068146,11.66,4,4,201,647,17,0,0,1,1,251433.05
Mabelreign,middle,-17.810507101760283,30.99700915524016,5.57,2,2,200,894,43,0,1,1,0,96643.77
Marlborough,middle,-17.78316637037862,30.95556438180919,10.86,1,1,156,604,24,0,0,0,1,156891.22
Avondale,upper-mid,-17.79246267984436,31.032480741379448,4.49,3,2,269,1937,2,0,0,0,1,377980.61
Mufakose,township,-17.911707215229324,30.95432976095017,13.14,1,1,81,200,6,0,0,0,1,43061.89
Greendale,upper-mid,-17.79060271841226,31.13017684091826,10.07,2,2,299,2932,18,0,0,0,1,286296.16
Greendale,upper-mid,-17.789741534848556,31.129929485703475,10.09,3,3,326,1377,0,0,1,0,1,442733.4
Vainona,upper-mid,-17.776738280511726,31.08028972686703,7.1,6,5,247,1847,26,1,1,0,1,531927.57
Marlborough,middle,-17.784756368236703,30.947394851772316,11.54,4,3,143,691,9,0,1,0,1,259217.73
Marlborough,middle,-17.78149447534145,30.95678359508333,10.84,5,5,157,575,26,0,1,1,1,333046.6
Belvedere,middle,-17.848262246219416,31.018926172943686,3.36,2,1,140,1005,20,0,1,0,0,143983.14
Avondale,upper-mid,-17.79385670898264,31.023189170468573,4.73,3,3,160,788,20,0,1,1,1,349922.55
Highlands,upper-mid,-17.78289337856815,31.07488366586364,6.21,6,5,285,1549,43,1,1,0,1,533729.62
Mufakose,township,-17.91390338150086,30.963262912996644,12.64,4,3,130,445,49,0,0,0,1,42078.24
Greendale,upper-mid,-17.792169422119734,31.140511036939813,10.99,3,2,195,1304,13,1,0,0,1,363746.57
Glen View,township,-17.926665866302304,30.970907767728015,13.21,1,1,121,556,20,0,0,0,1,30496.32
Highlands,upper-mid,-17.786760136389873,31.073226960195477,5.76,3,2,192,1163,23,0,1,1,1,384870.41
Marlborough,middle,-17.77704920598032,30.95032402226013,11.68,8,6,143,749,14,0,1,0,1,325212.5
Marlborough,middle,-17.77445631274271,30.941418407684797,12.64,4,3,188,1081,0,0,0,1,1,315768.51
Mabelreign,middle,-17.807233263020663,30.99111793934777,6.29,4,4,225,1422,26,0,0,0,1,139828.52
Mt Pleasant,premium,-17.780843806397108,31.01862407743187,6.24,1,1,232,1535,17,1,0,1,1,410106.81
Glen View,township,-17.930856374430675,30.979658250797023,13.08,3,3,92,404,6,0,1,0,1,52932.09
Marlborough,middle,-17.776638458787886,30.95126218492587,11.62,4,3,105,314,20,0,0,0,1,214179.56
Avonlea,middle,-17.7719807866017,30.99973150126716,8.13,4,4,153,805,15,0,0,1,1,243777.03
Marlborough,middle,-17.772131632880566,30.945189605289926,12.43,5,4,244,765,42,0,1,1,1,258536.5
Borrowdale,premium,-17.746259716233283,31.099036922819675,11.02,1,1,380,1733,43,1,1,1,1,460880.51
Marlborough,middle,-17.77279313304111,30.952846832959782,11.71,4,3,243,1290,8,0,0,1,1,261377.73
Highlands,upper-mid,-17.787733962619058,31.073125364477594,5.66,2,2,188,1069,29,0,0,1,1,328801.81
Greendale,upper-mid,-17.787579648435525,31.13291017080141,10.48,4,3,278,1573,21,0,1,0,1,379805.96
Belvedere,middle,-17.84991956625899,31.023700159025676,3.08,3,3,217,1572,18,1,0,1,1,194891.06
Marlborough,middle,-17.7703990183961,30.94868401574015,12.22,3,2,225,684,10,0,0,0,0,215116.99
Glen Lorne,premium,-17.74738316521137,31.186425580075028,17.63,4,3,503,2451,21,1,1,1,1,561486.89
Glen Lorne,premium,-17.74263663550831,31.171218573764737,16.59,1,1,218,555,44,1,1,1,1,317786.76
Ballantyne Park,premium,-17.7611092852747,31.087172930587556,8.96,4,4,356,1654,17,0,1,0,1,464106.7
Ballantyne Park,premium,-17.7489049217319,31.088183070039708,10.21,3,3,375,2198,11,0,1,0,1,479704.73
Avonlea,middle,-17.7676858582582,30.991927987583388,9.01,3,3,176,1207,15,0,0,1,1,271229.86
Ballantyne Park,premium,-17.757495147584336,31.076657986942124,8.83,4,3,370,2276,42,1,1,1,1,449135.65
Mufakose,township,-17.908921529336876,30.95646220446817,12.76,1,1,86,388,35,0,0,0,0,28791.27
Highlands,upper-mid,-17.787162458146373,31.06369696116007,5.26,5,4,303,859,24,1,1,0,1,463591.2
Glen Lorne,premium,-17.74763667843129,31.181227784991528,17.15,3,3,335,2113,32,0,1,0,1,431513.48
Mufakose,township,-17.906823157627727,30.960970563485976,12.25,4,3,106,504,1,0,0,0,1,64369.98
Vainona,upper-mid,-17.78430917764028,31.0876439568416,6.88,2,2,228,1662,11,0,1,0,1,405127.81
Avondale,upper-mid,-17.788833362246912,31.035895279650365,4.79,1,1,299,1966,42,0,1,1,1,205314.54
Kambuzuma,township,-17.860976481970294,30.96529163544206,9.07,1,1,87,208,39,0,0,0,0,28652.59
Kambuzuma,township,-17.856218338784245,30.957707073790395,9.66,6,6,108,339,8,0,0,0,1,66355.29
Hatfield,middle,-17.85984313251556,31.10417481728783,7.04,1,1,172,980,28,0,1,0,1,110739.76
Glen Lorne,premium,-17.743454266261534,31.173485818892505,16.73,3,3,295,1328,35,0,1,1,1,407696.85
Avonlea,middle,-17.76730363137219,30.990682400365507,9.12,1,1,123,1000,11,0,1,0,1,179872.91
Budiriro,township,-17.93916864859092,30.93806438719583,16.51,2,1,88,628,0,0,0,0,1,37620.0
Kambuzuma,township,-17.862688522209204,30.959388404471515,9.72,2,1,60,225,21,0,0,0,1,34039.73
Mt Pleasant,premium,-17.777538847503713,31.015326765197614,6.72,1,1,308,1377,40,1,1,1,1,368926.36
Greendale,upper-mid,-17.790963714819835,31.128068391718692,9.86,3,2,198,1279,11,0,1,1,1,359657.4
Vainona,upper-mid,-17.776241293536078,31.07674923182872,6.96,4,3,359,1486,23,0,1,0,1,411834.65
Mt Pleasant,premium,-17.781819238830398,31.01496352503468,6.33,3,3,222,1475,1,0,1,1,1,463736.38
Belvedere,middle,-17.851891927268362,31.017364679665825,3.74,2,2,218,1333,29,0,1,0,1,162878.85
Vainona,upper-mid,-17.777161787897924,31.083549672406576,7.25,5,4,282,2007,25,0,1,0,1,433614.6
Greendale,upper-mid,-17.789112033803846,31.127295869073766,9.88,3,2,237,644,28,0,1,0,1,353134.86
Glen Lorne,premium,-17.74571425141207,31.185158164071005,17.61,2,1,221,1536,22,1,1,1,1,444125.15
Marlborough,middle,-17.7805984945125,30.948257317537585,11.68,7,6,268,1370,14,0,1,1,1,340460.27
Ballantyne Park,premium,-17.760667887411845,31.079079500976285,8.61,6,5,429,1309,16,0,1,1,1,560800.96
Avondale,upper-mid,-17.792384176445736,31.02438074500038,4.82,2,1,224,1079,27,1,1,1,1,268634.05
Mt Pleasant,premium,-17.774933701313117,31.02257113016868,6.67,3,2,248,1374,4,0,1,0,1,482192.06
Kambuzuma,township,-17.855751727646453,30.95959799628145,9.45,8,6,102,383,12,0,0,0,0,63504.43
Mt Pleasant,premium,-17.778145981974568,31.018769256917466,6.5,5,5,517,2070,24,1,1,0,1,525593.65
Marlborough,middle,-17.784408302917637,30.948966901754766,11.41,2,1,175,800,33,0,1,0,1,193759.3
Highlands,upper-mid,-17.788579447486647,31.066241915975084,5.23,2,1,248,948,9,1,1,1,1,433937.8
Glen Lorne,premium,-17.747155707123174,31.177072122281558,16.81,3,3,390,1900,6,0,1,1,1,596026.98
Highlands,upper-mid,-17.79003085653175,31.067729219396274,5.15,6,6,329,859,33,1,1,1,1,582441.51
Glen Lorne,premium,-17.755227532086973,31.171799165810995,15.85,1,1,168,607,47,0,1,1,1,288744.47
Mt Pleasant,premium,-17.784458339949346,31.02275604940124,5.69,4,3,269,1218,18,1,1,1,1,529405.32
Marlborough,middle,-17.777232100394624,30.953040811853338,11.42,4,4,160,487,39,0,0,0,1,188503.11
Belvedere,middle,-17.847489017412848,31.026732061417952,2.66,1,1,79,255,36,0,0,1,1,103505.94
Glen Lorne,premium,-17.737547881272043,31.177833171013095,17.49,4,4,451,2065,5,1,1,1,1,665743.0
Avondale,upper-mid,-17.791896531924113,31.03346063089399,4.52,5,5,358,2558,11,0,1,1,1,425964.95
Avonlea,middle,-17.762635910889635,30.987294201516075,9.75,2,1,223,1248,9,0,1,0,1,196535.92
Highlands,upper-mid,-17.788237044085875,31.07092000104303,5.49,3,2,191,899,10,1,1,0,1,391137.32
Greendale,upper-mid,-17.7957703456946,31.14049419394848,10.84,4,3,279,1428,20,0,1,0,1,385128.25
Glen Lorne,premium,-17.734726557769743,31.177354502145434,17.63,3,3,297,1531,29,0,1,1,1,469350.95
Highlands,upper-mid,-17.796900180765952,31.071848389163492,4.74,1,1,246,1141,15,1,0,0,1,369604.64
Avondale,upper-mid,-17.79480320179974,31.02315299092089,4.64,5,4,346,2282,21,0,0,0,1,399194.14
Budiriro,township,-17.940431654706856,30.942740833756574,16.28,1,1,60,211,20,0,0,0,1,29586.55
Budiriro,township,-17.945064959179444,30.94064544893813,16.82,2,2,51,232,21,0,0,0,1,39837.06
Budiriro,township,-17.943040324477955,30.93635813904379,16.95,1,1,90,561,8,0,0,0,1,34562.28
Avondale,upper-mid,-17.78655727734587,31.03635559839717,5.03,5,5,301,950,9,0,0,0,1,346899.07
Glen Lorne,premium,-17.741447316443715,31.18249476770996,17.64,7,6,381,1546,34,0,1,0,1,739809.66
Vainona,upper-mid,-17.780789978128624,31.070728426389714,6.21,5,4,288,1428,13,1,1,0,1,468780.68
Highlands,upper-mid,-17.79014254030723,31.068501584815067,5.18,5,4,300,1451,31,0,1,1,1,465895.32
Borrowdale,premium,-17.7449254884483,31.092359723903787,10.81,4,4,412,1588,39,1,1,1,1,692539.14
Glen Lorne,premium,-17.748448129543828,31.180635146379817,17.04,4,4,343,1749,28,0,1,0,1,633902.24
Avondale,upper-mid,-17.792744564528594,31.031456690455123,4.49,2,1,285,1598,0,0,1,1,1,346259.13
Vainona,upper-mid,-17.7808888891726,31.089374761229237,7.29,4,4,169,566,16,0,1,1,1,400106.11
Ballantyne Park,premium,-17.76693798533476,31.086054668753892,8.34,5,4,307,1401,1,0,1,0,1,512894.61
Hatfield,middle,-17.87647774625205,31.09484904135164,7.31,4,4,193,443,32,0,0,0,1,147673.91
Greendale,upper-mid,-17.785915997121467,31.130406093112132,10.34,1,1,385,2513,28,0,1,0,1,290085.08
Mabelreign,middle,-17.805786332952508,30.99745404716672,5.76,1,1,209,576,10,0,0,0,1,111892.65
Highlands,upper-mid,-17.797729082330747,31.07670896112007,5.0,2,2,251,699,0,0,1,1,1,439135.7
Marlborough,middle,-17.77366821709161,30.936532902049045,13.13,3,2,120,630,22,0,0,0,0,204083.92
Ballantyne Park,premium,-17.76134375428018,31.078034577815025,8.5,1,1,466,2324,0,0,1,0,1,485052.23
Marlborough,middle,-17.77930331229456,30.94988656816882,11.59,1,1,137,538,10,0,1,0,1,184032.48
Ballantyne Park,premium,-17.757180928865807,31.07339880648027,8.74,3,3,257,1004,7,1,1,0,1,429342.53
Ballantyne Park,premium,-17.76066968796663,31.07015219162952,8.26,1,1,96,302,5,1,1,1,1,386279.35
Avonlea,middle,-17.7721571185241,30.989753594141472,8.78,4,4,183,855,14,0,0,1,1,305111.81
Highlands,upper-mid,-17.792265052290908,31.068426702486484,4.97,4,3,273,1161,19,0,1,0,1,422274.63
Ballantyne Park,premium,-17.760140741042413,31.078460214277648,8.64,3,3,476,2738,28,0,1,1,1,526840.61
Kambuzuma,township,-17.868189116828244,30.967607922820896,9.18,1,1,94,560,28,0,0,0,1,30575.58
Borrowdale,premium,-17.7353275865095,31.095909491064308,11.93,3,2,188,381,20,1,1,1,1,614129.36
Avonlea,middle,-17.77658188204084,30.988116001279433,8.54,4,3,125,488,4,0,0,1,1,277456.09
Marlborough,middle,-17.780742766451127,30.95119327678301,11.4,5,4,183,1127,17,0,1,1,0,269675.99
Highlands,upper-mid,-17.79061427519172,31.0767103482713,5.61,1,1,247,1458,29,0,1,1,0,301053.97
Avondale,upper-mid,-17.78315333206149,31.02833820540418,5.61,2,1,264,1271,13,0,1,0,1,291848.67
Glen Lorne,premium,-17.74523008476711,31.17959354387056,17.15,6,6,428,3369,10,1,1,1,1,919290.58
Hatfield,middle,-17.86610351881742,31.08906979095983,6.08,5,5,221,1164,11,0,1,0,1,174168.46
Highlands,upper-mid,-17.786018329710373,31.072465880336672,5.79,4,4,230,1710,18,1,1,1,1,476035.94
Ballantyne Park,premium,-17.76131081156349,31.07475257460975,8.36,3,2,369,1889,26,1,1,1,1,436323.1
Vainona,upper-mid,-17.783903033614877,31.087680630293807,6.92,6,6,309,1042,16,0,1,0,1,514954.37
Glen View,township,-17.926952333353373,30.97660586620219,12.89,3,3,94,461,19,0,0,0,0,47781.69
Mabelreign,middle,-17.81220605007493,30.998268121380992,5.37,2,2,232,1457,22,0,0,0,1,130106.28
Kambuzuma,township,-17.857682851693717,30.95645206570647,9.83,4,3,117,671,14,0,0,1,0,57193.67
Belvedere,middle,-17.852311444411832,31.02267316829531,3.35,2,1,197,936,26,0,0,0,1,138256.21
Belvedere,middle,-17.856684113425896,31.033417383506045,3.11,2,1,61,275,27,0,0,0,1,105718.63
Avondale,upper-mid,-17.785556516449674,31.03946735944739,5.09,2,2,274,1472,24,1,1,0,1,317118.81
Glen View,township,-17.930195498511754,30.962513449654423,14.07,4,4,116,694,11,0,0,0,1,47502.97
Marlborough,middle,-17.78145962799524,30.95525702569549,10.98,2,1,132,753,0,0,1,1,1,239413.69
Greendale,upper-mid,-17.79079989232573,31.126879364302148,9.75,2,1,271,1312,22,0,1,1,1,331630.62
Belvedere,middle,-17.847455546189906,31.027620493107452,2.59,2,2,288,2053,23,0,1,0,1,182315.78
Marlborough,middle,-17.78631366262613,30.956064272538814,10.65,4,3,175,536,31,0,0,0,1,230207.48
Mt Pleasant,premium,-17.774203875697527,31.022502774369197,6.75,4,3,259,1496,14,1,1,0,1,499457.73
Greendale,upper-mid,-17.7946444811315,31.128595972242532,9.73,4,4,209,993,13,0,1,0,1,423664.23
Vainona,upper-mid,-17.781678965255406,31.07256909742091,6.21,5,5,262,1245,4,1,0,0,1,452758.66
Mabelreign,middle,-17.806437363265687,30.994924448145266,5.96,1,1,211,1190,36,0,0,0,1,99795.61
Greendale,upper-mid,-17.792473230592112,31.135782292094998,10.52,5,5,237,1146,11,1,1,0,1,521082.37
Mabelreign,middle,-17.80842581438137,30.999748865999962,5.41,3,3,142,684,32,0,0,0,1,124240.84
Avondale,upper-mid,-17.788324412252553,31.02699937889754,5.11,3,3,56,374,0,0,1,0,0,276087.18
Hatfield,middle,-17.875383648052015,31.094964675512422,7.23,3,2,230,893,27,0,0,0,1,130802.59
Mt Pleasant,premium,-17.769602164225375,31.02373842940418,7.19,1,1,283,1379,30,0,1,0,1,346078.8
Glen View,township,-17.9382845373327,30.97493641959246,14.05,3,3,123,882,21,0,0,0,1,47405.85
Avondale,upper-mid,-17.791654639262827,31.029055342949192,4.69,3,2,267,1920,15,0,1,0,1,332927.69
Highlands,upper-mid,-17.794457038584593,31.068294113000267,4.75,5,5,317,2117,0,0,1,0,1,580862.97
Highlands,upper-mid,-17.785599441049712,31.067752285692563,5.59,3,2,266,1430,29,0,1,1,1,361315.45
Highlands,upper-mid,-17.79413790128693,31.07263873695963,5.04,5,4,148,1100,18,0,1,0,1,434968.38
Greendale,upper-mid,-17.78699660934727,31.13229719570019,10.46,1,1,253,617,9,0,1,0,1,296652.93
Hatfield,middle,-17.86244325727212,31.091011019927517,6.0,1,1,174,933,22,0,0,0,1,109640.71
Kambuzuma,township,-17.854436442787705,30.963575284362314,9.0,3,3,134,845,30,0,0,0,1,38988.03
Belvedere,middle,-17.84983875595508,31.018849954317265,3.47,5,5,160,663,37,0,1,0,1,183150.45
Marlborough,middle,-17.777703427228523,30.958142444259884,10.94,7,6,190,700,39,0,0,0,1,310160.51
Avondale,upper-mid,-17.786129860348552,31.026460844900697,5.36,5,5,319,1291,9,0,1,1,1,456901.22
Mabelreign,middle,-17.81506274443275,30.991081756519833,5.98,4,3,156,791,25,0,0,0,1,133407.11
Mabelreign,middle,-17.8107027054925,30.99499520743962,5.75,5,5,243,829,16,0,1,0,1,193834.59
Vainona,upper-mid,-17.783665121076208,31.083566812855487,6.66,1,1,305,2211,25,0,0,1,1,312097.78
Kambuzuma,township,-17.857789744422934,30.961851599570302,9.29,3,2,75,433,3,0,0,0,1,49434.17
Greendale,upper-mid,-17.781522739515918,31.128721281080846,10.43,4,3,180,1081,33,0,1,1,1,347591.04
Mabelreign,middle,-17.809685384195223,31.007091074052745,4.66,3,2,129,872,46,0,1,1,1,120926.94
Budiriro,township,-17.93819156167756,30.931820087222867,16.9,2,2,103,488,25,0,1,0,1,40318.8
Belvedere,middle,-17.839791422028583,31.022127900330343,2.61,3,3,226,883,21,0,1,0,1,169144.6
Ballantyne Park,premium,-17.75494484368388,31.080431018885143,9.25,4,4,300,586,22,1,1,0,1,417471.21
Avonlea,middle,-17.76959599054341,30.995482518729744,8.61,6,6,224,1128,27,0,0,0,1,304548.07
Mt Pleasant,premium,-17.775615251437422,31.016320355406283,6.87,7,6,294,1342,1,0,1,1,1,657987.71
Mabelreign,middle,-17.806863384503735,31.00193061383476,5.29,2,1,170,880,23,1,0,0,1,120030.92
Vainona,upper-mid,-17.781437096399046,31.079347323869506,6.6,4,3,201,923,19,0,1,1,1,384013.58
Belvedere,middle,-17.84848825050722,31.018442814190752,3.42,3,2,146,808,19,0,1,0,1,148540.66
Glen View,township,-17.926325910776022,30.96487832254728,13.57,2,2,102,735,26,0,0,0,1,40715.47
Ballantyne Park,premium,-17.75514334265751,31.07451986166437,9.0,1,1,470,1804,24,0,1,1,1,351510.69
Greendale,upper-mid,-17.785872480779044,31.13058560076287,10.36,1,1,279,1245,7,1,1,1,1,335189.66
Belvedere,middle,-17.851583727671084,31.027080455124473,2.97,1,1,224,844,18,0,0,0,1,144517.28
Avondale,upper-mid,-17.78545123589989,31.03444294810241,5.19,5,5,195,1011,47,1,1,0,1,349072.49
Ballantyne Park,premium,-17.765530180322305,31.07794388871404,8.07,1,1,330,1643,0,1,1,1,1,471510.8
Borrowdale,premium,-17.743567060627825,31.109318937859427,11.87,5,5,559,2820,29,1,1,1,1,686161.55
Greendale,upper-mid,-17.786242826704783,31.13916047141227,11.14,3,3,321,1566,21,1,0,1,1,335727.25
Belvedere,middle,-17.835938427756144,31.017817216413178,2.93,1,1,167,734,37,0,0,1,1,113024.44
Avonlea,middle,-17.76849722120588,30.985354970025313,9.39,3,2,184,912,25,0,0,0,1,205555.77
Ballantyne Park,premium,-17.759018607692788,31.084588463458743,9.04,3,3,425,2600,7,0,1,1,1,496346.61
Avondale,upper-mid,-17.79103305731607,31.0344934577304,4.58,2,2,288,573,21,0,1,0,0,271285.77
Greendale,upper-mid,-17.78854705409541,31.13263309180964,10.41,7,6,231,1595,15,0,1,1,1,481691.96
Vainona,upper-mid,-17.787353340779106,31.08540636486571,6.47,4,4,306,966,28,0,0,0,1,400711.67
Hatfield,middle,-17.87065069955188,31.086325396016026,6.21,5,4,223,1167,22,0,0,0,1,191901.1
Vainona,upper-mid,-17.778536881713066,31.07826772372327,6.81,8,6,315,1233,36,1,1,0,1,535478.58
Marlborough,middle,-17.780828761568486,30.951753154448667,11.34,3,3,233,1627,31,0,1,0,1,232937.03
Glen View,township,-17.92554263183469,30.970118482496876,13.16,1,1,73,375,50,0,0,0,1,26503.8
Marlborough,middle,-17.779878056100173,30.948037921522218,11.73,1,1,213,960,22,1,1,0,1,207907.52
Avonlea,middle,-17.76728036294577,30.99107773005265,9.1,4,3,239,1418,25,0,1,0,1,237495.3
Glen Lorne,premium,-17.75011931851863,31.17417674303649,16.37,4,3,289,2006,27,1,0,1,1,587899.01
Ballantyne Park,premium,-17.758048977490375,31.079248357466458,8.89,3,2,305,1731,25,1,1,0,1,435367.94
Mt Pleasant,premium,-17.780407690184337,31.020817329661707,6.18,3,2,421,1456,10,1,1,0,1,572266.33
Hatfield,middle,-17.87411859814812,31.093232286396866,7.0,1,1,219,1208,0,0,1,1,1,139245.95
Mabelreign,middle,-17.817599794265305,30.992019955835488,5.8,1,1,243,1186,21,0,0,0,1,113809.31
Ballantyne Park,premium,-17.752959771366392,31.08472222844706,9.64,2,1,537,3120,17,0,1,0,1,440303.33
Highlands,upper-mid,-17.790876897686747,31.07637711820364,5.56,3,3,327,835,0,0,1,0,1,408890.27
Vainona,upper-mid,-17.774672308499408,31.08977968816166,7.86,6,5,275,1626,19,1,0,1,1,497501.91
Avonlea,middle,-17.777210621958627,30.98660319808754,8.6,2,2,204,1276,25,0,1,0,1,190506.9
Avonlea,middle,-17.76660727930322,30.99092494385279,9.17,2,1,168,1065,13,0,1,1,1,223673.97
Belvedere,middle,-17.8498608856569,31.01732930678434,3.6,4,3,150,953,27,0,0,0,1,162028.9
Glen View,township,-17.93418548697925,30.971574541723527,13.86,3,3,92,573,13,0,1,0,1,48865.15
Vainona,upper-mid,-17.788088207670445,31.087865431665865,6.58,4,3,225,1563,15,0,0,1,1,353799.37
Belvedere,middle,-17.846398785884695,31.02616060589158,2.63,2,2,206,882,25,0,0,1,1,144827.62
Marlborough,middle,-17.783870021820125,30.950308140714135,11.31,1,1,188,629,18,0,0,1,1,165078.54
Vainona,upper-mid,-17.778024530533035,31.07456916135304,6.67,2,2,324,1057,35,0,0,0,1,284174.19
Glen View,township,-17.920491405148862,30.96425577926608,13.12,2,1,40,215,15,0,0,0,1,40610.62
Glen Lorne,premium,-17.739761596612027,31.17263787788062,16.9,6,6,360,1360,25,0,1,1,1,622894.82
Hatfield,middle,-17.871949656648983,31.086856849207482,6.35,2,2,155,739,18,0,0,0,1,130187.5
Hatfield,middle,-17.87314844495643,31.086480449920355,6.42,5,5,217,1333,24,0,0,0,0,151622.61
Glen View,township,-17.932381508235267,30.978559121685826,13.29,1,1,99,551,1,0,1,0,1,40411.13
Marlborough,middle,-17.777727642505113,30.94371075395932,12.25,8,6,216,1028,11,0,1,0,1,333501.04
Vainona,upper-mid,-17.785157334853274,31.078907811055505,6.23,2,1,339,2062,7,0,1,1,0,401935.47
Mabelreign,middle,-17.8074440046335,31.007783173632898,4.73,4,4,241,871,26,0,1,0,1,166347.87
Hatfield,middle,-17.87244437573323,31.089882611823214,6.62,2,1,173,964,18,0,0,0,1,118533.14
Marlborough,middle,-17.78389741976717,30.95040916563725,11.3,3,2,187,923,18,0,1,1,1,218287.38
Hatfield,middle,-17.866656746493057,31.088179017376984,6.05,4,3,160,1049,0,0,0,0,1,175172.63
Highlands,upper-mid,-17.78611515290202,31.072482067208632,5.78,3,2,223,1477,14,1,1,0,0,378888.85
Avonlea,middle,-17.767178115181732,30.982156122020523,9.73,1,1,204,1226,13,0,0,0,1,195964.55
Mufakose,township,-17.91612139524239,30.95024392741326,13.79,3,3,95,622,8,0,0,0,0,44036.31
Vainona,upper-mid,-17.785736422412054,31.083533583003284,6.48,6,6,338,2232,8,1,1,0,1,589590.09
Avondale,upper-mid,-17.784735725272185,31.027445536268573,5.47,2,1,231,1633,39,0,1,0,1,223843.95
Kambuzuma,township,-17.8662553448868,30.951099378858167,10.68,1,1,61,399,35,0,0,0,0,32727.79
Mabelreign,middle,-17.81105404901022,30.99972323366893,5.28,4,4,138,703,14,0,1,0,1,184945.73
Mufakose,township,-17.91051275179905,30.95733095132619,12.82,3,3,95,491,9,0,0,0,0,48049.94
Greendale,upper-mid,-17.791784433397265,31.143850775857125,11.34,2,1,218,1030,33,0,0,0,1,276253.13
Budiriro,township,-17.936087980028486,30.937854475942554,16.28,4,4,72,454,42,0,0,0,1,38868.65
Ballantyne Park,premium,-17.755141580613053,31.075595845112634,9.04,3,3,281,1519,28,1,1,1,1,406546.01
Marlborough,middle,-17.77496512892074,30.958768070902135,11.05,2,2,118,686,12,0,0,1,0,221044.29
Avondale,upper-mid,-17.790904049700142,31.03492759289219,4.58,4,3,404,2505,28,0,1,0,1,371530.82
Mabelreign,middle,-17.805593486346236,30.998079539363836,5.71,2,1,160,465,11,0,0,0,1,116367.81
Glen View,township,-17.92502405492956,30.970870378818372,13.07,2,2,78,330,40,0,0,0,1,34592.66
Hatfield,middle,-17.872724051690312,31.090701454069443,6.7,2,2,243,1191,0,0,1,0,1,159860.9
Avonlea,middle,-17.766189943142948,30.978312834452947,10.09,4,4,177,574,10,0,0,0,1,255217.59
Avondale,upper-mid,-17.793585138252304,31.035136427776347,4.29,4,3,410,1720,31,0,0,0,1,316561.99
Marlborough,middle,-17.784106072811177,30.945725339473178,11.73,6,5,288,1311,0,0,1,1,1,350313.6
Marlborough,middle,-17.779534034275212,30.960259980613387,10.64,4,3,167,835,7,0,0,0,1,262162.17
Borrowdale,premium,-17.739656595604693,31.09905075186828,11.66,3,2,502,3921,17,1,1,1,1,705019.97
Marlborough,middle,-17.78141481425934,30.942963047894267,12.13,3,3,162,832,0,0,1,0,0,274502.92
Mufakose,township,-17.901978589476986,30.959793352525597,11.98,2,1,73,441,0,0,0,0,1,45888.86
Hatfield,middle,-17.85959480957843,31.090020952857113,5.73,3,2,266,956,31,0,1,1,1,138638.32
Mabelreign,middle,-17.802752292757283,31.002587632956004,5.48,1,1,192,879,35,0,0,1,1,96722.44
Greendale,upper-mid,-17.79348241834505,31.130133209028372,9.93,3,2,249,402,25,1,1,0,1,331354.07
Marlborough,middle,-17.77894963672408,30.954602748702115,11.18,4,4,140,994,21,0,1,0,1,234242.53
Borrowdale,premium,-17.735860276875915,31.09592344276287,11.87,4,3,269,1319,27,1,1,0,1,610197.59
Greendale,upper-mid,-17.78896669016669,31.132550264533897,10.38,5,4,308,1846,21,0,1,0,1,439749.37
Avondale,upper-mid,-17.790921526474875,31.033038920406227,4.63,5,4,172,1082,27,0,1,0,1,350205.8
Highlands,upper-mid,-17.788684868551105,31.07010507530043,5.4,3,3,180,995,18,1,1,1,1,466788.5
Borrowdale,premium,-17.74489592878256,31.103464669652958,11.4,4,4,373,1424,37,0,1,1,1,655183.25
Belvedere,middle,-17.848024905501777,31.01064004450336,4.1,3,3,119,571,7,0,1,0,1,179218.06
Avondale,upper-mid,-17.786451676095812,31.028191112253378,5.26,6,5,261,1618,27,1,1,0,1,406195.4
Avondale,upper-mid,-17.79646362092792,31.02871395401299,4.21,3,3,355,1457,24,1,0,0,1,317635.32
Highlands,upper-mid,-17.793115364637856,31.062034180045682,4.58,4,4,400,2614,9,0,1,1,1,499914.23
Marlborough,middle,-17.776929139683737,30.953774188185907,11.38,5,4,216,1103,22,0,0,0,1,281218.55
Avondale,upper-mid,-17.791778443035092,31.028611031941928,4.69,2,1,202,968,32,1,1,1,1,239592.69
Avondale,upper-mid,-17.790814384561486,31.031469124276406,4.69,1,1,287,1796,25,0,1,1,1,227070.68
Avonlea,middle,-17.76501848247832,30.99234009294503,9.21,4,4,173,894,21,0,1,1,1,224274.23
Borrowdale,premium,-17.738409782187368,31.102770230791126,11.98,5,4,392,958,29,0,1,1,1,716673.55
Glen View,township,-17.9309096909595,30.961589501815524,14.19,3,3,56,493,17,0,1,0,0,45692.1
Glen Lorne,premium,-17.741826044202618,31.185197810662146,17.85,4,4,243,1268,0,0,1,1,1,602274.68
Avondale,upper-mid,-17.789580140155614,31.032653855631903,4.79,1,1,352,1049,40,0,1,1,1,228168.62
Highlands,upper-mid,-17.79052570948319,31.072316172893906,5.35,4,4,178,830,27,0,1,0,1,427335.09
Marlborough,middle,-17.77659405288598,30.949590617426875,11.77,5,5,186,489,6,0,0,1,1,299110.25
Vainona,upper-mid,-17.783264432479893,31.083379892608377,6.68,2,2,374,744,16,0,1,1,1,346922.89
Mufakose,township,-17.906370945808227,30.969925545238535,11.55,2,1,56,200,0,0,0,0,1,45545.18
Greendale,upper-mid,-17.78627541758316,31.12419584257672,9.75,4,3,265,1896,15,1,1,1,1,487753.76
Belvedere,middle,-17.84530073208698,31.019449041090628,3.14,2,1,188,684,24,0,1,0,1,153717.89
Highlands,upper-mid,-17.790317056141554,31.072200754211305,5.36,4,3,94,494,30,1,0,0,1,381396.34
Borrowdale,premium,-17.740123475224298,31.10688207887046,12.04,4,3,173,836,33,0,1,1,1,450400.34
Greendale,upper-mid,-17.786810400113108,31.133955599011006,10.62,3,2,242,1043,18,0,0,1,1,337959.71
Marlborough,middle,-17.778270992685947,30.950931737371707,11.56,5,5,214,561,19,0,1,0,1,313036.4
Avondale,upper-mid,-17.783221916590307,31.0410838955989,5.33,1,1,189,1112,34,1,1,0,1,217113.56
Kambuzuma,township,-17.860097291147802,30.960135957642997,9.55,2,1,77,310,9,0,0,0,1,36777.39
Belvedere,middle,-17.853441304740624,31.01860269616456,3.75,4,4,141,744,32,0,0,0,1,179911.5
Budiriro,township,-17.943720218321218,30.942856039223276,16.55,3,2,104,643,28,0,0,0,1,35367.02
Vainona,upper-mid,-17.783766415462022,31.080132980268928,6.44,2,1,225,535,0,0,1,0,1,329658.78
Mabelreign,middle,-17.809896704524448,31.002528393573453,5.07,1,1,112,602,11,0,1,0,1,106482.04
Marlborough,middle,-17.77453784320608,30.952974989256287,11.59,5,4,205,468,43,0,0,0,1,229773.8
Avonlea,middle,-17.769460887610304,30.99269735022889,8.8,6,6,170,987,23,0,1,0,1,246581.35
Budiriro,township,-17.937828699692613,30.93915958686103,16.33,4,4,108,653,12,0,0,0,1,50672.56
Belvedere,middle,-17.85532638097426,31.017928030285393,3.94,2,1,85,293,0,0,0,0,1,132876.92
Glen View,township,-17.935403064449712,30.96162028580028,14.58,1,1,90,200,25,0,0,0,1,29850.19
Hatfield,middle,-17.87207309090845,31.087317912294356,6.4,2,1,247,1434,8,0,0,0,1,145793.73
Mt Pleasant,premium,-17.77894991460601,31.020949109173568,6.32,5,5,281,888,19,0,1,0,1,529833.6
Belvedere,middle,-17.85568768583977,31.020016477016984,3.81,1,1,181,1153,28,0,0,0,0,108607.62
Avondale,upper-mid,-17.784412381449897,31.02418643634152,5.63,6,5,284,1556,0,0,0,1,1,425335.79
Glen View,township,-17.92864074456346,30.963779738597708,13.85,2,2,71,399,16,0,1,0,1,43073.27
Mabelreign,middle,-17.80665325477748,30.998485028696944,5.62,1,1,215,586,0,1,0,1,1,137550.06
Mt Pleasant,premium,-17.780589118331022,31.013876064245324,6.5,5,4,184,888,32,1,1,0,1,537550.97
Mt Pleasant,premium,-17.776719992220894,31.034716106787844,6.13,6,5,427,2869,20,0,1,1,1,656876.9
Glen Lorne,premium,-17.745384773757856,31.190459513581565,18.11,2,2,289,1202,26,1,1,1,1,477202.05
Marlborough,middle,-17.77502619007697,30.939853634171442,12.75,7,6,129,605,31,0,0,0,1,286880.65
Glen Lorne,premium,-17.745351447914214,31.182187779848178,17.37,6,6,400,1574,7,1,1,1,1,809117.32
Hatfield,middle,-17.867935538926922,31.08488665543765,5.89,1,1,188,624,19,0,0,0,1,124238.63
Marlborough,middle,-17.78091142445082,30.948419978878665,11.64,5,4,211,1058,13,0,1,0,0,309937.1
Mabelreign,middle,-17.816758068741862,31.002277857018914,4.79,2,2,141,612,3,0,1,0,1,133211.5
Vainona,upper-mid,-17.777705473917585,31.077166383157248,6.83,2,1,275,855,17,0,1,1,1,328493.83
Marlborough,middle,-17.780594299768868,30.94608727680409,11.88,2,1,125,200,2,0,0,0,1,195611.63
Mt Pleasant,premium,-17.774427892064907,31.016701231617287,6.97,3,2,435,2012,34,0,1,0,1,431217.97
Mufakose,township,-17.910669735764753,30.95991639768826,12.63,5,4,54,302,17,0,0,0,0,54401.27
Ballantyne Park,premium,-17.75649698420725,31.08718920897258,9.41,2,1,354,2233,16,1,1,1,1,471377.32
Mt Pleasant,premium,-17.783681593234,31.029459975710843,5.51,3,2,477,1504,11,0,1,1,1,487808.83
Highlands,upper-mid,-17.792082565494855,31.07552819356015,5.4,1,1,237,1681,34,0,1,1,0,285004.87
Mabelreign,middle,-17.800949115077962,30.995207550517847,6.24,3,2,154,450,28,0,0,0,1,103225.96
Mt Pleasant,premium,-17.784103908652302,31.017705768801775,5.96,2,1,383,1692,13,0,1,1,1,450750.79
Avonlea,middle,-17.772187311479705,30.987186923939685,8.96,6,5,140,615,18,0,0,0,1,280711.63
Hatfield,middle,-17.87004589804984,31.08882641206248,6.35,2,2,178,664,22,0,0,0,1,121552.77
Hatfield,middle,-17.866700018183604,31.08705777567635,5.96,4,4,171,985,37,0,1,0,1,153831.07
Ballantyne Park,premium,-17.761949204895473,31.079112237665704,8.49,1,1,200,1217,28,1,1,1,1,340826.03
Glen Lorne,premium,-17.742268921209178,31.18096336106597,17.45,1,1,399,2627,0,1,1,1,1,631493.46
Avondale,upper-mid,-17.79200566394793,31.03198301601551,4.55,2,1,308,2598,36,0,1,0,1,279481.1
Highlands,upper-mid,-17.788335042792983,31.07160988647802,5.52,2,2,180,1631,0,0,1,0,1,410316.83
Belvedere,middle,-17.84844184946509,31.023760345431196,2.97,2,2,215,844,0,1,1,0,0,151482.5
Greendale,upper-mid,-17.78397153872492,31.124769805836877,9.93,4,3,324,2028,11,1,1,0,1,469516.38
Avondale,upper-mid,-17.78310985563589,31.02755525065119,5.64,3,3,244,1378,4,0,1,0,1,360934.61
Mt Pleasant,premium,-17.77437935279381,31.02313555856082,6.71,4,4,264,1590,25,1,1,1,1,575932.81
Avonlea,middle,-17.770393875227487,30.99139998388214,8.81,3,2,201,536,16,0,1,1,1,213406.19
Ballantyne Park,premium,-17.758765397156296,31.076705661147063,8.71,2,1,355,1664,17,1,1,0,1,406471.4
Belvedere,middle,-17.85135415026544,31.01497487601215,3.9,1,1,291,1894,17,0,0,1,1,144759.01
Glen Lorne,premium,-17.750185580547257,31.178379905636156,16.74,5,5,317,1290,18,0,1,1,1,673323.2
Budiriro,township,-17.94232145253276,30.940854238229914,16.57,2,2,122,451,35,0,0,0,1,29317.57
Belvedere,middle,-17.84657151012525,31.018391537205858,3.31,6,6,104,363,15,0,0,1,1,257322.24
Ballantyne Park,premium,-17.75900464976232,31.077045521132984,8.69,2,1,280,1509,27,0,1,0,1,331026.18
Borrowdale,premium,-17.741869311499702,31.101440087486477,11.57,1,1,504,1578,17,1,0,0,1,496591.31
Vainona,upper-mid,-17.775639955016246,31.085824167357575,7.52,6,6,374,2042,23,0,1,0,1,500314.81
Ballantyne Park,premium,-17.756999977975962,31.079901570565234,9.02,2,1,304,1683,22,0,0,0,1,346503.68
Highlands,upper-mid,-17.78326239848459,31.073795541444138,6.12,1,1,210,1344,29,0,1,1,1,303711.2
Mufakose,township,-17.91509752802684,30.960163117812144,12.96,2,2,84,574,20,0,0,0,1,41393.27
Avonlea,middle,-17.768073065831313,30.98842586035685,9.21,3,3,142,457,12,0,1,0,1,213738.15
Ballantyne Park,premium,-17.75403451044547,31.07396910219149,9.09,3,2,364,2275,22,1,1,1,1,468885.88
Marlborough,middle,-17.784259318377845,30.94690604791598,11.61,3,2,269,1208,23,0,0,0,1,196729.8
Highlands,upper-mid,-17.79146222145156,31.0674733939181,5.0,4,3,280,1311,26,0,0,1,1,431453.79
Budiriro,township,-17.940870085276597,30.942856958165304,16.31,1,1,61,286,28,0,0,0,1,26710.7
Borrowdale,premium,-17.739925349660247,31.093747535373872,11.37,3,2,264,1912,23,0,1,1,1,512211.52
Hatfield,middle,-17.864673957441056,31.09552540458029,6.53,2,1,199,1331,53,0,0,1,1,114632.12
Hatfield,middle,-17.873646644230345,31.089816862336388,6.71,2,1,208,1010,0,0,0,0,1,156501.22
Glen Lorne,premium,-17.744200064166584,31.182491831746745,17.47,1,1,381,2777,32,0,1,1,1,466250.98
Ballantyne Park,premium,-17.76438710393568,31.08833136021821,8.71,4,4,314,1439,23,0,1,1,1,534624.22
Greendale,upper-mid,-17.793048591584874,31.12557016385422,9.52,2,2,301,1867,18,0,1,1,1,303272.63
Mufakose,township,-17.90464507823316,30.959748105805943,12.18,1,1,40,210,43,0,0,0,0,22023.31
Marlborough,middle,-17.769484742084227,30.950222401362435,12.14,3,3,261,972,22,0,0,1,1,223127.45
Belvedere,middle,-17.849472507762542,31.0168264743896,3.62,2,2,125,598,27,0,0,0,1,133006.54
Mabelreign,middle,-17.814580156476737,31.00716345757656,4.4,6,6,163,1020,14,0,0,0,1,181473.79
Mabelreign,middle,-17.805385115466148,30.996191148140277,5.9,4,4,104,443,0,0,1,0,1,168978.84
Avondale,upper-mid,-17.792274921877247,31.0277209441315,4.68,3,3,204,1218,0,0,0,0,1,335312.07
Marlborough,middle,-17.780762088119744,30.949913683287512,11.51,3,3,225,1307,10,0,1,1,1,242238.74
Hatfield,middle,-17.85928142767972,31.09834053399141,6.46,2,2,232,1316,28,0,1,0,0,115212.93
Highlands,upper-mid,-17.790689557710365,31.07193780272691,5.31,3,2,277,1154,29,0,1,0,1,348521.04
Mufakose,township,-17.913751495881037,30.959275770551535,12.92,1,1,96,415,38,0,0,0,1,29387.92
Borrowdale,premium,-17.732702952344084,31.09906202614584,12.34,6,6,502,2162,23,1,1,0,1,840814.32
Highlands,upper-mid,-17.78623128607382,31.068976829428593,5.59,4,3,297,894,7,0,1,1,1,471275.35
Mabelreign,middle,-17.806237174467636,31.00633127978803,4.93,4,4,132,565,3,0,0,1,1,170497.13
Vainona,upper-mid,-17.779386020594668,31.075833687602767,6.6,2,2,358,2132,11,0,0,1,1,455630.53
Ballantyne Park,premium,-17.766284679683654,31.077970160159705,8.0,2,1,365,859,19,1,1,1,1,430905.56
Ballantyne Park,premium,-17.76050992440377,31.07850916814248,8.6,2,2,361,2027,29,1,1,0,1,379678.75
Marlborough,middle,-17.776336242193512,30.94397912705768,12.3,5,4,149,1224,24,0,1,0,1,236264.41
Mabelreign,middle,-17.810335139888352,31.003193824276376,4.99,2,2,188,1071,38,0,1,0,1,121473.85
Glen Lorne,premium,-17.7436385298844,31.1763404427586,16.96,3,3,332,792,28,0,1,1,1,514796.82
Borrowdale,premium,-17.739656960421325,31.097163521368568,11.56,3,2,441,3515,21,0,1,1,1,734020.56
Avondale,upper-mid,-17.787325368465222,31.03645142180626,4.94,4,4,237,1359,23,0,1,1,1,302069.84
Kambuzuma,township,-17.863861432390276,30.96155239476396,9.56,2,1,68,464,5,0,0,0,0,39120.17
Vainona,upper-mid,-17.791703060908006,31.086220837851343,6.18,2,2,173,1325,23,0,1,1,1,347193.21
Kambuzuma,township,-17.86276658850074,30.96059639706435,9.61,1,1,51,274,37,0,0,0,0,26096.09
Mufakose,township,-17.907589939351343,30.960356984563106,12.36,3,2,102,519,20,0,1,0,1,43779.61
Vainona,upper-mid,-17.78598625005705,31.078319486691736,6.12,3,2,285,1592,16,0,1,1,1,419735.99
Mabelreign,middle,-17.812700665595255,30.998239060748798,5.35,4,4,175,1230,19,0,0,0,1,162903.67
Belvedere,middle,-17.852931948263404,31.016143895188286,3.91,1,1,171,1043,19,0,1,0,1,137360.1
Marlborough,middle,-17.787017409823868,30.9518109953745,11.01,5,5,202,765,26,0,1,1,1,273595.09
Avondale,upper-mid,-17.798560738122394,31.03988959123274,3.65,3,2,292,2162,17,0,1,1,1,314421.55
Mabelreign,middle,-17.81064303672442,31.003075454457292,4.98,3,2,182,820,17,0,0,0,1,127045.83
Mabelreign,middle,-17.81002285130215,30.99630076884479,5.66,4,3,132,817,36,0,0,0,1,123393.26
Hatfield,middle,-17.874819665240814,31.094943687031908,7.19,3,2,174,690,0,0,1,0,0,139853.94
Budiriro,township,-17.94150451820992,30.934428853120032,16.97,3,2,64,274,52,0,0,0,1,29808.14
Avondale,upper-mid,-17.791258018324218,31.032838094030318,4.6,1,1,304,1912,22,1,1,1,1,319222.11
Mabelreign,middle,-17.808116998525286,30.999534105063464,5.44,1,1,168,545,29,0,0,0,0,88887.68
Mufakose,township,-17.909934638543294,30.963688466467758,12.29,1,1,116,792,41,0,0,0,0,27969.94
Highlands,upper-mid,-17.78855925472957,31.071160258559015,5.47,3,3,150,536,47,0,1,0,1,282371.32
Borrowdale,premium,-17.737672051068067,31.103174923876875,12.07,3,2,372,2068,20,0,1,1,1,595158.29
Greendale,upper-mid,-17.781164139167284,31.122575823346466,9.91,2,1,300,1493,43,0,1,0,0,230148.37
Mufakose,township,-17.907789516871386,30.963877014403803,12.11,4,4,88,638,6,0,0,0,1,58829.66
Vainona,upper-mid,-17.77866522262907,31.0773410192264,6.75,4,3,227,1138,24,1,1,1,1,379109.63
Belvedere,middle,-17.853081095172133,31.016839390819985,3.86,1,1,198,615,30,0,0,0,1,105204.23
Borrowdale,premium,-17.745822363582093,31.09989709405681,11.11,1,1,367,1271,19,0,1,1,1,574644.54
Greendale,upper-mid,-17.782768673303252,31.135330534894443,10.96,2,2,299,1158,35,0,0,0,1,275953.77
Avonlea,middle,-17.773642640758883,30.982493539361727,9.19,2,1,82,589,10,0,0,0,1,183820.87
Mt Pleasant,premium,-17.777678052531495,31.02129028980664,6.44,6,5,469,1640,17,1,1,0,1,616495.43
Glen View,township,-17.933382116411494,30.975039955236575,13.58,3,2,105,422,6,0,0,0,1,43831.41
Ballantyne Park,premium,-17.7599393378706,31.079013250384357,8.68,7,6,381,1459,12,1,1,1,1,612427.42
Glen View,township,-17.924492532780143,30.970973069276365,13.02,3,2,64,432,29,0,0,0,1,36126.8
Highlands,upper-mid,-17.788611235251064,31.065417966241306,5.19,2,2,304,1537,45,1,1,0,1,277702.21
Budiriro,township,-17.939727675627147,30.932962134314913,16.93,2,2,126,438,17,0,0,0,0,34636.21
Avonlea,middle,-17.767558168110302,30.99225449877797,9.0,1,1,248,1003,17,0,0,0,1,196887.91
Glen Lorne,premium,-17.73487496866191,31.18513245174764,18.29,6,6,416,2776,21,1,1,1,1,845345.44
Glen Lorne,premium,-17.742162140686258,31.179855399619974,17.36,3,3,198,888,25,1,1,1,1,410792.33
Glen Lorne,premium,-17.747147642995515,31.17394577222674,16.53,1,1,387,1717,15,1,0,0,1,504820.73
Avonlea,middle,-17.770542224444313,30.987038176158627,9.1,5,5,140,849,8,0,1,0,1,291175.31
Mabelreign,middle,-17.807355828508463,31.006344684845804,4.86,2,1,198,1056,25,0,0,0,1,114607.86
Greendale,upper-mid,-17.786428984414684,31.131729472507587,10.43,2,2,381,833,20,0,1,0,1,338848.08
Avondale,upper-mid,-17.789425320955438,31.03301488944379,4.79,1,1,336,2107,24,0,1,1,0,299553.88
Avonlea,middle,-17.769008380664992,30.984828836048187,9.39,1,1,156,1029,18,0,0,0,0,153111.57
Marlborough,middle,-17.77982856228876,30.947681506759483,11.77,4,3,218,1121,11,0,0,0,1,217703.26
Belvedere,middle,-17.85029628291968,31.01962444620223,3.44,3,3,221,914,30,0,1,0,0,156577.38
Avondale,upper-mid,-17.792632651790196,31.022813701976517,4.87,1,1,338,2800,6,0,1,0,1,338891.67
Hatfield,middle,-17.871567772562116,31.08729125317811,6.35,4,4,173,1346,15,0,1,1,1,166404.21
Budiriro,township,-17.93545607038884,30.939597430740715,16.1,5,4,109,611,5,0,0,0,1,51474.27
Greendale,upper-mid,-17.78485056798413,31.133077161907384,10.64,4,3,355,2531,27,0,1,1,1,382589.39
Borrowdale,premium,-17.745052354819446,31.101103284316718,11.25,7,6,296,1972,15,1,1,1,1,867601.8
Mt Pleasant,premium,-17.778100021445216,31.028968931049548,6.12,1,1,263,940,18,0,1,0,1,362596.23
Marlborough,middle,-17.775294116941737,30.948781297802945,11.92,1,1,198,829,29,0,0,0,1,151377.67
Greendale,upper-mid,-17.786404543251244,31.133493278074877,10.6,3,2,181,1041,19,0,1,1,1,320701.05
Kambuzuma,township,-17.85617458236644,30.966787616902973,8.74,5,5,93,615,39,0,0,0,1,46347.82
Avonlea,middle,-17.769352280742577,30.98966419180011,9.02,5,5,147,434,1,0,1,1,1,287689.1
Marlborough,middle,-17.77406081872453,30.951220140842377,11.78,4,4,185,1221,37,1,1,0,1,228604.6
Mabelreign,middle,-17.80976730191628,31.003656984444092,4.97,2,1,170,806,22,0,0,0,1,100258.26
Highlands,upper-mid,-17.790679708274524,31.073899787507518,5.43,1,1,147,817,0,0,1,1,1,331449.14
Mabelreign,middle,-17.80664625526796,30.99899133163351,5.57,3,3,217,1304,21,0,1,0,1,144396.51
Borrowdale,premium,-17.737920269918796,31.09199510888626,11.48,3,2,344,1544,35,1,1,0,1,584827.77
Avonlea,middle,-17.772175676234937,30.99901577666868,8.15,3,2,191,884,18,0,0,0,1,200933.77
Kambuzuma,township,-17.860569443075722,30.953481557525723,10.23,2,1,99,713,0,0,0,0,1,43837.66
Mabelreign,middle,-17.813589088369472,31.001501927310457,5.0,5,5,215,765,10,0,1,0,1,195817.61
Mabelreign,middle,-17.812474288558263,30.999939879149565,5.2,5,4,155,992,11,0,0,0,1,139570.6
Greendale,upper-mid,-17.79321110727644,31.131334598334934,10.06,4,4,243,1342,24,0,1,1,1,433432.89
Mabelreign,middle,-17.808695705039813,30.992403770695706,6.1,2,1,182,605,6,0,0,1,1,131000.41
Marlborough,middle,-17.78426956234782,30.950206603684542,11.3,2,2,170,846,29,0,1,0,1,192877.52
Avonlea,middle,-17.77308073925873,30.984331576082464,9.1,3,3,239,969,4,0,0,0,0,227905.21
Glen Lorne,premium,-17.747035866649863,31.169617985049758,16.16,4,3,286,885,22,1,1,1,1,447001.95
Highlands,upper-mid,-17.78351900357849,31.065333320123486,5.7,4,4,234,264,0,0,1,1,1,448509.52
Marlborough,middle,-17.780362200099358,30.946317439057687,11.87,3,3,187,1165,16,0,0,0,1,247161.02
Glen Lorne,premium,-17.74338102254021,31.18290846238805,17.55,2,1,439,742,12,1,1,0,1,547470.52
Hatfield,middle,-17.866850395322366,31.09556208675503,6.67,1,1,144,1503,10,1,1,0,1,149200.35
Mabelreign,middle,-17.808991114844115,30.991376485126878,6.18,2,1,179,1136,35,0,0,0,1,94126.66
Glen View,township,-17.931074993344946,30.97383040522161,13.44,3,3,71,230,32,0,0,0,1,40329.78
Mt Pleasant,premium,-17.778974791713257,31.019360185503864,6.39,3,3,244,1192,11,0,1,1,1,557788.68
Kambuzuma,township,-17.860153982677353,30.955964061110645,9.97,3,3,133,701,30,0,0,0,0,41514.34
Glen Lorne,premium,-17.744637068380417,31.18571116306796,17.73,3,2,438,1924,37,1,1,0,1,492848.87
Avondale,upper-mid,-17.784351907629592,31.02260693612009,5.7,1,1,329,1587,42,0,1,1,1,232286.0
Mabelreign,middle,-17.810076244427616,31.008124788519364,4.54,4,4,162,619,16,0,0,0,1,160930.69
Glen Lorne,premium,-17.74451134079511,31.18637680117171,17.79,5,5,278,1531,3,1,1,0,1,713332.16
Borrowdale,premium,-17.736655157878413,31.092193954437796,11.62,1,1,382,2427,24,1,1,1,1,554717.07
Borrowdale,premium,-17.73517951866101,31.092567956141753,11.79,4,3,446,3412,17,1,0,1,1,647813.59
Marlborough,middle,-17.772706316077695,30.952918565907037,11.71,1,1,195,1211,0,0,0,0,1,203227.5
Mabelreign,middle,-17.816221895075437,31.005311192964804,4.51,2,2,199,938,1,0,0,1,1,129615.91
Mt Pleasant,premium,-17.77623454569208,31.03645386191209,6.16,3,2,349,2518,21,1,1,1,1,458885.63
Mt Pleasant,premium,-17.776577335081008,31.019080259321807,6.64,5,4,208,1356,27,1,1,1,1,545079.13
Avonlea,middle,-17.76823063236147,30.992194019070904,8.94,3,3,224,1081,15,0,0,0,0,224007.64
Highlands,upper-mid,-17.787334369021426,31.05759925929439,5.04,3,3,380,1636,11,1,0,1,1,446553.69
Hatfield,middle,-17.865755019963128,31.086158919474833,5.82,4,3,194,818,12,0,1,0,1,180081.43
Kambuzuma,township,-17.859719806869798,30.961834920544117,9.36,3,3,87,300,26,0,1,0,0,44799.99
Hatfield,middle,-17.876657424331192,31.081224085681537,6.36,6,5,213,782,15,0,1,0,1,182226.94
Mufakose,township,-17.90501643846349,30.963562610112692,11.92,2,1,81,441,27,0,0,0,0,33186.32
Marlborough,middle,-17.779735025458766,30.953802042683744,11.21,4,4,187,1149,0,0,0,0,1,322034.62
Mabelreign,middle,-17.811985905930314,31.001825261980553,5.04,1,1,255,878,16,0,0,0,1,126276.76
Ballantyne Park,premium,-17.76676227962484,31.081458366661803,8.12,2,2,344,1030,11,1,1,1,1,452755.87
Glen Lorne,premium,-17.744564129906205,31.17879286405116,17.12,1,1,437,2447,25,1,1,1,1,485512.15
Belvedere,middle,-17.848083247979275,31.022783395333036,3.02,3,2,205,1214,38,1,0,0,1,178843.49
Glen Lorne,premium,-17.74405347727084,31.184697893688043,17.67,2,2,498,2027,12,1,1,1,1,605793.37
Glen View,township,-17.93055800565768,30.967526131398696,13.78,2,2,119,503,28,0,0,0,1,40150.1
Belvedere,middle,-17.846187663584367,31.017492415012143,3.37,3,2,185,301,15,0,0,1,1,177968.52
Kambuzuma,township,-17.863646769967836,30.953075865443513,10.38,2,2,88,289,15,0,0,0,0,43575.82
Vainona,upper-mid,-17.774683191383907,31.080581199184103,7.31,6,6,206,856,20,0,0,0,1,453895.97
Avondale,upper-mid,-17.795095205929478,31.03241351831005,4.21,1,1,282,740,16,1,1,1,1,305343.82
Hatfield,middle,-17.870333669490762,31.093684355208485,6.76,1,1,150,396,50,0,0,0,1,79848.44
Highlands,upper-mid,-17.792893723118603,31.071560495396284,5.09,5,4,328,2044,30,0,1,0,1,446448.07
Marlborough,middle,-17.785043810471663,30.952034023153637,11.09,1,1,238,869,46,0,0,0,1,142362.49
Belvedere,middle,-17.851870856861947,31.020412506972164,3.49,5,4,161,742,28,0,0,0,1,194475.57
Budiriro,township,-17.939566946792738,30.937258951513137,16.6,1,1,94,560,20,0,0,0,0,31235.32
Hatfield,middle,-17.867237014237755,31.09321709583076,6.5,4,4,211,787,40,0,1,0,1,142619.85
Mt Pleasant,premium,-17.77318213744892,31.02123105433666,6.9,3,2,364,1982,33,1,1,1,1,409647.24
Avondale,upper-mid,-17.78758220839484,31.030012955185406,5.08,5,4,316,1939,17,1,1,1,1,433988.25
Avonlea,middle,-17.765535575794313,30.995484098890717,8.97,4,4,166,1007,11,0,0,0,1,229690.86
Ballantyne Park,premium,-17.765385224915207,31.078729489391893,8.12,4,3,302,913,25,0,1,1,1,435840.75
Avondale,upper-mid,-17.794265816911075,31.02911712793395,4.42,5,4,349,2168,18,0,1,1,1,413875.34
Vainona,upper-mid,-17.77412035402538,31.0762611771334,7.14,8,6,241,607,16,0,1,1,1,590767.74
Mt Pleasant,premium,-17.78435335056755,31.020170797327555,5.81,4,3,316,842,34,1,1,1,1,451625.16
Marlborough,middle,-17.783788915981976,30.960638644486586,10.36,3,3,172,1074,16,0,1,0,0,218103.14
Ballantyne Park,premium,-17.75967347326826,31.08361758771671,8.92,6,5,205,923,19,1,1,0,1,589813.15
Avonlea,middle,-17.771701772045848,30.993430714753586,8.56,1,1,179,1053,0,1,0,0,1,211771.35
Ballantyne Park,premium,-17.765784788695335,31.078022231728827,8.05,3,3,383,2243,16,0,1,1,1,493097.03
Hatfield,middle,-17.866150979479844,31.090315447809314,6.19,4,3,192,1494,14,0,1,0,1,177786.31
Highlands,upper-mid,-17.789076384644837,31.072409509392788,5.49,5,4,301,1494,9,1,1,1,1,499903.76
Glen View,township,-17.930497866817632,30.97386134091317,13.38,3,3,92,374,23,0,0,0,0,43671.41
Borrowdale,premium,-17.737311374185655,31.099727978948028,11.92,1,1,169,771,19,0,1,0,1,495077.17
Marlborough,middle,-17.775860677124218,30.949949609448907,11.78,3,3,250,1625,37,0,0,0,1,245637.4
Vainona,upper-mid,-17.784146594895,31.08046078898436,6.42,3,2,313,2261,5,0,0,1,1,428426.82
Highlands,upper-mid,-17.795208065225516,31.065014265605477,4.51,3,3,196,494,32,0,0,1,1,339950.39
Avondale,upper-mid,-17.785292920640572,31.030143084301713,5.32,3,2,287,825,22,0,1,0,1,290847.16
Mabelreign,middle,-17.8081493029244,31.008375066280358,4.64,3,2,185,585,24,0,0,0,1,121465.47
Glen View,township,-17.932669919472765,30.98085550925604,13.19,3,3,67,376,5,0,0,0,1,54180.1
Vainona,upper-mid,-17.779620533660186,31.08357379306744,7.02,4,3,191,912,24,0,1,1,1,397603.5
Ballantyne Park,premium,-17.769440270097615,31.07940046299021,7.75,4,3,332,1398,0,1,1,0,1,571680.81
Hatfield,middle,-17.875283353056897,31.094190422703516,7.17,6,5,149,806,4,0,0,0,0,198789.89
Avonlea,middle,-17.766749261815026,30.995315213164275,8.87,2,2,215,461,14,0,1,0,1,197459.46
Highlands,upper-mid,-17.794881363577005,31.064647681868195,4.52,6,5,339,2132,7,0,1,0,1,525479.27
Hatfield,middle,-17.86809332133647,31.081482518273173,5.65,3,3,122,200,18,0,1,1,1,161049.34
Marlborough,middle,-17.778669717828414,30.951086826284353,11.52,3,2,207,407,27,0,1,1,1,215848.0
Belvedere,middle,-17.852874671080333,31.023562894772823,3.33,7,6,203,1306,21,0,1,0,1,229416.4
Greendale,upper-mid,-17.79097760290174,31.126962600331503,9.75,2,2,261,1364,25,0,0,0,1,291294.96
Avondale,upper-mid,-17.78957438163797,31.032085345674112,4.8,5,4,339,1074,27,0,1,1,1,309661.88
Ballantyne Park,premium,-17.76033630802975,31.080600412584587,8.71,1,1,312,1520,46,0,1,1,1,290027.89
Hatfield,middle,-17.863085132535325,31.0984988142158,6.69,1,1,156,715,3,0,0,1,1,136172.39
Ballantyne Park,premium,-17.76019131139395,31.07902509817924,8.66,1,1,367,2253,16,1,1,1,1,436111.93
Hatfield,middle,-17.865133120050615,31.098307915662556,6.8,2,1,172,669,19,0,0,1,1,130766.93
Mabelreign,middle,-17.80124008499481,30.998872531366917,5.9,4,4,95,464,17,0,1,0,1,137827.28
Hatfield,middle,-17.87073912121074,31.087980654690718,6.34,3,2,292,1904,40,0,1,0,0,152457.19
Borrowdale,premium,-17.73750827033394,31.11074547229752,12.51,3,2,315,1788,7,1,1,0,1,723402.64
Vainona,upper-mid,-17.78281272847486,31.082475898078727,6.67,1,1,349,2477,32,1,1,0,0,330895.66
Avondale,upper-mid,-17.78648129312361,31.033531242213158,5.1,3,3,206,265,22,0,0,0,1,229499.91
Avonlea,middle,-17.766648906588838,30.99528873317508,8.88,8,6,180,781,13,0,0,1,1,338962.22
Glen View,township,-17.929160841760837,30.969726536506826,13.51,2,1,72,355,7,0,0,0,1,41576.18
Greendale,upper-mid,-17.796837124791296,31.13382639620012,10.14,5,5,270,1992,18,1,1,1,1,499967.03
Mufakose,township,-17.918004854382453,30.955722171189798,13.52,5,4,105,691,1,0,0,0,1,49374.86
Ballantyne Park,premium,-17.753150309103265,31.0802816537033,9.43,3,2,164,567,17,1,1,1,1,386802.83
Greendale,upper-mid,-17.787005891965556,31.12728502289994,9.99,7,6,223,1027,8,1,1,1,1,551771.27
Glen Lorne,premium,-17.747725005876067,31.19157131172747,18.07,2,2,320,1346,37,1,1,0,1,450747.28
Hatfield,middle,-17.877392155449982,31.091641106362722,7.14,2,2,166,903,26,0,1,0,1,133713.26
Ballantyne Park,premium,-17.75908187407748,31.076693691784413,8.67,1,1,205,1965,0,1,1,1,1,411530.67
Highlands,upper-mid,-17.79171788235823,31.069932997944488,5.1,3,2,261,831,25,0,1,1,1,429448.69
Hatfield,middle,-17.870921970479333,31.0941646444581,6.84,6,6,216,851,47,0,1,1,1,173596.85
Marlborough,middle,-17.777875531268773,30.946591781378924,11.98,2,1,226,1296,35,0,1,0,1,162861.5
Borrowdale,premium,-17.741166399221378,31.096134868047013,11.36,4,4,348,2123,18,1,1,1,1,833118.02
Borrowdale,premium,-17.739240426158396,31.102566221359716,11.89,5,4,233,1453,34,0,1,1,1,675353.79
Marlborough,middle,-17.77235830216233,30.952638951983793,11.75,3,3,189,672,15,0,0,0,1,234927.81
Vainona,upper-mid,-17.779766447885713,31.079022842197627,6.74,3,3,209,1226,17,0,0,0,1,381945.96
Ballantyne Park,premium,-17.760884574422253,31.07425823849462,8.39,3,3,431,1166,12,1,1,1,1,535774.54
Avonlea,middle,-17.76971835150396,30.99304525233431,8.76,2,2,229,1639,22,0,1,0,1,228060.55
Highlands,upper-mid,-17.78813928650943,31.06991413083124,5.45,2,2,230,851,0,1,1,0,1,378877.99
Avonlea,middle,-17.76754041227465,30.980100777061473,9.85,1,1,146,901,23,0,1,0,0,159931.75
Greendale,upper-mid,-17.790971449139764,31.130984211625194,10.13,5,4,261,2031,19,0,1,0,1,538166.88
Ballantyne Park,premium,-17.763010776657328,31.082800794312714,8.55,1,1,616,4095,40,0,1,1,1,418898.17
Mt Pleasant,premium,-17.77564207594705,31.021331300692246,6.65,3,2,458,720,29,1,0,1,1,452290.77
Highlands,upper-mid,-17.786294574213287,31.073671539985785,5.82,2,1,158,1026,20,0,0,0,1,277012.63
Borrowdale,premium,-17.744026931893856,31.10203184771035,11.4,6,6,353,2006,24,0,1,1,1,836700.19
Vainona,upper-mid,-17.786694107242386,31.08544147929144,6.53,4,4,203,815,12,0,1,1,1,437164.06
Glen View,township,-17.928690214971255,30.96627330296841,13.69,4,3,68,200,24,0,0,0,0,43052.23
Mabelreign,middle,-17.80746740537256,30.996983113308115,5.72,6,6,204,729,13,0,0,0,1,204635.67
Greendale,upper-mid,-17.79046642242246,31.127032780369753,9.78,1,1,217,1090,26,0,1,0,1,298072.14
Avonlea,middle,-17.770912083376874,30.98557744485748,9.18,3,3,195,1236,3,0,0,0,1,258635.13
Avonlea,middle,-17.76963525185983,30.995026672567338,8.63,3,3,213,678,31,0,0,0,1,202777.83
Mabelreign,middle,-17.809775951568685,31.00121723867176,5.2,1,1,147,540,18,0,0,0,1,92352.36
Highlands,upper-mid,-17.793861369516804,31.07660638548063,5.32,4,3,247,1446,26,0,0,0,1,409813.19
Vainona,upper-mid,-17.78053932554959,31.075056434762804,6.45,1,1,287,803,8,0,1,0,1,305727.11
Vainona,upper-mid,-17.780468163166432,31.07731646949695,6.58,5,5,411,1029,6,0,1,1,1,571198.25
Borrowdale,premium,-17.74567527775075,31.101654588857922,11.22,5,4,407,2812,31,1,1,0,1,700365.73
Vainona,upper-mid,-17.77420437752606,31.077619865856946,7.2,4,3,262,1280,37,0,1,0,1,391306.5
Mufakose,township,-17.901953796355162,30.96096804821035,11.89,2,1,61,359,32,0,0,0,1,38544.73
Glen View,township,-17.927741792116258,30.972634413051964,13.2,2,2,82,504,0,0,0,0,1,53246.38
Mt Pleasant,premium,-17.783100505002338,31.022629782661554,5.83,6,6,289,1789,11,1,1,1,1,656300.61
Avondale,upper-mid,-17.80103042803332,31.030041334318035,3.69,1,1,250,1748,21,0,1,0,1,272722.79
Greendale,upper-mid,-17.7857232584469,31.128835428982246,10.2,3,2,213,667,21,0,1,0,1,336457.12
Marlborough,middle,-17.775483049891154,30.96193904779713,10.74,3,2,140,667,21,0,1,0,1,217112.6
Marlborough,middle,-17.778211123240265,30.954414188742525,11.24,4,3,154,1154,18,0,1,0,1,251707.41
Borrowdale,premium,-17.742652522292563,31.095353621988995,11.18,2,1,262,946,28,1,1,1,1,530223.02
Mabelreign,middle,-17.804605529230656,30.990626474936718,6.46,2,2,231,879,25,0,1,0,1,123625.8
Budiriro,township,-17.94029346548589,30.932494162794402,17.01,3,3,97,431,27,0,0,0,0,36294.28
Belvedere,middle,-17.850915348591705,31.025516974260466,3.03,5,5,234,998,41,1,1,0,1,207601.72
Belvedere,middle,-17.845039305677588,31.01802817830223,3.25,3,2,169,928,15,0,0,1,1,174779.48
Marlborough,middle,-17.783630956155616,30.939211334853912,12.38,1,1,179,710,0,1,0,0,1,204714.13
Vainona,upper-mid,-17.78198675502695,31.079080505258776,6.54,3,3,221,522,37,0,0,0,1,327518.55
Ballantyne Park,premium,-17.764468021103387,31.079850660477064,8.27,3,3,261,1440,25,1,1,1,1,412115.52
Avonlea,middle,-17.761434709503774,30.9759043682432,10.65,4,4,109,829,18,0,0,0,1,217593.82
Borrowdale,premium,-17.745022462606432,31.110012582635402,11.78,3,2,371,2382,21,1,1,0,1,651417.26
Mabelreign,middle,-17.81004539764241,30.996494937350697,5.64,2,1,144,521,8,0,0,0,1,115168.49
Avondale,upper-mid,-17.79123950979485,31.03278322403623,4.61,5,5,303,1892,10,0,1,0,1,431972.9
Avondale,upper-mid,-17.798121031853167,31.025421913748314,4.2,3,3,408,1965,15,0,1,0,1,363902.62
Vainona,upper-mid,-17.778377967501996,31.087194149690767,7.36,8,6,182,946,9,1,1,1,1,585343.57
Budiriro,township,-17.936129709542353,30.938505865541398,16.24,3,3,62,397,22,0,0,0,1,40228.79
Ballantyne Park,premium,-17.764016527649947,31.092961385585934,9.01,5,5,346,2021,16,0,1,1,1,495758.31
Ballantyne Park,premium,-17.76371319391413,31.075398810701152,8.14,3,2,358,1658,16,1,0,1,1,484023.3
Ballantyne Park,premium,-17.766030551621924,31.08022233921979,8.13,3,3,350,2382,14,1,0,0,1,499733.67
Belvedere,middle,-17.849173330549494,31.020794088992762,3.26,1,1,231,785,8,0,0,0,1,116375.39
Budiriro,township,-17.941305740241443,30.93955092429967,16.58,1,1,83,206,33,0,0,0,1,23413.08
Highlands,upper-mid,-17.789197428555642,31.07417977189588,5.58,5,5,343,1689,36,0,1,0,1,501064.84
Glen View,township,-17.93243112555316,30.97699298152372,13.38,1,1,78,520,17,0,0,0,1,37225.99
Vainona,upper-mid,-17.769918376535088,31.077584300833934,7.62,3,3,338,981,25,0,1,0,1,358247.99
Belvedere,middle,-17.84892853136204,31.015521387810765,3.7,2,1,162,1276,17,0,0,0,1,153835.79
Borrowdale,premium,-17.73273440760191,31.0929580843444,12.05,2,2,338,1698,14,0,1,1,1,586972.39
Marlborough,middle,-17.78236429901835,30.945110877466107,11.88,5,4,130,641,23,0,0,0,1,274271.0
Belvedere,middle,-17.849810959474247,31.019421168794715,3.42,1,1,208,1003,26,0,1,0,1,151074.88
Marlborough,middle,-17.7835362870847,30.952620039349455,11.11,1,1,230,951,47,0,0,1,0,141551.01
Highlands,upper-mid,-17.79092294671958,31.07043211584446,5.21,6,6,287,1535,2,0,0,0,1,545138.02
Mabelreign,middle,-17.81202043492458,30.99313801628281,5.88,3,3,150,585,27,0,1,0,1,131104.43
Budiriro,township,-17.946247923360765,30.9360865497319,17.24,2,1,75,462,30,0,0,0,0,29771.1
Avondale,upper-mid,-17.788300516864414,31.03145536622387,4.96,5,5,322,2113,31,1,1,1,1,403783.33
Belvedere,middle,-17.86094345457891,31.015207704833262,4.59,4,4,218,667,18,0,0,0,0,190717.38
Mabelreign,middle,-17.81392137855478,31.010339928695995,4.13,1,1,135,835,24,0,1,0,1,117153.07
Highlands,upper-mid,-17.78828652811287,31.070760934564046,5.48,1,1,304,954,13,0,1,0,1,336295.85
Mufakose,township,-17.914767037180066,30.96575310857889,12.53,3,3,95,683,34,0,1,0,0,38556.0
Vainona,upper-mid,-17.775155640555806,31.076193244374235,7.03,1,1,353,1602,31,0,1,0,1,301436.1
Hatfield,middle,-17.872920503739273,31.090747361425382,6.72,1,1,114,570,16,0,0,0,1,113688.82
Mt Pleasant,premium,-17.771686882857335,31.025486841343255,6.91,4,4,221,887,40,1,1,1,1,433472.68
Vainona,upper-mid,-17.78314793213773,31.083617284287897,6.71,3,2,172,600,15,0,1,0,1,323087.2
Marlborough,middle,-17.78075378865351,30.94017816650706,12.42,3,2,221,680,24,0,1,0,1,215955.47
Marlborough,middle,-17.78181259264649,30.94798028786113,11.64,2,2,246,1300,41,0,1,0,1,216232.18
Mabelreign,middle,-17.811187011690954,30.99289749237259,5.94,3,3,196,616,32,0,0,0,1,144280.72
Budiriro,township,-17.946899668845738,30.938084611020848,17.15,3,2,107,463,36,0,0,0,0,28021.97
Mt Pleasant,premium,-17.775649374089664,31.02278391093362,6.59,4,4,408,1948,19,0,1,1,1,445613.48
Vainona,upper-mid,-17.784616741548614,31.067834419105452,5.7,4,3,157,352,40,0,1,1,1,288127.96
Greendale,upper-mid,-17.787360874341385,31.131658288313893,10.38,4,3,176,1003,40,0,1,0,1,349591.48
Avondale,upper-mid,-17.788716415426965,31.026915977823027,5.08,2,1,150,1080,28,0,1,1,1,240165.75
Marlborough,middle,-17.78087504928173,30.963649673808362,10.26,1,1,182,1122,25,0,1,0,1,194146.74
Mufakose,township,-17.907719197260526,30.966324602873453,11.92,1,1,100,356,28,0,0,0,1,31638.16
Hatfield,middle,-17.8762744408998,31.09088681770081,7.0,4,3,178,1244,5,0,1,1,1,162268.89
Borrowdale,premium,-17.741632431532345,31.103879376037117,11.73,1,1,310,1302,21,0,1,1,1,459100.58
Avondale,upper-mid,-17.79260878208443,31.03827934010971,4.33,6,6,225,922,23,1,1,0,1,422261.08
Avonlea,middle,-17.768531985275338,30.98998973886915,9.06,1,1,160,950,19,0,0,0,1,156334.69
Avondale,upper-mid,-17.78849657582033,31.030217547026247,4.98,1,1,285,2204,20,0,1,0,0,215271.77
Mt Pleasant,premium,-17.782781398618244,31.016867654845274,6.13,8,6,354,1483,20,0,1,0,1,637204.55
Greendale,upper-mid,-17.78778933633392,31.12240740749833,9.5,2,2,291,899,20,0,1,0,1,396227.93
Greendale,upper-mid,-17.789824150076164,31.13517243337091,10.59,5,5,206,861,20,0,1,0,1,403293.3
Ballantyne Park,premium,-17.761695129304837,31.082630788560195,8.68,3,2,386,2502,31,0,1,1,1,475695.99
Hatfield,middle,-17.86614893596406,31.085069030196237,5.77,2,1,248,539,21,0,1,0,1,94642.44
Vainona,upper-mid,-17.78390388158994,31.07556337821056,6.16,6,5,198,802,23,0,1,0,1,453744.25
Avonlea,middle,-17.780201583291937,30.999452220753046,7.43,1,1,267,1615,30,0,0,1,1,196743.91
Marlborough,middle,-17.77863657467844,30.951319090634605,11.5,2,1,194,305,32,0,1,0,1,170780.67
Mufakose,township,-17.914099066797075,30.95355447571599,13.38,1,1,92,359,13,0,0,0,1,36996.13
Mt Pleasant,premium,-17.780558416014298,31.02292041632395,6.08,6,5,511,2134,25,0,1,0,1,570474.16
Mt Pleasant,premium,-17.776539797316588,31.018424956536087,6.68,3,3,419,2622,23,0,1,1,1,609210.02
Vainona,upper-mid,-17.781269407968736,31.074308085745873,6.34,5,5,258,1216,15,0,1,0,0,485556.7
Avondale,upper-mid,-17.78938384828931,31.029778735725877,4.9,3,2,240,1351,6,0,0,0,1,326254.4
Vainona,upper-mid,-17.77166044827404,31.083664764006798,7.76,1,1,131,606,29,1,0,0,1,255961.41
Hatfield,middle,-17.866677457832008,31.086177482459885,5.89,4,4,231,1593,18,0,0,0,1,147875.77
Highlands,upper-mid,-17.78708843548164,31.063844477709047,5.27,4,3,142,849,29,1,1,1,1,362931.88
Glen Lorne,premium,-17.748739259918395,31.1812093317278,17.08,4,3,532,2781,30,1,1,0,1,608467.36
Greendale,upper-mid,-17.790205973561267,31.131476729247208,10.22,1,1,512,2408,40,0,1,0,1,238700.37
Hatfield,middle,-17.8716278352494,31.086398031034214,6.29,4,4,158,781,0,0,0,0,1,149611.11
Mabelreign,middle,-17.812417578852415,31.002140249243855,4.99,4,4,129,936,17,0,1,0,1,159334.31
Hatfield,middle,-17.86769540171727,31.0950554589522,6.69,2,2,211,1227,25,0,1,0,1,112869.66
Marlborough,middle,-17.78105190722561,30.957373329353036,10.81,2,2,244,1292,10,0,0,0,1,190786.39
Hatfield,middle,-17.86664927390358,31.089928051271983,6.19,3,3,208,972,4,0,0,0,1,184408.01
Belvedere,middle,-17.85671086253611,31.018716814148846,3.99,2,1,235,1271,22,0,1,0,0,157565.07
Highlands,upper-mid,-17.78944581397664,31.073247551045334,5.5,2,1,345,2460,0,0,1,1,1,426344.73
Marlborough,middle,-17.77489494376422,30.950421614564,11.8,1,1,275,1634,19,1,1,1,1,227548.73
Hatfield,middle,-17.86912002624802,31.09043611091519,6.41,2,2,181,1176,25,0,1,0,1,130401.88
Vainona,upper-mid,-17.777886713178315,31.084968547254764,7.27,1,1,339,2013,1,1,0,1,1,372689.7
Belvedere,middle,-17.853238712575035,31.016679613637134,3.89,1,1,175,997,28,0,0,1,1,110578.9
Avondale,upper-mid,-17.794959421035998,31.02003449518722,4.8,5,4,367,1795,5,1,0,1,1,411112.38
Marlborough,middle,-17.77584368604946,30.950177461808213,11.76,3,3,175,808,24,0,1,0,1,238668.02
Glen Lorne,premium,-17.749798421694038,31.194498196598076,18.22,4,4,133,553,3,0,1,1,1,616884.48
Belvedere,middle,-17.849627009740374,31.01612986564301,3.69,5,4,127,753,15,0,0,0,1,165338.58
Mufakose,township,-17.904040163536802,30.956792159089954,12.37,3,2,99,200,26,0,0,0,1,43456.45
Mt Pleasant,premium,-17.780829127794245,31.02148671747243,6.11,3,3,470,2095,23,1,1,0,1,553003.27
Greendale,upper-mid,-17.7900962752887,31.126067811339436,9.71,5,5,301,1988,32,0,0,1,1,403409.43
Borrowdale,premium,-17.74598886335926,31.101394164435565,11.18,1,1,380,689,22,1,1,1,1,562657.09
Borrowdale,premium,-17.7447270759344,31.095586091130393,10.99,1,1,269,1612,7,0,1,1,1,539417.81
Budiriro,township,-17.94330770654855,30.929977907150487,17.44,2,2,79,361,15,0,0,0,0,39863.52
Marlborough,middle,-17.78503527949051,30.951963872293845,11.1,2,2,119,634,24,0,1,0,1,192286.15
Greendale,upper-mid,-17.791205449634976,31.12738634457073,9.78,6,6,214,1091,52,0,1,1,1,346470.25
Vainona,upper-mid,-17.778837950617653,31.081804716274362,6.99,3,3,230,669,19,0,1,0,1,354741.24
Budiriro,township,-17.9443935704063,30.944679054759533,16.48,3,2,111,680,21,0,0,0,1,38475.86
Highlands,upper-mid,-17.786186793425916,31.075883789836332,5.96,3,2,230,1284,16,0,0,1,1,387589.64
Hatfield,middle,-17.872349735462436,31.08629834206837,6.34,5,5,226,1513,1,0,1,0,1,172195.25
Vainona,upper-mid,-17.775310453059603,31.07745625264702,7.08,2,1,239,886,24,0,1,0,1,317427.98
Glen Lorne,premium,-17.736648549624444,31.17635800960679,17.42,4,4,294,1639,26,0,1,1,1,533833.42
Belvedere,middle,-17.851295473924115,31.02130315539807,3.37,2,1,201,585,0,0,1,0,1,188022.5
Borrowdale,premium,-17.736334159729534,31.100454218275225,12.05,2,2,248,927,18,1,1,0,1,537074.67
Belvedere,middle,-17.85377761837863,31.012996122091987,4.23,4,4,163,600,0,0,1,0,1,232963.49
Highlands,upper-mid,-17.78914319332258,31.062540356386954,5.01,1,1,176,476,10,1,1,1,1,377016.86
Hatfield,middle,-17.87245331720377,31.089750678380923,6.61,3,3,167,888,12,0,1,0,0,153313.73
Hatfield,middle,-17.870641771303816,31.0774693033436,5.59,3,3,184,925,3,0,0,1,1,167004.03
Hatfield,middle,-17.869286334189454,31.08941542362123,6.34,2,1,246,1161,27,0,1,0,1,117991.1
Borrowdale,premium,-17.738845467866156,31.091984880963018,11.39,7,6,339,1430,18,0,1,0,1,771791.75
Belvedere,middle,-17.85083221736068,31.019482249284824,3.49,1,1,111,669,26,0,1,0,1,118395.86
Budiriro,township,-17.93696087304392,30.941894234760575,16.06,3,3,100,624,17,0,0,0,0,36841.42
Highlands,upper-mid,-17.79782033639983,31.06259364849653,4.13,6,5,211,1200,8,0,0,0,1,467959.79
Vainona,upper-mid,-17.778819905075505,31.07559599947948,6.65,8,6,277,1283,23,0,0,0,1,558350.92
Mabelreign,middle,-17.807756561302607,30.995239090732486,5.87,2,1,182,890,11,0,1,0,0,118814.64
Ballantyne Park,premium,-17.75845671042125,31.089684947588314,9.35,5,4,446,2110,28,1,1,1,1,611102.24
Belvedere,middle,-17.84550719189449,31.019629084596637,3.13,5,4,239,1554,29,0,0,0,0,191234.26
Hatfield,middle,-17.869203803070477,31.097211439421315,6.97,2,2,211,1428,13,0,1,0,1,146590.37
Borrowdale,premium,-17.737635364240802,31.091251197744473,11.48,3,3,180,781,16,1,1,1,1,598790.59
Marlborough,middle,-17.782333705363893,30.954560411769553,11.0,8,6,234,947,30,0,1,0,1,368316.54
Avonlea,middle,-17.774136805293328,30.980996590526996,9.27,2,2,168,719,15,0,0,1,0,192592.33
Vainona,upper-mid,-17.777369618409825,31.081510171266135,7.11,5,5,268,1506,31,0,0,0,1,425880.55
Mufakose,township,-17.908541666338834,30.960870568385335,12.39,1,1,78,429,14,0,0,0,0,36998.72
Ballantyne Park,premium,-17.758472633433815,31.082787066035735,9.0,8,6,403,2802,2,1,1,0,1,749726.27
Greendale,upper-mid,-17.791703497836778,31.12293720717265,9.34,1,1,202,821,5,0,1,1,0,294253.41
Mabelreign,middle,-17.81123186910042,31.00232658371112,5.02,4,4,198,1175,0,0,0,0,1,173004.9
Ballantyne Park,premium,-17.760344738215405,31.085074230490054,8.93,5,5,373,2743,9,0,1,0,1,627506.07
Mabelreign,middle,-17.81699287058736,31.002699725870244,4.74,4,4,82,395,10,0,0,0,1,146765.54
Glen Lorne,premium,-17.746912783217056,31.175982536321342,16.73,5,5,342,2564,27,1,1,1,1,612332.96
Marlborough,middle,-17.77331239939263,30.951333229530647,11.81,2,2,178,528,15,0,1,0,1,218852.44
Glen Lorne,premium,-17.74057284361826,31.177103223139127,17.23,1,1,234,1013,27,1,0,1,1,361877.56
Belvedere,middle,-17.854699916952775,31.019031862680897,3.81,8,6,176,550,17,0,0,0,1,262844.52
Mabelreign,middle,-17.81248097097543,31.00561334874606,4.65,5,5,148,841,0,0,0,0,1,193813.14
Mabelreign,middle,-17.807455500556912,30.995762995302197,5.83,1,1,213,749,4,1,1,0,1,118821.95
Budiriro,township,-17.94466433953804,30.93203007706227,17.4,1,1,105,376,0,0,0,0,1,32133.71
Belvedere,middle,-17.852601170300044,31.020683994507987,3.52,4,3,138,755,18,0,1,0,1,206123.0
Hatfield,middle,-17.860313657386396,31.0811716145115,5.03,6,6,179,666,23,0,0,0,1,167858.7
Marlborough,middle,-17.77606860413969,30.951964698716186,11.59,2,1,155,558,4,0,0,0,1,205874.89
Glen View,township,-17.93883154103797,30.96804792479246,14.49,1,1,103,476,38,0,0,0,1,27507.11
Belvedere,middle,-17.845092054604386,31.01590834526026,3.46,2,1,221,730,3,0,1,1,1,157068.15
Mufakose,township,-17.90855899273959,30.953825902581226,12.94,5,5,120,316,13,0,0,0,0,59395.08
Highlands,upper-mid,-17.792772123904637,31.074051681610065,5.25,2,1,265,1508,13,0,0,0,1,336478.38
Marlborough,middle,-17.784349680228665,30.944093368673204,11.88,4,4,213,685,26,0,1,1,1,274319.08
Hatfield,middle,-17.870821040325815,31.08767770329007,6.33,1,1,147,767,19,0,0,1,1,136931.21
Highlands,upper-mid,-17.794762135769407,31.077448899158238,5.3,6,6,295,2490,32,0,1,1,0,513399.02
Highlands,upper-mid,-17.792230241464797,31.056506049945625,4.48,2,1,332,1474,8,0,1,1,1,404664.41
Budiriro,township,-17.938605890956925,30.935621199679332,16.65,3,2,79,373,22,0,0,0,0,36259.53
Avondale,upper-mid,-17.79400871722145,31.024480877642763,4.65,3,2,329,1741,14,0,1,0,1,374443.39
Ballantyne Park,premium,-17.76544325114754,31.079251563532985,8.14,1,1,467,2535,8,0,1,0,1,441786.54
Vainona,upper-mid,-17.77947922402425,31.080406430690527,6.85,3,3,267,1457,17,0,0,0,1,396827.96
Greendale,upper-mid,-17.787612264516063,31.127418368572183,9.97,2,1,257,1299,28,0,1,1,1,297625.34
Avonlea,middle,-17.770496170947215,30.985743035941642,9.2,5,5,189,717,21,0,1,0,0,278199.53
Glen View,township,-17.92282581661373,30.97280206063005,12.75,1,1,90,285,15,0,0,0,1,31965.74
Budiriro,township,-17.942298165583768,30.944484469885865,16.32,1,1,84,338,30,0,0,0,1,26477.57
Belvedere,middle,-17.85090427177955,31.018812354584597,3.55,3,3,281,1204,22,0,0,1,1,188896.31
Belvedere,middle,-17.848118944313313,31.020586657965836,3.21,3,3,181,1489,19,0,1,0,1,206379.12
Vainona,upper-mid,-17.78252244928433,31.082899266360766,6.72,4,3,216,1385,4,0,1,1,1,420031.29
Mufakose,township,-17.915299987776216,30.96427779475763,12.68,1,1,102,578,36,0,0,0,0,28276.58
Highlands,upper-mid,-17.79251752005453,31.064000683884515,4.73,3,3,197,509,20,0,0,0,1,387537.75
Mt Pleasant,premium,-17.775428881224173,31.01614369350452,6.89,3,2,566,1681,11,0,0,1,1,469653.28
Budiriro,township,-17.942410901716382,30.93705664945136,16.85,1,1,79,440,0,0,0,0,1,29661.78
Mufakose,township,-17.907244026487025,30.960456239520628,12.33,2,1,146,427,6,0,0,0,0,46198.96
Vainona,upper-mid,-17.776658169975963,31.080807157845122,7.13,5,4,280,1789,37,0,0,1,1,412555.06
Belvedere,middle,-17.845591802047593,31.026703183726575,2.53,3,2,160,675,16,0,1,0,1,161008.11
Avondale,upper-mid,-17.788727311472563,31.023847851338065,5.21,3,3,180,990,29,0,1,0,1,256842.19
Vainona,upper-mid,-17.7785218151368,31.083035712994683,7.09,5,4,257,1392,31,0,0,1,1,390000.39
Vainona,upper-mid,-17.783992941096365,31.074883888167548,6.11,2,2,220,677,6,0,0,1,1,343687.92
Mt Pleasant,premium,-17.781215243638762,31.01327023791262,6.48,5,5,437,1454,41,1,1,1,1,591020.87
Marlborough,middle,-17.781013580795456,30.950045263751154,11.49,4,4,162,635,11,0,0,0,0,256629.64
Avondale,upper-mid,-17.78940972310884,31.03195643886319,4.83,2,2,200,1130,37,0,0,1,1,202570.41
Marlborough,middle,-17.78297675281919,30.943862291596524,11.96,4,4,173,747,15,0,0,0,1,220492.6
Highlands,upper-mid,-17.79685687307394,31.07374443721338,4.87,2,2,126,775,10,0,1,0,1,343142.73
Kambuzuma,township,-17.858194736246602,30.95806105398563,9.69,3,2,104,657,23,0,0,0,1,38995.45
Belvedere,middle,-17.845605237798058,31.025322521756113,2.64,3,3,180,749,0,0,0,0,1,183931.23
Glen View,township,-17.93396866483439,30.966245486656817,14.16,3,2,64,303,21,0,0,0,1,41544.72
Mt Pleasant,premium,-17.774950290443776,31.020625643628737,6.75,2,2,378,2210,16,0,1,0,1,453060.18
Avonlea,middle,-17.76593002920129,30.992661907444013,9.11,3,3,200,778,31,0,0,0,1,196416.83
Mabelreign,middle,-17.803873168530163,31.000468014270353,5.6,3,3,175,1636,46,0,0,0,1,130898.21
Vainona,upper-mid,-17.78042002065011,31.07825660676441,6.64,6,6,332,1200,53,0,1,0,1,477576.47
Highlands,upper-mid,-17.790460267585395,31.067180101413584,5.08,5,5,212,508,19,0,0,1,1,509524.76
Highlands,upper-mid,-17.782993004055196,31.066217956247115,5.79,5,5,374,1252,17,1,1,0,1,549390.78
Vainona,upper-mid,-17.78300475763992,31.074402505492948,6.18,4,4,227,822,6,0,1,0,1,413920.02
Avondale,upper-mid,-17.79358214853196,31.021858541441382,4.83,4,4,202,937,0,0,1,1,1,419099.92
Vainona,upper-mid,-17.786173967810484,31.080253500681415,6.23,4,4,293,2044,29,0,0,0,1,438321.46
Vainona,upper-mid,-17.7849771069786,31.07854560248027,6.23,4,3,198,657,22,0,0,0,1,364059.11
Belvedere,middle,-17.84974530952782,31.02073595859106,3.31,3,2,211,839,19,0,1,1,1,176952.75
Glen Lorne,premium,-17.740893518385285,31.178376911079184,17.32,5,5,316,1653,21,0,1,0,1,567163.75
Vainona,upper-mid,-17.78170424422515,31.07872414939929,6.54,3,2,169,830,22,0,1,1,1,357404.8
Belvedere,middle,-17.857209285659923,31.017489426990956,4.12,1,1,173,924,2,1,0,0,1,162000.65
Ballantyne Park,premium,-17.76060420484043,31.078909920366392,8.61,1,1,489,4188,29,0,1,0,1,409908.0
Highlands,upper-mid,-17.796578929874716,31.063332919047937,4.29,3,2,147,804,22,0,1,1,1,344154.82
Highlands,upper-mid,-17.786476021087864,31.064709910364325,5.37,2,1,271,1215,14,0,1,1,1,363143.62
Borrowdale,premium,-17.73662785410565,31.093293440097415,11.67,4,4,448,2622,11,0,1,1,1,879718.92
Avondale,upper-mid,-17.789234230985922,31.02656546006034,5.04,2,1,216,1205,18,0,1,0,1,269991.76
Borrowdale,premium,-17.73314296642507,31.094603045378506,12.08,4,4,461,2234,16,1,1,1,1,855156.4
Vainona,upper-mid,-17.77944895041045,31.079975808979768,6.82,1,1,241,1290,18,0,1,0,1,299974.47
Budiriro,township,-17.94374042020742,30.950407971498056,16.04,1,1,87,558,26,0,0,0,1,27500.62
Glen View,township,-17.92370384354751,30.96094349303551,13.62,1,1,57,360,32,0,0,0,0,28438.86
Highlands,upper-mid,-17.797872026192827,31.072680868940594,4.71,1,1,135,667,27,0,1,0,1,258138.35
Vainona,upper-mid,-17.778654012113783,31.077846749087843,6.78,2,2,351,1779,11,0,1,1,1,386717.64
Avondale,upper-mid,-17.79378684661798,31.033150053598067,4.32,6,5,259,1315,21,0,1,0,1,415189.56
Mabelreign,middle,-17.80833806361216,31.003988504928866,5.02,4,4,148,1239,14,0,0,0,1,146438.58
Mabelreign,middle,-17.804438651806688,31.005333052097296,5.13,1,1,214,667,14,0,1,0,1,99012.36
Mt Pleasant,premium,-17.781135470298754,31.020635301398265,6.12,2,1,443,1694,35,0,1,1,1,359984.32
Mt Pleasant,premium,-17.774121822833493,31.0189271769695,6.9,1,1,352,2433,18,1,1,1,1,453551.57
Avondale,upper-mid,-17.784364210448278,31.033338916517987,5.33,1,1,244,501,26,0,1,0,1,228711.92
Mufakose,township,-17.91504848863367,30.94606588535259,14.03,5,4,68,200,14,0,0,0,1,70154.26
Mufakose,township,-17.914268792492578,30.96463463311572,12.57,1,1,137,982,13,0,1,1,0,45280.15
Mt Pleasant,premium,-17.781863455966977,31.024191733247747,5.89,4,3,319,1750,16,0,1,1,1,590566.34
Avonlea,middle,-17.77372196088493,30.993995664716806,8.35,3,2,159,649,9,0,1,0,1,260128.47
Ballantyne Park,premium,-17.761041142417515,31.08039511194076,8.63,7,6,349,1877,5,0,0,1,1,683365.75
Belvedere,middle,-17.846810009982946,31.026924283783874,2.6,3,2,201,904,1,0,1,0,1,173427.83
Glen View,township,-17.931811112205022,30.96954246504388,13.76,4,3,48,234,0,0,0,0,1,53215.03
Avondale,upper-mid,-17.79118095722048,31.02361693871509,4.97,3,3,359,1890,19,1,1,0,1,352587.85
Glen Lorne,premium,-17.747877924980692,31.173555469396263,16.45,3,3,286,1204,13,1,1,1,1,583845.45
Avonlea,middle,-17.779567016982284,30.97670601847709,9.22,5,5,251,1286,22,0,1,1,0,288982.91
Greendale,upper-mid,-17.789172321173712,31.12960352399225,10.09,2,1,356,1638,0,0,0,0,1,378796.35
Mabelreign,middle,-17.800532473992718,31.002269497850847,5.65,5,5,183,939,39,0,0,0,1,152462.61
Vainona,upper-mid,-17.77203584331032,31.08658300900089,7.9,4,4,307,1263,20,0,0,1,1,457267.84
Mufakose,township,-17.90916196147497,30.958637465551156,12.61,1,1,68,468,21,0,0,0,1,35517.63
Vainona,upper-mid,-17.77094794627386,31.072754261157204,7.3,2,1,381,2920,14,0,0,1,1,343517.52
Ballantyne Park,premium,-17.757161863249856,31.083678527037563,9.18,5,4,461,1973,13,1,1,0,1,634084.92
Vainona,upper-mid,-17.778667499347574,31.080299042822787,6.92,1,1,291,1186,7,0,1,0,1,290250.26
Borrowdale,premium,-17.737741093233108,31.097606460636964,11.77,3,3,399,2390,10,0,1,1,1,592506.36
Vainona,upper-mid,-17.78444357404861,31.080075901998573,6.37,2,1,259,1170,11,0,0,0,0,339676.05
Belvedere,middle,-17.856847901840336,31.021848017686402,3.78,6,5,90,362,28,0,0,0,1,186416.91
Mt Pleasant,premium,-17.77822325483285,31.025537684318596,6.22,4,4,401,1978,8,1,0,0,1,470125.3
Mt Pleasant,premium,-17.7817440159892,31.01687039581713,6.23,1,1,202,1147,40,0,1,1,1,304307.13
Mt Pleasant,premium,-17.77665616499966,31.018720840694936,6.65,3,2,452,1737,30,1,1,0,1,429841.16
Glen Lorne,premium,-17.746870323625505,31.18526861081975,17.55,5,5,522,2247,36,1,0,0,1,671071.1
Mufakose,township,-17.909880058479654,30.957381698902438,12.76,1,1,103,855,0,0,0,1,1,49215.58
Kambuzuma,township,-17.857036277169524,30.95683285051456,9.77,1,1,78,263,32,0,0,0,1,26453.5
Borrowdale,premium,-17.737061944253167,31.096762945345514,11.8,1,1,303,1880,28,1,1,1,1,577901.69
Hatfield,middle,-17.876971098001153,31.088554530340776,6.88,3,3,159,917,18,0,0,1,1,155085.49
Hatfield,middle,-17.870512798469285,31.08661916722345,6.22,3,2,109,692,16,0,0,1,1,131139.37
Budiriro,township,-17.942491802757147,30.938072225037644,16.78,2,1,98,622,12,0,0,0,1,32254.46
Greendale,upper-mid,-17.786446150887446,31.12958710211861,10.23,4,3,171,1081,30,0,1,0,1,343938.81
Vainona,upper-mid,-17.77827589396538,31.085217005402438,7.25,4,4,185,552,25,1,0,0,1,404548.49
Avondale,upper-mid,-17.79462696540191,31.030292977506917,4.33,1,1,239,1958,37,0,1,0,1,215262.25
Mufakose,township,-17.912318470371158,30.956273374092415,13.04,1,1,77,315,22,0,0,0,1,38139.63
Hatfield,middle,-17.879984498633593,31.100755363312167,8.03,5,5,231,1739,22,0,1,0,1,169388.63
Avondale,upper-mid,-17.789582727833324,31.02577864882815,5.03,6,5,277,1055,31,0,1,0,1,406570.94
Highlands,upper-mid,-17.787135585416816,31.072281826135693,5.67,3,2,332,1634,17,0,1,0,1,463800.04
Hatfield,middle,-17.863560652399407,31.09626189027795,6.52,1,1,186,1278,28,0,1,0,1,100986.42
Mufakose,township,-17.906276198297864,30.95543875737107,12.65,1,1,83,531,30,0,0,0,1,30350.15
Greendale,upper-mid,-17.78936725102005,31.135027643623946,10.6,1,1,325,722,29,0,1,1,1,299169.17
Belvedere,middle,-17.852594818746432,31.015704713127423,3.92,6,5,131,947,29,0,1,1,1,219789.4
Greendale,upper-mid,-17.78701832965411,31.135777436659847,10.78,5,5,219,1162,0,0,1,0,1,410901.62
Avondale,upper-mid,-17.79021271263882,31.037195045426465,4.61,4,4,264,943,27,0,1,1,1,386202.73
Marlborough,middle,-17.785737999689232,30.94345558026157,11.87,2,2,230,1443,24,0,0,0,1,237158.68
Hatfield,middle,-17.87415081491258,31.090765250253835,6.82,7,6,175,955,19,0,0,0,1,217999.45
Budiriro,township,-17.945941381999393,30.94783965545622,16.4,3,3,122,796,12,0,0,0,1,34796.26
Avondale,upper-mid,-17.796143708781553,31.029529897941156,4.21,4,4,301,862,29,1,1,1,1,387493.88
Greendale,upper-mid,-17.791457628138637,31.132349495502655,10.24,2,2,218,828,27,0,0,1,1,286918.7
Greendale,upper-mid,-17.78566776901929,31.128689426096418,10.19,6,5,274,1358,21,0,1,0,1,498284.64
Mt Pleasant,premium,-17.77253769602113,31.02306462993281,6.9,3,3,334,2605,16,0,1,1,1,479497.02
Vainona,upper-mid,-17.784723301177515,31.07764576576497,6.2,3,2,366,2402,3,0,1,0,1,461815.36
Glen Lorne,premium,-17.739517982545326,31.185223548708933,18.0,2,1,259,1463,28,1,1,0,1,458294.01
Avondale,upper-mid,-17.793242269746532,31.02766883255972,4.58,4,3,251,1050,20,1,0,0,1,358471.59
Ballantyne Park,premium,-17.757605884334634,31.07255784117405,8.67,4,4,259,1447,4,0,1,0,1,554563.46
Greendale,upper-mid,-17.791745515765996,31.131415504911654,10.14,3,2,282,1503,24,0,1,0,1,380587.87
Mabelreign,middle,-17.802590190161943,30.997888637259283,5.9,3,2,233,1217,12,0,1,1,1,158954.77
Highlands,upper-mid,-17.787605869412424,31.067241356179935,5.37,5,5,205,1207,0,1,0,0,1,507735.27
Avonlea,middle,-17.76569422228632,30.98886138729431,9.38,4,4,167,954,0,0,1,1,1,291784.28
Glen View,township,-17.928909270404276,30.9683890143515,13.57,1,1,40,200,9,0,0,0,1,34475.46
Avonlea,middle,-17.76273777576957,30.99252540661845,9.41,5,4,112,787,21,0,1,1,1,281290.94
Ballantyne Park,premium,-17.764752110301274,31.076462061691785,8.08,2,1,534,2352,8,0,1,1,0,471071.74
Greendale,upper-mid,-17.788657869622686,31.13486335487418,10.61,5,4,188,1043,35,1,0,1,1,346960.59
Avonlea,middle,-17.770281377896268,30.986824600675188,9.14,2,2,108,447,1,0,0,0,1,218378.4
Marlborough,middle,-17.774938321800615,30.956902325584963,11.22,8,6,195,494,29,0,0,1,1,305770.97
Ballantyne Park,premium,-17.754970118342513,31.08570683856583,9.49,7,6,404,1760,24,1,1,1,1,613348.15
Avondale,upper-mid,-17.785186866942496,31.03820530623737,5.14,1,1,221,1055,5,0,1,0,1,259397.13
Marlborough,middle,-17.783035963146947,30.947430706589934,11.63,3,2,218,1255,19,0,0,0,1,236727.33
Highlands,upper-mid,-17.787446669339513,31.07287932709735,5.67,5,4,253,391,29,0,0,1,1,406688.34
Avonlea,middle,-17.768706796564228,30.995923939569792,8.66,5,5,196,1101,21,0,0,0,1,255249.24
Glen Lorne,premium,-17.740755159625223,31.179114419533423,17.39,1,1,508,3150,36,0,1,1,1,419821.47
Vainona,upper-mid,-17.783307318140995,31.078919976751784,6.4,5,5,116,618,10,0,1,0,1,389669.35
Mabelreign,middle,-17.81182291222998,31.00011465498174,5.21,5,5,186,1024,10,0,0,0,1,197412.78
Highlands,upper-mid,-17.79404660304871,31.06848808934236,4.8,4,3,325,1113,37,0,1,1,1,448590.85
Avonlea,middle,-17.781537978885623,30.988400384254465,8.13,4,3,152,803,10,0,1,1,1,266786.87
Greendale,upper-mid,-17.79178498863231,31.129133878834956,9.92,3,3,187,1031,21,0,1,0,1,374967.86
Vainona,upper-mid,-17.78487764258199,31.083264864922242,6.54,5,5,126,573,31,0,1,1,1,411664.67
Glen View,township,-17.93620806299729,30.967210657687513,14.3,1,1,103,527,33,0,0,0,1,30737.69
Greendale,upper-mid,-17.790383283971966,31.123102399151517,9.42,6,6,236,980,25,0,1,0,0,454846.13
Highlands,upper-mid,-17.781015163412757,31.070965528216174,6.2,3,2,329,1481,8,1,1,1,1,449573.3
Glen View,township,-17.923915633329045,30.96189156166179,13.57,4,4,130,385,31,0,0,0,1,53921.32
Hatfield,middle,-17.866156627342008,31.085601829395387,5.81,2,1,223,1147,19,0,0,0,1,115158.82
Belvedere,middle,-17.849062012133082,31.01172903304123,4.05,4,4,219,1316,5,0,0,0,1,215718.86
Glen Lorne,premium,-17.741218478251607,31.175618084407137,17.06,3,3,308,1227,26,0,1,1,1,553419.36
Mt Pleasant,premium,-17.7724091444295,31.013488050273352,7.32,1,1,395,1754,35,1,1,1,1,359840.53
Belvedere,middle,-17.84979954756714,31.018168363876544,3.53,2,2,180,363,37,0,1,0,1,150088.07
Highlands,upper-mid,-17.785179041449126,31.06381901869287,5.47,4,3,272,1709,38,0,0,0,1,365468.49
Highlands,upper-mid,-17.782248009422386,31.065807449953404,5.85,1,1,248,1692,15,0,0,1,0,271758.14
Hatfield,middle,-17.870934769865595,31.096671184302604,7.04,4,4,172,846,6,0,0,1,1,170069.47
Vainona,upper-mid,-17.773908387527754,31.079288252566478,7.31,4,4,100,356,15,0,1,1,1,349232.41
Glen Lorne,premium,-17.743328934724396,31.177118359362684,17.05,2,1,407,2213,30,0,1,0,1,450360.32
Borrowdale,premium,-17.736788968887826,31.104454293432923,12.22,3,2,501,2794,14,1,1,1,1,728781.52
Avondale,upper-mid,-17.788094275361814,31.03367831591678,4.92,5,5,228,1123,32,0,0,0,1,332471.17
Avonlea,middle,-17.770849187008192,30.99730378123031,8.38,1,1,187,1641,17,0,0,0,1,186148.47
Mufakose,township,-17.90830679931196,30.95183798595559,13.08,1,1,53,200,32,0,0,0,1,31393.53
Mt Pleasant,premium,-17.778133105359274,31.02603014369511,6.21,3,3,325,2334,23,1,1,0,1,515391.0
Highlands,upper-mid,-17.7827175804499,31.068720765733577,5.93,4,4,160,913,26,0,1,1,1,447758.53
Marlborough,middle,-17.775168065695127,30.95282872599146,11.57,5,5,204,847,16,0,1,0,1,330664.52
Greendale,upper-mid,-17.791996684451117,31.124671314077467,9.48,2,2,209,1272,10,1,1,0,1,360784.78
Avondale,upper-mid,-17.78548388691927,31.01986991777837,5.72,5,4,219,597,24,1,1,0,0,359499.87
Glen View,township,-17.93418156799557,30.971276813893653,13.87,2,2,77,310,49,0,0,0,0,27560.28
Marlborough,middle,-17.772811574465806,30.946360393590453,12.29,4,4,168,515,42,0,1,0,1,252106.45
Avondale,upper-mid,-17.786904925760606,31.023494091209685,5.41,4,3,323,1728,0,0,1,0,1,420093.27
Budiriro,township,-17.933315186658575,30.937824212290717,16.06,5,5,93,405,29,0,0,0,1,47775.66
Glen Lorne,premium,-17.743182200731788,31.18391670456806,17.65,2,2,440,2994,9,0,0,1,1,553356.12
Kambuzuma,township,-17.860405668483736,30.96907970374096,8.68,2,2,134,960,18,0,0,1,0,33514.29
Marlborough,middle,-17.774750467048644,30.9496778082592,11.87,3,2,223,1001,24,0,0,0,1,185688.91
Marlborough,middle,-17.78476491453405,30.950420573883488,11.26,1,1,233,1225,18,0,1,1,1,235208.66
Glen View,township,-17.930417335610816,30.971399472607278,13.52,2,1,68,268,17,0,0,0,1,34758.48
Marlborough,middle,-17.78461026796157,30.9498015606387,11.32,4,4,178,909,23,0,0,0,1,255303.16
Avondale,upper-mid,-17.786538450887356,31.032124986542375,5.13,2,2,238,1431,4,0,1,1,1,319714.59
Vainona,upper-mid,-17.78477763950221,31.079173787221833,6.29,4,3,244,1000,26,0,0,0,1,342435.5
Belvedere,middle,-17.848059915923766,31.017377066448837,3.49,1,1,109,665,31,0,0,0,1,109798.09
Avonlea,middle,-17.76641980774351,30.993387445715527,9.02,2,1,190,474,1,0,0,0,0,203499.36
Highlands,upper-mid,-17.788455350060207,31.070441238275908,5.44,3,3,180,1257,26,1,0,1,1,336094.55
Hatfield,middle,-17.869938984803564,31.089977907735857,6.44,2,1,212,907,24,0,1,0,1,142325.06
Belvedere,middle,-17.842069262273963,31.0132028899056,3.58,4,4,152,200,19,0,0,1,1,190951.8
Greendale,upper-mid,-17.78777832263168,31.13009845699617,10.21,3,2,205,907,11,0,1,0,1,359213.71
Borrowdale,premium,-17.73354270391471,31.09537835109104,12.08,3,3,413,1783,22,1,1,1,1,641061.85
Avondale,upper-mid,-17.78690055349063,31.030784345490332,5.13,3,3,336,1886,10,0,1,1,1,386175.1
Borrowdale,premium,-17.74368364108569,31.097497651646304,11.19,4,3,344,2114,0,0,1,1,1,711202.99
Glen Lorne,premium,-17.749407975496084,31.174682593062567,16.46,1,1,344,1285,32,1,1,0,1,404795.04
Avondale,upper-mid,-17.78690045249035,31.03306771466323,5.06,2,1,338,1354,12,0,1,0,1,329692.54
Glen Lorne,premium,-17.741837725109924,31.185245285892925,17.85,2,1,392,2995,24,0,1,1,1,429821.26
Vainona,upper-mid,-17.777186732019622,31.080739109527237,7.08,4,4,386,2146,33,0,1,0,1,386522.02
Belvedere,middle,-17.85500842178835,31.017030045379727,3.99,2,2,189,1050,18,0,0,0,1,180729.42
Vainona,upper-mid,-17.782818261091613,31.07888542099324,6.45,2,2,291,1434,20,0,1,1,1,405373.61
Budiriro,township,-17.935839410333106,30.935017015591168,16.47,1,1,117,656,15,0,0,0,1,30509.63
Glen View,township,-17.93435947969121,30.97291020489501,13.79,1,1,95,390,11,0,0,0,0,34827.81
Avonlea,middle,-17.775771875934243,30.98656513822397,8.72,3,3,179,841,32,1,0,0,1,228438.68
Budiriro,township,-17.945797259581365,30.93307804417351,17.41,1,1,80,397,20,0,0,0,1,30433.85
Mufakose,township,-17.911030639226095,30.953951811851248,13.12,1,1,52,351,24,0,0,0,0,31121.14
Vainona,upper-mid,-17.789217246653145,31.072850498497456,5.5,6,6,371,2792,22,0,1,1,1,487702.45
Hatfield,middle,-17.872598856216932,31.08945237842941,6.6,5,4,222,1077,24,0,0,1,1,189425.23
Mt Pleasant,premium,-17.779543302153417,31.022047695942735,6.22,4,3,308,2031,12,0,0,1,1,509086.98
Belvedere,middle,-17.850359428149062,31.019755424157168,3.43,3,2,155,665,35,0,1,1,1,165646.71
Marlborough,middle,-17.77584342646316,30.949979958252687,11.78,4,4,168,926,38,0,1,0,1,206375.14
Borrowdale,premium,-17.733142142923,31.10361738087614,12.53,2,1,240,746,9,0,0,1,1,461319.73
Vainona,upper-mid,-17.780523510660434,31.080669927735787,6.76,7,6,345,1719,0,0,0,0,1,553959.44
Kambuzuma,township,-17.849596749842824,30.958910740842708,9.34,1,1,77,319,25,0,0,0,1,30650.73
Vainona,upper-mid,-17.77539838275375,31.077642075049862,7.08,6,6,223,1447,40,0,0,0,1,436502.39
Ballantyne Park,premium,-17.763864562805992,31.076189641664428,8.16,1,1,317,1215,39,0,1,1,1,334273.32
Ballantyne Park,premium,-17.760438380466297,31.082082631294806,8.77,4,4,353,585,13,1,1,0,1,502614.48
Avondale,upper-mid,-17.790619107523984,31.021922439212,5.11,5,5,306,1633,53,0,1,1,1,355564.44
Mabelreign,middle,-17.80817974789159,31.0069019267634,4.76,5,4,150,839,35,0,0,0,1,135325.96
Hatfield,middle,-17.868013750723883,31.07871488327696,5.45,2,2,187,957,19,1,1,1,1,152880.5
Avondale,upper-mid,-17.777994370353007,31.03511641878885,5.99,6,6,225,544,16,0,1,0,0,409452.28
Highlands,upper-mid,-17.79723898520937,31.066578010092957,4.39,3,3,154,982,40,0,0,1,1,337037.09
Borrowdale,premium,-17.742664192573613,31.09411721710622,11.11,3,2,336,1336,10,0,1,0,1,581191.73
Avondale,upper-mid,-17.78796084882469,31.027690910270046,5.12,3,3,235,854,33,1,1,1,1,293297.46
Mabelreign,middle,-17.80122023191672,30.99881309469291,5.91,4,3,252,1464,11,0,1,0,1,169402.16
Hatfield,middle,-17.87058694085617,31.08967892742352,6.46,1,1,170,760,17,0,0,0,1,101062.17
Greendale,upper-mid,-17.788870692434667,31.129665579965575,10.11,7,6,250,1562,21,0,0,0,1,462932.67
Avonlea,middle,-17.770773770319256,30.99207294037454,8.73,3,3,172,629,10,0,0,0,1,220383.41
Avondale,upper-mid,-17.786146407321752,31.038620520283718,5.03,6,6,185,1224,38,1,1,1,1,363563.56
Avonlea,middle,-17.770884441922043,30.99408943922386,8.59,2,1,167,1199,12,0,0,1,1,189770.87
Marlborough,middle,-17.78454169023097,30.94371893515277,11.9,3,3,97,330,25,0,1,0,1,223239.13
Belvedere,middle,-17.847041596843713,31.015545907191772,3.59,3,2,203,1279,18,0,0,0,1,159399.03
Marlborough,middle,-17.780175503475522,30.95729548676314,10.87,2,1,208,478,17,0,1,0,1,202109.61
Kambuzuma,township,-17.86142071658126,30.966668020627576,8.95,3,3,104,526,17,0,0,0,0,35028.72
Avondale,upper-mid,-17.791336878502996,31.03737880299843,4.48,7,6,189,865,10,1,0,1,1,505479.19
Borrowdale,premium,-17.73079724476661,31.100680745895595,12.61,1,1,321,2006,13,0,1,1,1,549664.76
Highlands,upper-mid,-17.790210507371047,31.08025172451498,5.87,6,6,267,1327,41,1,0,0,1,536761.13
Marlborough,middle,-17.77671496876972,30.95033877496257,11.7,3,3,258,1505,19,0,0,0,1,244014.89
Marlborough,middle,-17.775931759063113,30.946136992433264,12.13,2,1,109,332,27,0,1,0,1,172095.43
Marlborough,middle,-17.77689622615171,30.938810339096538,12.75,2,1,175,829,34,0,1,0,0,197124.03
Hatfield,middle,-17.873694732392153,31.091258138019015,6.82,3,3,122,708,30,0,0,0,1,113123.57
Vainona,upper-mid,-17.782686528925147,31.07536163469952,6.26,2,2,254,1366,32,1,1,0,1,320601.79
Belvedere,middle,-17.847467969057263,31.013339224617425,3.82,2,1,251,1550,15,0,1,0,1,187979.55
Belvedere,middle,-17.845697618551977,31.023106972663633,2.84,2,1,220,1557,39,0,0,1,1,142310.23
Greendale,upper-mid,-17.790374220399276,31.128099377986683,9.89,1,1,282,1649,13,0,0,1,1,293005.51
Greendale,upper-mid,-17.793572886610697,31.123982364278287,9.34,2,2,215,1315,10,0,0,0,1,334425.79
Ballantyne Park,premium,-17.769035889945272,31.08346935517601,8.0,7,6,182,1405,10,0,1,0,1,634850.11
Greendale,upper-mid,-17.790297601407747,31.13558828089886,10.6,4,4,355,2351,39,0,1,0,1,447073.55
Mabelreign,middle,-17.80978351656002,30.999648527517657,5.35,4,3,184,1005,11,0,1,1,1,182739.39
Glen View,township,-17.9270114263984,30.973840150023776,13.06,2,1,113,599,23,0,0,0,0,38901.87
Avonlea,middle,-17.774518350068323,30.99522512333803,8.2,5,4,234,761,1,1,1,0,1,285153.92
Vainona,upper-mid,-17.78361407075189,31.076826489483274,6.25,1,1,254,1331,18,0,0,1,1,311573.96
Belvedere,middle,-17.846460088650847,31.027672683423308,2.51,2,1,192,622,14,0,1,0,1,161931.89
Hatfield,middle,-17.86926947112312,31.080492823961666,5.68,4,4,243,1686,0,0,0,0,0,172830.61
Vainona,upper-mid,-17.785136004874058,31.077612398874486,6.16,1,1,327,936,21,0,1,0,1,306547.81
Mabelreign,middle,-17.812347129815826,30.99684943812801,5.5,7,6,272,1932,25,1,0,1,1,188413.02
Glen Lorne,premium,-17.74794533647806,31.183639564601418,17.34,3,2,371,1845,22,0,1,0,1,540737.35
Borrowdale,premium,-17.742076232835053,31.105839099592924,11.8,5,5,379,1209,0,1,1,1,1,870223.54
Mt Pleasant,premium,-17.77939607889465,31.02433193106216,6.14,6,5,313,1635,23,0,1,1,1,634397.27
Ballantyne Park,premium,-17.756874635376903,31.078840999106426,8.99,4,3,295,1047,43,1,1,0,1,420783.25
Mufakose,township,-17.913282292974746,30.950978990310727,13.52,3,3,50,261,0,0,1,0,1,58532.93
Avondale,upper-mid,-17.79385894793458,31.03660357235776,4.22,4,3,316,1236,18,0,0,1,1,371844.63
Vainona,upper-mid,-17.7778262780903,31.075011996681962,6.71,2,1,221,1340,7,0,1,0,1,323092.76
Avondale,upper-mid,-17.788170605674722,31.03478633469364,4.88,3,3,253,1458,34,1,0,0,1,283392.2
Greendale,upper-mid,-17.791474983487948,31.130361599676572,10.05,3,3,194,981,41,0,1,0,1,300511.88
Vainona,upper-mid,-17.78731690586091,31.075608623676374,5.84,3,2,356,2478,11,0,1,0,1,409910.03
Mt Pleasant,premium,-17.782008703544374,31.01211840823883,6.46,4,4,430,1477,19,0,1,1,1,483547.17
Belvedere,middle,-17.841634690857365,31.024700985214572,2.45,6,6,160,1037,26,1,0,0,1,216405.35
Mt Pleasant,premium,-17.780967623817496,31.024683724298395,5.96,2,2,381,2309,17,0,1,0,1,462019.46
Hatfield,middle,-17.86845085856673,31.088419937760168,6.2,7,6,198,1342,24,0,1,0,1,186585.11
Highlands,upper-mid,-17.789562135565095,31.063222349082093,5.0,2,2,150,585,22,1,1,1,1,368709.89
Hatfield,middle,-17.868940565378047,31.084501309908262,5.94,1,1,234,1068,0,0,0,0,1,121291.38
Mabelreign,middle,-17.80866686818626,30.995219968401646,5.83,5,5,130,200,14,0,1,1,1,168329.76
Mt Pleasant,premium,-17.785935933999824,31.006817417906277,6.44,2,2,508,3402,17,0,1,0,1,507789.25
Glen Lorne,premium,-17.740359543662066,31.179985573945462,17.49,4,3,255,1449,53,0,1,1,1,461492.39
Kambuzuma,township,-17.861769038120425,30.960476256085276,9.58,2,1,75,390,18,0,0,0,0,33166.64
Avondale,upper-mid,-17.789358364684727,31.02616224781515,5.04,2,2,98,580,9,1,1,0,1,271389.02
Avonlea,middle,-17.77657050472657,30.999865105909684,7.71,2,2,138,440,18,0,1,0,1,197378.07
Borrowdale,premium,-17.737460852445682,31.098953677465403,11.87,3,3,195,1455,35,0,1,1,1,593218.69
Vainona,upper-mid,-17.77490757963177,31.084194181653015,7.49,3,3,320,1180,18,0,1,1,1,431671.23
Marlborough,middle,-17.77994248690497,30.948235318470815,11.71,5,5,195,1289,18,0,1,1,0,278852.73
Mufakose,township,-17.90366821996857,30.96354922166888,11.82,5,5,84,457,3,0,0,1,0,63019.28
Vainona,upper-mid,-17.781030652805164,31.076553260683497,6.48,2,2,351,2424,36,0,1,1,1,313036.58
Hatfield,middle,-17.867115841656453,31.09340356533892,6.51,2,1,81,473,21,0,1,0,1,125145.73
Belvedere,middle,-17.8497117451953,31.021853122239126,3.21,2,2,146,965,0,0,0,1,1,181824.01
Mt Pleasant,premium,-17.776483001332195,31.014485216156004,6.87,5,5,323,1759,16,0,0,1,1,568863.11
Vainona,upper-mid,-17.781538050126642,31.07531353152099,6.37,1,1,189,1440,5,1,0,1,1,339082.78
Highlands,upper-mid,-17.788108418120174,31.065694323319956,5.25,3,3,353,2128,11,1,1,0,1,474959.52
Avondale,upper-mid,-17.79532060209456,31.027847908028882,4.36,4,4,90,366,16,0,1,0,1,289898.64
Belvedere,middle,-17.84926580137598,31.01462990997513,3.8,3,2,163,1074,11,0,0,1,1,179081.09
Avondale,upper-mid,-17.78670140124754,31.031057518497327,5.14,1,1,293,929,7,0,0,0,1,235948.68
Highlands,upper-mid,-17.789798234455734,31.064903225761906,5.04,4,3,258,1140,23,0,1,1,1,410280.65
Belvedere,middle,-17.849197263297928,31.024038552973483,3.0,3,2,181,609,25,0,0,1,1,161432.65
Avonlea,middle,-17.769834419954915,30.984711851833715,9.33,5,5,160,701,24,0,1,0,1,241080.04
Marlborough,middle,-17.77808682607715,30.961296676548386,10.64,7,6,124,915,18,0,0,0,1,343092.05
Marlborough,middle,-17.78144608828991,30.951036065335543,11.37,5,4,220,855,29,1,0,0,1,289040.67
Highlands,upper-mid,-17.787083329635156,31.062154677639402,5.21,5,4,103,454,36,0,1,1,1,358004.64
Belvedere,middle,-17.850360632673233,31.017750704490965,3.6,4,3,165,918,40,0,1,1,0,166900.85
Greendale,upper-mid,-17.791778294940308,31.125329713590137,9.56,3,3,268,714,32,0,1,0,1,336499.54
Greendale,upper-mid,-17.792575436806743,31.130730772990006,10.03,6,6,289,1098,16,0,1,0,1,445178.88
Ballantyne Park,premium,-17.752993163053684,31.07816691371893,9.36,3,2,590,4754,19,1,0,0,1,510084.78
Avonlea,middle,-17.76474664617732,30.988196274910717,9.51,3,3,182,1002,0,0,0,1,1,237868.67
Avonlea,middle,-17.775289299842434,30.987904542787895,8.66,3,3,218,924,16,0,0,1,1,247326.88
Vainona,upper-mid,-17.78118716582502,31.09021143937307,7.32,2,2,294,1195,34,1,1,1,1,394785.82
Mufakose,township,-17.914073976581403,30.961378128686,12.79,2,1,87,542,25,0,0,0,0,38052.82
Mabelreign,middle,-17.818725030325673,31.005380201108146,4.41,3,3,192,1150,6,0,1,1,1,159661.81
Mt Pleasant,premium,-17.781018542122002,31.01828762091033,6.24,1,1,255,1452,6,1,0,1,1,462047.14
Belvedere,middle,-17.855141242592726,31.026879394572525,3.3,2,1,233,1499,43,0,0,0,1,117595.11
Greendale,upper-mid,-17.794330678280673,31.126929552778837,9.58,5,4,247,1327,30,0,0,1,1,445109.36
Budiriro,township,-17.9386747874772,30.93958616089564,16.36,3,3,102,497,19,0,0,0,1,47293.08
Highlands,upper-mid,-17.784792729474272,31.072265471903926,5.89,4,4,243,1375,1,0,0,0,1,437763.76
Vainona,upper-mid,-17.778808631914433,31.074059053347472,6.57,3,3,189,1319,29,0,1,1,1,401718.89
Avondale,upper-mid,-17.791433687112335,31.024296573430238,4.92,3,3,361,2170,9,0,1,1,1,357564.06
Vainona,upper-mid,-17.776537088259303,31.087615869745694,7.55,4,3,206,1266,20,0,0,0,1,429197.94
Belvedere,middle,-17.860340887241957,31.023012896757105,4.01,4,3,207,1069,26,0,1,0,1,180782.92
Avondale,upper-mid,-17.7943060635024,31.021194855826288,4.8,5,5,268,1735,23,0,1,1,1,417583.54
Highlands,upper-mid,-17.787501586889046,31.07273166542062,5.66,1,1,282,1907,15,1,1,1,1,398917.97
Marlborough,middle,-17.780066160210332,30.957029226483417,10.9,4,4,243,812,19,0,0,0,1,272705.74
Mufakose,township,-17.912988918533244,30.96448031691595,12.48,2,2,102,280,32,0,0,0,1,37760.51
Mabelreign,middle,-17.805698276589425,30.998026296288646,5.71,2,1,194,1235,26,0,1,0,0,95259.71
Marlborough,middle,-17.781974714384162,30.9496331797622,11.47,4,3,283,1735,13,0,1,0,1,302218.15
Vainona,upper-mid,-17.779571104553018,31.07918999869256,6.77,4,3,308,1160,29,0,1,0,1,417468.01
Ballantyne Park,premium,-17.753447087094024,31.090410286312594,9.87,3,2,366,2673,5,1,1,0,1,492695.51
Mufakose,township,-17.91242878250791,30.95317329285272,13.28,3,2,60,382,26,0,0,0,0,36111.52
Hatfield,middle,-17.8685420000772,31.088035464859885,6.18,4,3,299,1231,18,0,1,0,1,175832.59
Avonlea,middle,-17.765696381894163,30.995969592927803,8.93,1,1,159,854,10,0,1,0,1,160566.51
Mufakose,township,-17.912666498149772,30.957131568759024,13.0,2,2,109,487,22,0,0,0,0,35410.57
Mt Pleasant,premium,-17.781594801505243,31.025276631290062,5.88,5,4,412,1689,17,1,1,0,1,461644.32
Belvedere,middle,-17.841375879164026,31.022591769943876,2.64,1,1,166,1169,17,0,0,0,0,133902.08
Highlands,upper-mid,-17.78453764189552,31.070223197232398,5.82,3,3,227,1349,19,0,1,1,1,390640.0
Mt Pleasant,premium,-17.787260230278875,31.01667087724874,5.71,6,6,296,1969,39,1,1,1,1,568414.1
Avondale,upper-mid,-17.79428377329738,31.032236131930876,4.3,2,1,214,764,13,1,0,0,1,236112.43
Greendale,upper-mid,-17.786425751090654,31.135413920077433,10.78,7,6,309,1335,19,1,0,0,1,490140.6
Kambuzuma,township,-17.858430130628264,30.946552665586665,10.86,1,1,78,473,23,0,0,0,0,27191.8
Vainona,upper-mid,-17.786407074117246,31.08351148318367,6.42,2,1,266,1154,8,1,1,1,1,391542.07
Mabelreign,middle,-17.806101864125125,31.00575729665565,4.99,1,1,129,592,15,0,1,1,1,95532.93
Hatfield,middle,-17.870656821679997,31.082455848082343,5.93,1,1,186,531,32,0,0,0,1,97839.27
Belvedere,middle,-17.85124523667984,31.0231203708197,3.23,1,1,77,354,20,0,1,0,1,111087.42
Glen View,township,-17.92670333165502,30.96918192134008,13.33,2,2,76,213,14,0,0,0,1,36213.82
Greendale,upper-mid,-17.791261448277012,31.133072788384,10.32,6,5,244,777,22,0,1,0,1,410186.06
Greendale,upper-mid,-17.787647599580552,31.126546841602003,9.89,4,3,235,839,33,0,1,0,1,418007.21
Ballantyne Park,premium,-17.76130927818293,31.0712967819844,8.23,5,4,256,1199,31,1,0,1,1,519047.02
Vainona,upper-mid,-17.78191949711776,31.079258812727648,6.55,4,3,213,1297,20,0,1,1,0,401945.82
Mufakose,township,-17.91840434637044,30.960862972259836,13.18,3,2,116,634,0,0,1,0,1,58519.44
Avondale,upper-mid,-17.789993006105725,31.02259514904832,5.14,2,2,268,901,4,0,1,0,1,329098.08
Vainona,upper-mid,-17.779216309466083,31.08500910853848,7.15,1,1,297,1665,0,0,1,0,1,328793.19
Highlands,upper-mid,-17.7910524347881,31.07011690408301,5.18,3,3,352,2223,8,0,1,0,1,489791.01
Avondale,upper-mid,-17.79301955828593,31.03599778982782,4.33,4,3,270,1175,14,0,0,0,1,336324.52
Hatfield,middle,-17.86717932754116,31.088204236864996,6.09,1,1,169,770,18,0,1,1,1,111554.49
Vainona,upper-mid,-17.78169826889557,31.08663425806806,7.03,5,5,137,756,28,1,1,1,1,469353.85
Hatfield,middle,-17.872552480881257,31.104953932373554,7.85,3,3,187,883,23,1,1,0,1,164381.27
Avonlea,middle,-17.766406953270575,30.990984038612943,9.18,2,2,197,791,7,0,0,1,1,219065.75
Mabelreign,middle,-17.80282479679994,31.006161826359303,5.17,3,2,149,770,25,0,0,0,1,108516.07
Highlands,upper-mid,-17.79438920384515,31.07537319509082,5.19,1,1,322,1824,23,0,1,1,1,365367.26
Avonlea,middle,-17.766736996147984,30.996052399513825,8.83,5,4,187,470,14,0,0,1,1,274388.29
Ballantyne Park,premium,-17.762697281823566,31.078682771573998,8.39,2,2,509,2020,0,0,1,1,1,485023.02
Greendale,upper-mid,-17.788940306610527,31.125730745501553,9.74,3,3,194,997,23,0,0,0,1,350662.7
Hatfield,middle,-17.866789718672294,31.091556709406827,6.33,5,5,164,1140,4,0,0,1,1,196610.24
Avonlea,middle,-17.772679871105723,30.988735093245925,8.81,6,5,184,1105,14,0,1,0,1,359426.11
Ballantyne Park,premium,-17.759676678218156,31.067280550582293,8.27,3,3,581,810,15,1,1,0,1,556476.63
Mufakose,township,-17.91241548986912,30.958277495882704,12.89,1,1,48,285,27,0,0,0,0,30556.68
Glen Lorne,premium,-17.745361180560202,31.19319766486904,18.35,1,1,355,2699,0,1,1,1,1,593447.06
Avonlea,middle,-17.77592758641395,30.990350498727494,8.42,7,6,254,1162,32,0,0,0,0,310221.72
Budiriro,township,-17.940241648491288,30.93058667554222,17.15,5,4,107,200,32,0,1,0,1,44578.6
Marlborough,middle,-17.77834291062917,30.952742758130956,11.39,3,3,276,1316,11,0,0,1,1,262050.29
Mabelreign,middle,-17.80911306637021,30.986768584887578,6.63,3,2,199,1584,14,0,1,0,1,148719.3
Avonlea,middle,-17.765305825548246,30.993247214362242,9.13,5,5,188,918,10,0,0,1,1,310224.9
Mabelreign,middle,-17.808942526468172,31.00799690374539,4.62,3,2,137,711,35,0,0,0,1,104068.25
Belvedere,middle,-17.848471586245694,31.024731574692964,2.89,1,1,215,965,32,0,0,0,1,112287.68
Belvedere,middle,-17.859005829068188,31.025087395963507,3.76,3,2,50,223,9,0,0,0,1,162590.83
Highlands,upper-mid,-17.79283029505761,31.06176463752675,4.6,3,3,286,2059,27,1,1,1,1,409343.73
Hatfield,middle,-17.873452029070954,31.09367636003565,6.99,3,3,197,1423,38,0,0,0,1,124937.79
Highlands,upper-mid,-17.798399462922504,31.079215457761876,5.12,5,4,205,861,11,1,1,0,1,517373.8
Budiriro,township,-17.93854214426433,30.938436054684622,16.44,2,2,144,470,12,0,0,0,1,36413.57
Highlands,upper-mid,-17.787062434930476,31.075496895903278,5.86,8,6,248,1503,15,0,1,1,1,556628.71
Highlands,upper-mid,-17.793794145326626,31.0703118484032,4.93,3,3,176,700,21,1,1,1,1,372600.68
Mufakose,township,-17.909719621248733,30.963312731590857,12.3,3,3,103,713,15,0,0,0,0,50614.13
Highlands,upper-mid,-17.795937715922978,31.073007358880723,4.9,5,5,224,1192,20,0,1,1,1,549588.23
Greendale,upper-mid,-17.788767459257308,31.12959146840565,10.11,2,2,156,243,23,0,0,0,1,261957.52
Hatfield,middle,-17.878901926338223,31.086150407443608,6.88,4,3,121,820,10,0,0,1,1,142707.12
Ballantyne Park,premium,-17.75027586461088,31.0858888350778,9.97,3,3,225,2183,20,1,0,1,1,460571.29
Ballantyne Park,premium,-17.758924207214367,31.079948860178575,8.83,3,3,336,1418,6,0,1,1,1,555113.41
Avondale,upper-mid,-17.78647995370661,31.030905861594864,5.17,5,5,279,1302,21,0,1,0,1,376731.84
Highlands,upper-mid,-17.786868025667943,31.073423359623035,5.76,2,2,161,1012,0,0,0,0,1,303865.02
Highlands,upper-mid,-17.79180180428786,31.06264124186559,4.74,6,5,204,1095,22,0,1,1,1,469414.98
Borrowdale,premium,-17.738004276030132,31.103738146119184,12.07,5,5,360,2142,17,0,1,1,1,841379.65
Greendale,upper-mid,-17.788045562163315,31.127797056283278,9.98,8,6,264,1556,24,1,1,0,1,482058.45
Vainona,upper-mid,-17.78108421549356,31.077371501300235,6.52,3,2,325,1746,35,0,0,0,1,317246.16
Borrowdale,premium,-17.738168885022525,31.09983022671614,11.84,7,6,353,1329,9,0,0,1,1,845450.04
Avonlea,middle,-17.76803413799168,30.99061406422783,9.07,4,4,122,419,28,0,0,1,1,253150.82
Avonlea,middle,-17.767708369266767,30.987390312280105,9.31,6,5,206,886,18,0,1,0,1,298677.68
Glen Lorne,premium,-17.746607079303562,31.182195959659456,17.29,3,2,398,2216,8,1,1,1,1,695433.57
Vainona,upper-mid,-17.78035855626464,31.082420296142747,6.89,1,1,264,1748,31,0,0,1,1,274254.38
Mufakose,township,-17.914068391307577,30.957708219069556,13.06,4,4,103,597,22,0,0,0,0,53780.61
Avonlea,middle,-17.775418811169448,30.99483925196876,8.15,4,3,189,1158,21,0,0,0,1,255523.46
Greendale,upper-mid,-17.78805419035468,31.131255954273186,10.3,3,2,322,2051,16,0,1,1,1,452064.81
Avondale,upper-mid,-17.79044916221851,31.02798289746726,4.86,3,3,255,1367,19,0,1,0,1,302223.99
Highlands,upper-mid,-17.791960469209776,31.06367065235829,4.77,5,4,247,1832,13,0,0,1,1,499364.58
Mabelreign,middle,-17.81045686513046,30.99025325554773,6.23,2,2,134,629,31,0,0,0,1,103068.8
Glen View,township,-17.926642017868243,30.972189721196237,13.13,3,2,104,440,29,0,0,0,1,36321.48
Glen View,township,-17.930833575702234,30.963619838493887,14.05,1,1,77,273,26,0,0,0,1,31901.23
Highlands,upper-mid,-17.787877739248422,31.069070460729762,5.43,2,1,257,830,16,0,1,0,1,362322.63
Vainona,upper-mid,-17.78266606579767,31.081567466946925,6.62,4,4,241,1397,23,1,0,0,1,427895.47
Ballantyne Park,premium,-17.75827661250135,31.078977459521564,8.85,3,3,412,1325,34,0,0,0,1,376477.51
Vainona,upper-mid,-17.77636311787257,31.077363111220112,6.97,4,3,196,1234,37,1,1,0,1,335196.39
Vainona,upper-mid,-17.77566207641019,31.075183103815853,6.93,2,1,233,1290,44,0,0,0,1,259865.32
Avonlea,middle,-17.76877445321981,30.992497209499106,8.88,1,1,175,1105,22,0,1,0,1,204404.81
Ballantyne Park,premium,-17.759478714061952,31.08114180288346,8.83,1,1,386,1473,27,1,1,1,1,370953.34
Glen View,township,-17.93180593858975,30.967746973597237,13.87,1,1,120,626,11,0,0,0,0,35108.03
Mt Pleasant,premium,-17.778409249053382,31.02166299702199,6.35,3,3,382,474,20,0,1,1,1,513615.37
Borrowdale,premium,-17.752330810358103,31.099647565916964,10.49,6,5,227,1323,24,1,1,1,1,777660.27
Mufakose,township,-17.90924802306219,30.960082995194416,12.51,1,1,106,495,14,0,0,0,0,33060.22
Belvedere,middle,-17.851394410692542,31.02528970823187,3.08,4,4,178,1267,21,0,1,1,1,201657.33
Greendale,upper-mid,-17.795041056683885,31.12906949587584,9.76,2,1,195,994,0,1,0,0,1,314031.46
Avonlea,middle,-17.76445277505681,30.987907278438502,9.55,3,3,176,922,9,0,0,0,1,266215.41
Highlands,upper-mid,-17.789790951451575,31.070373059399948,5.31,5,4,226,1039,25,0,0,1,1,409640.96
Ballantyne Park,premium,-17.766525088879302,31.07940551602121,8.04,1,1,378,1242,9,0,1,0,1,370511.4
Avondale,upper-mid,-17.793240446699063,31.020731699947277,4.92,4,4,286,864,24,0,0,0,1,338800.57
Greendale,upper-mid,-17.79000591043847,31.133023066594887,10.37,1,1,178,1454,36,0,0,0,1,245518.53
Avonlea,middle,-17.770467356729164,31.00085608526017,8.19,3,2,177,715,4,0,0,0,1,210715.86
